# Blender 4.0.2
# www.blender.org
o Grid
v -0.967188 0.000000 0.967188
v -0.800000 0.000000 1.000000
v -0.600000 0.000000 1.000000
v -0.400000 0.000000 1.000000
v -0.200000 0.000000 1.000000
v 0.000000 0.000000 1.000000
v 0.200000 0.000000 1.000000
v 0.400000 0.000000 1.000000
v 0.600000 0.000000 1.000000
v 0.800000 0.000000 1.000000
v 0.967188 0.000000 0.967188
v -1.000000 0.000000 0.800000
v -0.800000 0.000000 0.800000
v -0.600000 0.000000 0.800000
v -0.400000 0.000486 0.800000
v -0.200000 0.002703 0.800000
v 0.000000 0.004008 0.800000
v 0.200000 0.002703 0.800000
v 0.400000 0.000486 0.800000
v 0.600000 0.000000 0.800000
v 0.800000 0.000000 0.800000
v 1.000000 0.000000 0.800000
v -1.000000 0.000000 0.600000
v -0.800000 0.000000 0.600000
v -0.600000 0.001106 0.600000
v -0.400000 0.009187 0.600000
v -0.200000 0.026917 0.600000
v 0.000000 0.036565 0.600000
v 0.200000 0.026917 0.600000
v 0.400000 0.009187 0.600000
v 0.600000 0.001106 0.600000
v 0.800000 0.000000 0.600000
v 1.000000 0.000000 0.600000
v -1.000000 0.000000 0.400000
v -0.800000 0.000486 0.400000
v -0.600000 0.009187 0.400000
v -0.400000 0.047558 0.400000
v -0.200000 0.103472 0.400000
v 0.000000 0.131569 0.400000
v 0.200000 0.103472 0.400000
v 0.400000 0.047558 0.400000
v 0.600000 0.009187 0.400000
v 0.800000 0.000486 0.400000
v 1.000000 0.000000 0.400000
v -1.000000 0.000000 0.200000
v -0.800000 0.002703 0.200000
v -0.600000 0.026917 0.200000
v -0.400000 0.103472 0.200000
v -0.200000 0.208535 0.200000
v 0.000000 0.260896 0.200000
v 0.200000 0.208535 0.200000
v 0.400000 0.103472 0.200000
v 0.600000 0.026917 0.200000
v 0.800000 0.002703 0.200000
v 1.000000 0.000000 0.200000
v -1.000000 0.000000 -0.000000
v -0.800000 0.004008 -0.000000
v -0.600000 0.036565 -0.000000
v -0.400000 0.131569 -0.000000
v -0.200000 0.260896 -0.000000
v 0.000000 0.325417 -0.000000
v 0.200000 0.260896 -0.000000
v 0.400000 0.131569 -0.000000
v 0.600000 0.036565 -0.000000
v 0.800000 0.004008 -0.000000
v 1.000000 0.000000 -0.000000
v -1.000000 0.000000 -0.200000
v -0.800000 0.002703 -0.200000
v -0.600000 0.026917 -0.200000
v -0.400000 0.103472 -0.200000
v -0.200000 0.208535 -0.200000
v 0.000000 0.260896 -0.200000
v 0.200000 0.208535 -0.200000
v 0.400000 0.103472 -0.200000
v 0.600000 0.026917 -0.200000
v 0.800000 0.002703 -0.200000
v 1.000000 0.000000 -0.200000
v -1.000000 0.000000 -0.400000
v -0.800000 0.000486 -0.400000
v -0.600000 0.009187 -0.400000
v -0.400000 0.047558 -0.400000
v -0.200000 0.103472 -0.400000
v 0.000000 0.131569 -0.400000
v 0.200000 0.103472 -0.400000
v 0.400000 0.047558 -0.400000
v 0.600000 0.009187 -0.400000
v 0.800000 0.000486 -0.400000
v 1.000000 0.000000 -0.400000
v -1.000000 0.000000 -0.600000
v -0.800000 0.000000 -0.600000
v -0.600000 0.001106 -0.600000
v -0.400000 0.009187 -0.600000
v -0.200000 0.026917 -0.600000
v 0.000000 0.036565 -0.600000
v 0.200000 0.026917 -0.600000
v 0.400000 0.009187 -0.600000
v 0.600000 0.001106 -0.600000
v 0.800000 0.000000 -0.600000
v 1.000000 0.000000 -0.600000
v -1.000000 0.000000 -0.800000
v -0.800000 0.000000 -0.800000
v -0.600000 0.000000 -0.800000
v -0.400000 0.000486 -0.800000
v -0.200000 0.002703 -0.800000
v 0.000000 0.004008 -0.800000
v 0.200000 0.002703 -0.800000
v 0.400000 0.000486 -0.800000
v 0.600000 0.000000 -0.800000
v 0.800000 0.000000 -0.800000
v 1.000000 0.000000 -0.800000
v -0.967188 0.000000 -0.967188
v -0.800000 0.000000 -1.000000
v -0.600000 0.000000 -1.000000
v -0.400000 0.000000 -1.000000
v -0.200000 0.000000 -1.000000
v 0.000000 0.000000 -1.000000
v 0.200000 0.000000 -1.000000
v 0.400000 0.000000 -1.000000
v 0.600000 0.000000 -1.000000
v 0.800000 0.000000 -1.000000
v 0.967188 0.000000 -0.967188
v -0.999479 0.000000 0.849479
v -0.995833 0.000000 0.895833
v -0.985938 0.000000 0.935938
v -0.935938 0.000000 0.985938
v -0.895833 0.000000 0.995833
v -0.849479 0.000000 0.999479
v -0.800000 0.000000 0.950000
v -0.800000 0.000000 0.900000
v -0.800000 0.000000 0.850000
v -0.850000 0.000000 0.800000
v -0.900000 0.000000 0.800000
v -0.950000 0.000000 0.800000
v -0.750000 0.000000 1.000000
v -0.700000 0.000000 1.000000
v -0.650000 0.000000 1.000000
v -0.600000 0.000000 0.950000
v -0.600000 0.000000 0.900000
v -0.600000 0.000000 0.850000
v -0.650000 0.000000 0.800000
v -0.700000 0.000000 0.800000
v -0.750000 0.000000 0.800000
v -0.550000 0.000000 1.000000
v -0.500000 0.000000 1.000000
v -0.450000 0.000000 1.000000
v -0.400000 0.000008 0.950000
v -0.400000 0.000061 0.900000
v -0.400000 0.000205 0.850000
v -0.450000 0.000205 0.800000
v -0.500000 0.000061 0.800000
v -0.550000 0.000008 0.800000
v -0.350000 0.000000 1.000000
v -0.300000 0.000000 1.000000
v -0.250000 0.000000 1.000000
v -0.200000 0.000042 0.950000
v -0.200000 0.000338 0.900000
v -0.200000 0.001140 0.850000
v -0.250000 0.002104 0.800000
v -0.300000 0.001492 0.800000
v -0.350000 0.000930 0.800000
v -0.150000 0.000000 1.000000
v -0.100000 0.000000 1.000000
v -0.050000 0.000000 1.000000
v 0.000000 0.000063 0.950000
v 0.000000 0.000501 0.900000
v 0.000000 0.001691 0.850000
v -0.050000 0.003911 0.800000
v -0.100000 0.003640 0.800000
v -0.150000 0.003227 0.800000
v 0.050000 0.000000 1.000000
v 0.100000 0.000000 1.000000
v 0.150000 0.000000 1.000000
v 0.200000 0.000042 0.950000
v 0.200000 0.000338 0.900000
v 0.200000 0.001140 0.850000
v 0.150000 0.003227 0.800000
v 0.100000 0.003640 0.800000
v 0.050000 0.003911 0.800000
v 0.250000 0.000000 1.000000
v 0.300000 0.000000 1.000000
v 0.350000 0.000000 1.000000
v 0.400000 0.000008 0.950000
v 0.400000 0.000061 0.900000
v 0.400000 0.000205 0.850000
v 0.350000 0.000930 0.800000
v 0.300000 0.001492 0.800000
v 0.250000 0.002104 0.800000
v 0.450000 0.000000 1.000000
v 0.500000 0.000000 1.000000
v 0.550000 0.000000 1.000000
v 0.600000 0.000000 0.950000
v 0.600000 0.000000 0.900000
v 0.600000 0.000000 0.850000
v 0.550000 0.000008 0.800000
v 0.500000 0.000061 0.800000
v 0.450000 0.000205 0.800000
v 0.650000 0.000000 1.000000
v 0.700000 0.000000 1.000000
v 0.750000 0.000000 1.000000
v 0.800000 0.000000 0.950000
v 0.800000 0.000000 0.900000
v 0.800000 0.000000 0.850000
v 0.750000 0.000000 0.800000
v 0.700000 0.000000 0.800000
v 0.650000 0.000000 0.800000
v 0.849479 0.000000 0.999479
v 0.895833 0.000000 0.995833
v 0.935938 0.000000 0.985938
v 0.985938 0.000000 0.935938
v 0.995833 0.000000 0.895833
v 0.999479 0.000000 0.849479
v 0.950000 0.000000 0.800000
v 0.900000 0.000000 0.800000
v 0.850000 0.000000 0.800000
v -1.000000 0.000000 0.650000
v -1.000000 0.000000 0.700000
v -1.000000 0.000000 0.750000
v -0.800000 0.000000 0.750000
v -0.800000 0.000000 0.700000
v -0.800000 0.000000 0.650000
v -0.850000 0.000000 0.600000
v -0.900000 0.000000 0.600000
v -0.950000 0.000000 0.600000
v -0.600000 0.000017 0.750000
v -0.600000 0.000138 0.700000
v -0.600000 0.000467 0.650000
v -0.650000 0.000467 0.600000
v -0.700000 0.000138 0.600000
v -0.750000 0.000017 0.600000
v -0.400000 0.001032 0.750000
v -0.400000 0.002302 0.700000
v -0.400000 0.004840 0.650000
v -0.450000 0.006071 0.600000
v -0.500000 0.003776 0.600000
v -0.550000 0.002166 0.600000
v -0.200000 0.005361 0.750000
v -0.200000 0.009783 0.700000
v -0.200000 0.016718 0.650000
v -0.250000 0.022431 0.600000
v -0.300000 0.017718 0.600000
v -0.350000 0.013172 0.600000
v 0.000000 0.007899 0.750000
v 0.000000 0.014090 0.700000
v 0.000000 0.023379 0.650000
v -0.050000 0.035852 0.600000
v -0.100000 0.033861 0.600000
v -0.150000 0.030809 0.600000
v 0.200000 0.005361 0.750000
v 0.200000 0.009783 0.700000
v 0.200000 0.016718 0.650000
v 0.150000 0.030809 0.600000
v 0.100000 0.033861 0.600000
v 0.050000 0.035852 0.600000
v 0.400000 0.001032 0.750000
v 0.400000 0.002302 0.700000
v 0.400000 0.004840 0.650000
v 0.350000 0.013172 0.600000
v 0.300000 0.017718 0.600000
v 0.250000 0.022431 0.600000
v 0.600000 0.000017 0.750000
v 0.600000 0.000138 0.700000
v 0.600000 0.000467 0.650000
v 0.550000 0.002166 0.600000
v 0.500000 0.003776 0.600000
v 0.450000 0.006071 0.600000
v 0.800000 0.000000 0.750000
v 0.800000 0.000000 0.700000
v 0.800000 0.000000 0.650000
v 0.750000 0.000017 0.600000
v 0.700000 0.000138 0.600000
v 0.650000 0.000467 0.600000
v 1.000000 0.000000 0.750000
v 1.000000 0.000000 0.700000
v 1.000000 0.000000 0.650000
v 0.950000 0.000000 0.600000
v 0.900000 0.000000 0.600000
v 0.850000 0.000000 0.600000
v -1.000000 0.000000 0.450000
v -1.000000 0.000000 0.500000
v -1.000000 0.000000 0.550000
v -0.800000 0.000008 0.550000
v -0.800000 0.000061 0.500000
v -0.800000 0.000205 0.450000
v -0.850000 0.000205 0.400000
v -0.900000 0.000061 0.400000
v -0.950000 0.000008 0.400000
v -0.600000 0.002166 0.550000
v -0.600000 0.003776 0.500000
v -0.600000 0.006071 0.450000
v -0.650000 0.004840 0.400000
v -0.700000 0.002302 0.400000
v -0.750000 0.001032 0.400000
v -0.400000 0.015762 0.550000
v -0.400000 0.024485 0.500000
v -0.400000 0.035152 0.450000
v -0.450000 0.035152 0.400000
v -0.500000 0.024485 0.400000
v -0.550000 0.015762 0.400000
v -0.200000 0.040942 0.550000
v -0.200000 0.058619 0.500000
v -0.200000 0.079583 0.450000
v -0.250000 0.090209 0.400000
v -0.300000 0.075894 0.400000
v -0.350000 0.061389 0.400000
v 0.000000 0.054246 0.550000
v 0.000000 0.076233 0.500000
v 0.000000 0.102137 0.450000
v -0.050000 0.129513 0.400000
v -0.100000 0.123746 0.400000
v -0.150000 0.114866 0.400000
v 0.200000 0.040942 0.550000
v 0.200000 0.058619 0.500000
v 0.200000 0.079583 0.450000
v 0.150000 0.114865 0.400000
v 0.100000 0.123746 0.400000
v 0.050000 0.129513 0.400000
v 0.400000 0.015762 0.550000
v 0.400000 0.024485 0.500000
v 0.400000 0.035152 0.450000
v 0.350000 0.061389 0.400000
v 0.300000 0.075894 0.400000
v 0.250000 0.090209 0.400000
v 0.600000 0.002166 0.550000
v 0.600000 0.003776 0.500000
v 0.600000 0.006071 0.450000
v 0.550000 0.015762 0.400000
v 0.500000 0.024485 0.400000
v 0.450000 0.035152 0.400000
v 0.800000 0.000008 0.550000
v 0.800000 0.000061 0.500000
v 0.800000 0.000205 0.450000
v 0.750000 0.001032 0.400000
v 0.700000 0.002302 0.400000
v 0.650000 0.004840 0.400000
v 1.000000 0.000000 0.550000
v 1.000000 0.000000 0.500000
v 1.000000 0.000000 0.450000
v 0.950000 0.000008 0.400000
v 0.900000 0.000061 0.400000
v 0.850000 0.000205 0.400000
v -1.000000 0.000000 0.250000
v -1.000000 0.000000 0.300000
v -1.000000 0.000000 0.350000
v -0.800000 0.000930 0.350000
v -0.800000 0.001492 0.300000
v -0.800000 0.002104 0.250000
v -0.850000 0.001140 0.200000
v -0.900000 0.000338 0.200000
v -0.950000 0.000042 0.200000
v -0.600000 0.013172 0.350000
v -0.600000 0.017718 0.300000
v -0.600000 0.022431 0.250000
v -0.650000 0.016718 0.200000
v -0.700000 0.009783 0.200000
v -0.750000 0.005361 0.200000
v -0.400000 0.061389 0.350000
v -0.400000 0.075894 0.300000
v -0.400000 0.090209 0.250000
v -0.450000 0.079583 0.200000
v -0.500000 0.058619 0.200000
v -0.550000 0.040942 0.200000
v -0.200000 0.129729 0.350000
v -0.200000 0.157015 0.300000
v -0.200000 0.183795 0.250000
v -0.250000 0.183795 0.200000
v -0.300000 0.157015 0.200000
v -0.350000 0.129729 0.200000
v 0.000000 0.163893 0.350000
v 0.000000 0.197476 0.300000
v 0.000000 0.230438 0.250000
v -0.050000 0.257066 0.200000
v -0.100000 0.246320 0.200000
v -0.150000 0.229772 0.200000
v 0.200000 0.129729 0.350000
v 0.200000 0.157014 0.300000
v 0.200000 0.183794 0.250000
v 0.150000 0.229771 0.200000
v 0.100000 0.246320 0.200000
v 0.050000 0.257066 0.200000
v 0.400000 0.061389 0.350000
v 0.400000 0.075894 0.300000
v 0.400000 0.090209 0.250000
v 0.350000 0.129729 0.200000
v 0.300000 0.157015 0.200000
v 0.250000 0.183794 0.200000
v 0.600000 0.013172 0.350000
v 0.600000 0.017718 0.300000
v 0.600000 0.022431 0.250000
v 0.550000 0.040942 0.200000
v 0.500000 0.058619 0.200000
v 0.450000 0.079583 0.200000
v 0.800000 0.000930 0.350000
v 0.800000 0.001492 0.300000
v 0.800000 0.002104 0.250000
v 0.750000 0.005361 0.200000
v 0.700000 0.009783 0.200000
v 0.650000 0.016718 0.200000
v 1.000000 0.000000 0.350000
v 1.000000 0.000000 0.300000
v 1.000000 0.000000 0.250000
v 0.950000 0.000042 0.200000
v 0.900000 0.000338 0.200000
v 0.850000 0.001140 0.200000
v -1.000000 0.000000 0.050000
v -1.000000 0.000000 0.100000
v -1.000000 0.000000 0.150000
v -0.800000 0.003227 0.150000
v -0.800000 0.003640 0.100000
v -0.800000 0.003911 0.050000
v -0.850000 0.001691 -0.000000
v -0.900000 0.000501 -0.000000
v -0.950000 0.000063 -0.000000
v -0.600000 0.030809 0.150000
v -0.600000 0.033861 0.100000
v -0.600000 0.035852 0.050000
v -0.650000 0.023379 -0.000000
v -0.700000 0.014090 -0.000000
v -0.750000 0.007899 -0.000000
v -0.400000 0.114866 0.150000
v -0.400000 0.123746 0.100000
v -0.400000 0.129513 0.050000
v -0.450000 0.102137 -0.000000
v -0.500000 0.076233 -0.000000
v -0.550000 0.054246 -0.000000
v -0.200000 0.229771 0.150000
v -0.200000 0.246320 0.100000
v -0.200000 0.257066 0.050000
v -0.250000 0.230438 -0.000000
v -0.300000 0.197476 -0.000000
v -0.350000 0.163893 -0.000000
v 0.000000 0.287054 0.150000
v 0.000000 0.307446 0.100000
v 0.000000 0.320694 0.050000
v -0.050000 0.320694 -0.000000
v -0.100000 0.307446 -0.000000
v -0.150000 0.287053 -0.000000
v 0.200000 0.229771 0.150000
v 0.200000 0.246320 0.100000
v 0.200000 0.257066 0.050000
v 0.150000 0.287053 -0.000000
v 0.100000 0.307446 -0.000000
v 0.050000 0.320694 -0.000000
v 0.400000 0.114866 0.150000
v 0.400000 0.123746 0.100000
v 0.400000 0.129513 0.050000
v 0.350000 0.163893 -0.000000
v 0.300000 0.197476 -0.000000
v 0.250000 0.230438 -0.000000
v 0.600000 0.030809 0.150000
v 0.600000 0.033861 0.100000
v 0.600000 0.035852 0.050000
v 0.550000 0.054246 -0.000000
v 0.500000 0.076233 -0.000000
v 0.450000 0.102137 -0.000000
v 0.800000 0.003227 0.150000
v 0.800000 0.003640 0.100000
v 0.800000 0.003911 0.050000
v 0.750000 0.007899 -0.000000
v 0.700000 0.014090 -0.000000
v 0.650000 0.023379 -0.000000
v 1.000000 0.000000 0.150000
v 1.000000 0.000000 0.100000
v 1.000000 0.000000 0.050000
v 0.950000 0.000063 -0.000000
v 0.900000 0.000501 -0.000000
v 0.850000 0.001691 -0.000000
v -1.000000 0.000000 -0.150000
v -1.000000 0.000000 -0.100000
v -1.000000 0.000000 -0.050000
v -0.800000 0.003911 -0.050000
v -0.800000 0.003640 -0.100000
v -0.800000 0.003227 -0.150000
v -0.850000 0.001140 -0.200000
v -0.900000 0.000338 -0.200000
v -0.950000 0.000042 -0.200000
v -0.600000 0.035852 -0.050000
v -0.600000 0.033861 -0.100000
v -0.600000 0.030809 -0.150000
v -0.650000 0.016718 -0.200000
v -0.700000 0.009783 -0.200000
v -0.750000 0.005361 -0.200000
v -0.400000 0.129513 -0.050000
v -0.400000 0.123746 -0.100000
v -0.400000 0.114865 -0.150000
v -0.450000 0.079583 -0.200000
v -0.500000 0.058619 -0.200000
v -0.550000 0.040942 -0.200000
v -0.200000 0.257066 -0.050000
v -0.200000 0.246320 -0.100000
v -0.200000 0.229771 -0.150000
v -0.250000 0.183795 -0.200000
v -0.300000 0.157014 -0.200000
v -0.350000 0.129729 -0.200000
v 0.000000 0.320694 -0.050000
v 0.000000 0.307446 -0.100000
v 0.000000 0.287053 -0.150000
v -0.050000 0.257066 -0.200000
v -0.100000 0.246320 -0.200000
v -0.150000 0.229771 -0.200000
v 0.200000 0.257066 -0.050000
v 0.200000 0.246320 -0.100000
v 0.200000 0.229771 -0.150000
v 0.150000 0.229771 -0.200000
v 0.100000 0.246320 -0.200000
v 0.050000 0.257066 -0.200000
v 0.400000 0.129513 -0.050000
v 0.400000 0.123746 -0.100000
v 0.400000 0.114865 -0.150000
v 0.350000 0.129729 -0.200000
v 0.300000 0.157014 -0.200000
v 0.250000 0.183794 -0.200000
v 0.600000 0.035852 -0.050000
v 0.600000 0.033861 -0.100000
v 0.600000 0.030809 -0.150000
v 0.550000 0.040942 -0.200000
v 0.500000 0.058619 -0.200000
v 0.450000 0.079583 -0.200000
v 0.800000 0.003911 -0.050000
v 0.800000 0.003640 -0.100000
v 0.800000 0.003227 -0.150000
v 0.750000 0.005361 -0.200000
v 0.700000 0.009783 -0.200000
v 0.650000 0.016718 -0.200000
v 1.000000 0.000000 -0.050000
v 1.000000 0.000000 -0.100000
v 1.000000 0.000000 -0.150000
v 0.950000 0.000042 -0.200000
v 0.900000 0.000338 -0.200000
v 0.850000 0.001140 -0.200000
v -1.000000 0.000000 -0.350000
v -1.000000 0.000000 -0.300000
v -1.000000 0.000000 -0.250000
v -0.800000 0.002104 -0.250000
v -0.800000 0.001492 -0.300000
v -0.800000 0.000930 -0.350000
v -0.850000 0.000205 -0.400000
v -0.900000 0.000061 -0.400000
v -0.950000 0.000008 -0.400000
v -0.600000 0.022431 -0.250000
v -0.600000 0.017718 -0.300000
v -0.600000 0.013172 -0.350000
v -0.650000 0.004840 -0.400000
v -0.700000 0.002302 -0.400000
v -0.750000 0.001032 -0.400000
v -0.400000 0.090209 -0.250000
v -0.400000 0.075894 -0.300000
v -0.400000 0.061389 -0.350000
v -0.450000 0.035152 -0.400000
v -0.500000 0.024485 -0.400000
v -0.550000 0.015762 -0.400000
v -0.200000 0.183794 -0.250000
v -0.200000 0.157015 -0.300000
v -0.200000 0.129729 -0.350000
v -0.250000 0.090209 -0.400000
v -0.300000 0.075894 -0.400000
v -0.350000 0.061389 -0.400000
v 0.000000 0.230438 -0.250000
v 0.000000 0.197476 -0.300000
v 0.000000 0.163893 -0.350000
v -0.050000 0.129513 -0.400000
v -0.100000 0.123746 -0.400000
v -0.150000 0.114866 -0.400000
v 0.200000 0.183794 -0.250000
v 0.200000 0.157014 -0.300000
v 0.200000 0.129729 -0.350000
v 0.150000 0.114865 -0.400000
v 0.100000 0.123746 -0.400000
v 0.050000 0.129513 -0.400000
v 0.400000 0.090209 -0.250000
v 0.400000 0.075894 -0.300000
v 0.400000 0.061389 -0.350000
v 0.350000 0.061389 -0.400000
v 0.300000 0.075894 -0.400000
v 0.250000 0.090209 -0.400000
v 0.600000 0.022431 -0.250000
v 0.600000 0.017718 -0.300000
v 0.600000 0.013172 -0.350000
v 0.550000 0.015762 -0.400000
v 0.500000 0.024485 -0.400000
v 0.450000 0.035152 -0.400000
v 0.800000 0.002104 -0.250000
v 0.800000 0.001492 -0.300000
v 0.800000 0.000930 -0.350000
v 0.750000 0.001032 -0.400000
v 0.700000 0.002302 -0.400000
v 0.650000 0.004840 -0.400000
v 1.000000 0.000000 -0.250000
v 1.000000 0.000000 -0.300000
v 1.000000 0.000000 -0.350000
v 0.950000 0.000008 -0.400000
v 0.900000 0.000061 -0.400000
v 0.850000 0.000205 -0.400000
v -1.000000 0.000000 -0.550000
v -1.000000 0.000000 -0.500000
v -1.000000 0.000000 -0.450000
v -0.800000 0.000205 -0.450000
v -0.800000 0.000061 -0.500000
v -0.800000 0.000008 -0.550000
v -0.850000 0.000000 -0.600000
v -0.900000 0.000000 -0.600000
v -0.950000 0.000000 -0.600000
v -0.600000 0.006071 -0.450000
v -0.600000 0.003776 -0.500000
v -0.600000 0.002166 -0.550000
v -0.650000 0.000467 -0.600000
v -0.700000 0.000138 -0.600000
v -0.750000 0.000017 -0.600000
v -0.400000 0.035152 -0.450000
v -0.400000 0.024485 -0.500000
v -0.400000 0.015762 -0.550000
v -0.450000 0.006071 -0.600000
v -0.500000 0.003776 -0.600000
v -0.550000 0.002166 -0.600000
v -0.200000 0.079583 -0.450000
v -0.200000 0.058619 -0.500000
v -0.200000 0.040942 -0.550000
v -0.250000 0.022431 -0.600000
v -0.300000 0.017718 -0.600000
v -0.350000 0.013172 -0.600000
v 0.000000 0.102137 -0.450000
v 0.000000 0.076233 -0.500000
v 0.000000 0.054246 -0.550000
v -0.050000 0.035852 -0.600000
v -0.100000 0.033861 -0.600000
v -0.150000 0.030809 -0.600000
v 0.200000 0.079583 -0.450000
v 0.200000 0.058619 -0.500000
v 0.200000 0.040942 -0.550000
v 0.150000 0.030809 -0.600000
v 0.100000 0.033861 -0.600000
v 0.050000 0.035852 -0.600000
v 0.400000 0.035152 -0.450000
v 0.400000 0.024485 -0.500000
v 0.400000 0.015762 -0.550000
v 0.350000 0.013172 -0.600000
v 0.300000 0.017718 -0.600000
v 0.250000 0.022431 -0.600000
v 0.600000 0.006071 -0.450000
v 0.600000 0.003776 -0.500000
v 0.600000 0.002166 -0.550000
v 0.550000 0.002166 -0.600000
v 0.500000 0.003776 -0.600000
v 0.450000 0.006071 -0.600000
v 0.800000 0.000205 -0.450000
v 0.800000 0.000061 -0.500000
v 0.800000 0.000008 -0.550000
v 0.750000 0.000017 -0.600000
v 0.700000 0.000138 -0.600000
v 0.650000 0.000467 -0.600000
v 1.000000 0.000000 -0.450000
v 1.000000 0.000000 -0.500000
v 1.000000 0.000000 -0.550000
v 0.950000 0.000000 -0.600000
v 0.900000 0.000000 -0.600000
v 0.850000 0.000000 -0.600000
v -1.000000 0.000000 -0.750000
v -1.000000 0.000000 -0.700000
v -1.000000 0.000000 -0.650000
v -0.800000 0.000000 -0.650000
v -0.800000 0.000000 -0.700000
v -0.800000 0.000000 -0.750000
v -0.850000 0.000000 -0.800000
v -0.900000 0.000000 -0.800000
v -0.950000 0.000000 -0.800000
v -0.600000 0.000467 -0.650000
v -0.600000 0.000138 -0.700000
v -0.600000 0.000017 -0.750000
v -0.650000 0.000000 -0.800000
v -0.700000 0.000000 -0.800000
v -0.750000 0.000000 -0.800000
v -0.400000 0.004840 -0.650000
v -0.400000 0.002302 -0.700000
v -0.400000 0.001032 -0.750000
v -0.450000 0.000205 -0.800000
v -0.500000 0.000061 -0.800000
v -0.550000 0.000008 -0.800000
v -0.200000 0.016718 -0.650000
v -0.200000 0.009783 -0.700000
v -0.200000 0.005361 -0.750000
v -0.250000 0.002104 -0.800000
v -0.300000 0.001492 -0.800000
v -0.350000 0.000930 -0.800000
v 0.000000 0.023379 -0.650000
v 0.000000 0.014090 -0.700000
v 0.000000 0.007899 -0.750000
v -0.050000 0.003911 -0.800000
v -0.100000 0.003640 -0.800000
v -0.150000 0.003227 -0.800000
v 0.200000 0.016718 -0.650000
v 0.200000 0.009783 -0.700000
v 0.200000 0.005361 -0.750000
v 0.150000 0.003227 -0.800000
v 0.100000 0.003640 -0.800000
v 0.050000 0.003911 -0.800000
v 0.400000 0.004840 -0.650000
v 0.400000 0.002302 -0.700000
v 0.400000 0.001032 -0.750000
v 0.350000 0.000930 -0.800000
v 0.300000 0.001492 -0.800000
v 0.250000 0.002104 -0.800000
v 0.600000 0.000467 -0.650000
v 0.600000 0.000138 -0.700000
v 0.600000 0.000017 -0.750000
v 0.550000 0.000008 -0.800000
v 0.500000 0.000061 -0.800000
v 0.450000 0.000205 -0.800000
v 0.800000 0.000000 -0.650000
v 0.800000 0.000000 -0.700000
v 0.800000 0.000000 -0.750000
v 0.750000 0.000000 -0.800000
v 0.700000 0.000000 -0.800000
v 0.650000 0.000000 -0.800000
v 1.000000 0.000000 -0.650000
v 1.000000 0.000000 -0.700000
v 1.000000 0.000000 -0.750000
v 0.950000 0.000000 -0.800000
v 0.900000 0.000000 -0.800000
v 0.850000 0.000000 -0.800000
v -0.985938 0.000000 -0.935938
v -0.995833 0.000000 -0.895833
v -0.999479 0.000000 -0.849479
v -0.800000 0.000000 -0.850000
v -0.800000 0.000000 -0.900000
v -0.800000 0.000000 -0.950000
v -0.849479 0.000000 -0.999479
v -0.895833 0.000000 -0.995833
v -0.935938 0.000000 -0.985938
v -0.600000 0.000000 -0.850000
v -0.600000 0.000000 -0.900000
v -0.600000 0.000000 -0.950000
v -0.650000 0.000000 -1.000000
v -0.700000 0.000000 -1.000000
v -0.750000 0.000000 -1.000000
v -0.400000 0.000205 -0.850000
v -0.400000 0.000061 -0.900000
v -0.400000 0.000008 -0.950000
v -0.450000 0.000000 -1.000000
v -0.500000 0.000000 -1.000000
v -0.550000 0.000000 -1.000000
v -0.200000 0.001140 -0.850000
v -0.200000 0.000338 -0.900000
v -0.200000 0.000042 -0.950000
v -0.250000 0.000000 -1.000000
v -0.300000 0.000000 -1.000000
v -0.350000 0.000000 -1.000000
v 0.000000 0.001691 -0.850000
v 0.000000 0.000501 -0.900000
v 0.000000 0.000063 -0.950000
v -0.050000 0.000000 -1.000000
v -0.100000 0.000000 -1.000000
v -0.150000 0.000000 -1.000000
v 0.200000 0.001140 -0.850000
v 0.200000 0.000338 -0.900000
v 0.200000 0.000042 -0.950000
v 0.150000 0.000000 -1.000000
v 0.100000 0.000000 -1.000000
v 0.050000 0.000000 -1.000000
v 0.400000 0.000205 -0.850000
v 0.400000 0.000061 -0.900000
v 0.400000 0.000008 -0.950000
v 0.350000 0.000000 -1.000000
v 0.300000 0.000000 -1.000000
v 0.250000 0.000000 -1.000000
v 0.600000 0.000000 -0.850000
v 0.600000 0.000000 -0.900000
v 0.600000 0.000000 -0.950000
v 0.550000 0.000000 -1.000000
v 0.500000 0.000000 -1.000000
v 0.450000 0.000000 -1.000000
v 0.800000 0.000000 -0.850000
v 0.800000 0.000000 -0.900000
v 0.800000 0.000000 -0.950000
v 0.750000 0.000000 -1.000000
v 0.700000 0.000000 -1.000000
v 0.650000 0.000000 -1.000000
v 0.999479 0.000000 -0.849479
v 0.995833 0.000000 -0.895833
v 0.985938 0.000000 -0.935938
v 0.935938 0.000000 -0.985938
v 0.895833 0.000000 -0.995833
v 0.849479 0.000000 -0.999479
v -0.943045 0.000000 0.943045
v -0.897830 0.000000 0.947830
v -0.849729 0.000000 0.949729
v -0.947830 0.000000 0.897830
v -0.899306 0.000000 0.899306
v -0.849913 0.000000 0.899913
v -0.949729 0.000000 0.849729
v -0.899913 0.000000 0.849913
v -0.849989 0.000000 0.849989
v -0.750000 0.000000 0.950000
v -0.700000 0.000000 0.950000
v -0.650000 0.000000 0.950000
v -0.750000 0.000000 0.900000
v -0.700000 0.000000 0.900000
v -0.650000 0.000000 0.900000
v -0.750000 0.000000 0.850000
v -0.700000 0.000000 0.850000
v -0.650000 0.000000 0.850000
v -0.550000 0.000000 0.950000
v -0.500000 0.000001 0.950000
v -0.450000 0.000003 0.950000
v -0.550000 0.000001 0.900000
v -0.500000 0.000008 0.900000
v -0.450000 0.000026 0.900000
v -0.550000 0.000003 0.850000
v -0.500000 0.000026 0.850000
v -0.450000 0.000086 0.850000
v -0.350000 0.000015 0.950000
v -0.300000 0.000023 0.950000
v -0.250000 0.000033 0.950000
v -0.350000 0.000116 0.900000
v -0.300000 0.000186 0.900000
v -0.250000 0.000263 0.900000
v -0.350000 0.000393 0.850000
v -0.300000 0.000629 0.850000
v -0.250000 0.000888 0.850000
v -0.150000 0.000050 0.950000
v -0.100000 0.000057 0.950000
v -0.050000 0.000061 0.950000
v -0.150000 0.000403 0.900000
v -0.100000 0.000455 0.900000
v -0.050000 0.000489 0.900000
v -0.150000 0.001361 0.850000
v -0.100000 0.001536 0.850000
v -0.050000 0.001650 0.850000
v 0.050000 0.000061 0.950000
v 0.100000 0.000057 0.950000
v 0.150000 0.000050 0.950000
v 0.050000 0.000489 0.900000
v 0.100000 0.000455 0.900000
v 0.150000 0.000403 0.900000
v 0.050000 0.001650 0.850000
v 0.100000 0.001536 0.850000
v 0.150000 0.001361 0.850000
v 0.250000 0.000033 0.950000
v 0.300000 0.000023 0.950000
v 0.350000 0.000015 0.950000
v 0.250000 0.000263 0.900000
v 0.300000 0.000186 0.900000
v 0.350000 0.000116 0.900000
v 0.250000 0.000888 0.850000
v 0.300000 0.000629 0.850000
v 0.350000 0.000393 0.850000
v 0.450000 0.000003 0.950000
v 0.500000 0.000001 0.950000
v 0.550000 0.000000 0.950000
v 0.450000 0.000026 0.900000
v 0.500000 0.000008 0.900000
v 0.550000 0.000001 0.900000
v 0.450000 0.000086 0.850000
v 0.500000 0.000026 0.850000
v 0.550000 0.000003 0.850000
v 0.650000 0.000000 0.950000
v 0.700000 0.000000 0.950000
v 0.750000 0.000000 0.950000
v 0.650000 0.000000 0.900000
v 0.700000 0.000000 0.900000
v 0.750000 0.000000 0.900000
v 0.650000 0.000000 0.850000
v 0.700000 0.000000 0.850000
v 0.750000 0.000000 0.850000
v 0.849729 0.000000 0.949729
v 0.897830 0.000000 0.947830
v 0.943045 0.000000 0.943045
v 0.849913 0.000000 0.899913
v 0.899306 0.000000 0.899306
v 0.947830 0.000000 0.897830
v 0.849989 0.000000 0.849989
v 0.899913 0.000000 0.849913
v 0.949729 0.000000 0.849729
v -0.950000 0.000000 0.750000
v -0.900000 0.000000 0.750000
v -0.850000 0.000000 0.750000
v -0.950000 0.000000 0.700000
v -0.900000 0.000000 0.700000
v -0.850000 0.000000 0.700000
v -0.950000 0.000000 0.650000
v -0.900000 0.000000 0.650000
v -0.850000 0.000000 0.650000
v -0.750000 0.000000 0.750000
v -0.700000 0.000002 0.750000
v -0.650000 0.000007 0.750000
v -0.750000 0.000002 0.700000
v -0.700000 0.000017 0.700000
v -0.650000 0.000058 0.700000
v -0.750000 0.000007 0.650000
v -0.700000 0.000058 0.650000
v -0.650000 0.000197 0.650000
v -0.550000 0.000048 0.750000
v -0.500000 0.000170 0.750000
v -0.450000 0.000470 0.750000
v -0.550000 0.000289 0.700000
v -0.500000 0.000616 0.700000
v -0.450000 0.001246 0.700000
v -0.550000 0.000929 0.650000
v -0.500000 0.001713 0.650000
v -0.450000 0.002968 0.650000
v -0.350000 0.001907 0.750000
v -0.300000 0.003004 0.750000
v -0.250000 0.004197 0.750000
v -0.350000 0.003856 0.700000
v -0.300000 0.005758 0.700000
v -0.250000 0.007802 0.700000
v -0.350000 0.007403 0.650000
v -0.300000 0.010435 0.650000
v -0.250000 0.013639 0.650000
v -0.150000 0.006380 0.750000
v -0.100000 0.007183 0.750000
v -0.050000 0.007710 0.750000
v -0.150000 0.011515 0.700000
v -0.100000 0.012878 0.700000
v -0.050000 0.013770 0.700000
v -0.150000 0.019401 0.650000
v -0.100000 0.021508 0.650000
v -0.050000 0.022886 0.650000
v 0.050000 0.007710 0.750000
v 0.100000 0.007183 0.750000
v 0.150000 0.006380 0.750000
v 0.050000 0.013770 0.700000
v 0.100000 0.012878 0.700000
v 0.150000 0.011515 0.700000
v 0.050000 0.022886 0.650000
v 0.100000 0.021508 0.650000
v 0.150000 0.019401 0.650000
v 0.250000 0.004197 0.750000
v 0.300000 0.003004 0.750000
v 0.350000 0.001907 0.750000
v 0.250000 0.007802 0.700000
v 0.300000 0.005758 0.700000
v 0.350000 0.003856 0.700000
v 0.250000 0.013639 0.650000
v 0.300000 0.010435 0.650000
v 0.350000 0.007403 0.650000
v 0.450000 0.000470 0.750000
v 0.500000 0.000170 0.750000
v 0.550000 0.000048 0.750000
v 0.450000 0.001246 0.700000
v 0.500000 0.000616 0.700000
v 0.550000 0.000289 0.700000
v 0.450000 0.002968 0.650000
v 0.500000 0.001713 0.650000
v 0.550000 0.000929 0.650000
v 0.650000 0.000007 0.750000
v 0.700000 0.000002 0.750000
v 0.750000 0.000000 0.750000
v 0.650000 0.000058 0.700000
v 0.700000 0.000017 0.700000
v 0.750000 0.000002 0.700000
v 0.650000 0.000197 0.650000
v 0.700000 0.000058 0.650000
v 0.750000 0.000007 0.650000
v 0.850000 0.000000 0.750000
v 0.900000 0.000000 0.750000
v 0.950000 0.000000 0.750000
v 0.850000 0.000000 0.700000
v 0.900000 0.000000 0.700000
v 0.950000 0.000000 0.700000
v 0.850000 0.000000 0.650000
v 0.900000 0.000000 0.650000
v 0.950000 0.000000 0.650000
v -0.950000 0.000000 0.550000
v -0.900000 0.000001 0.550000
v -0.850000 0.000003 0.550000
v -0.950000 0.000001 0.500000
v -0.900000 0.000008 0.500000
v -0.850000 0.000026 0.500000
v -0.950000 0.000003 0.450000
v -0.900000 0.000026 0.450000
v -0.850000 0.000086 0.450000
v -0.750000 0.000048 0.550000
v -0.700000 0.000289 0.550000
v -0.650000 0.000929 0.550000
v -0.750000 0.000170 0.500000
v -0.700000 0.000616 0.500000
v -0.650000 0.001713 0.500000
v -0.750000 0.000470 0.450000
v -0.700000 0.001246 0.450000
v -0.650000 0.002968 0.450000
v -0.550000 0.004178 0.550000
v -0.500000 0.007063 0.550000
v -0.450000 0.010898 0.550000
v -0.550000 0.007063 0.500000
v -0.500000 0.011618 0.500000
v -0.450000 0.017429 0.500000
v -0.550000 0.010898 0.450000
v -0.500000 0.017429 0.450000
v -0.450000 0.025551 0.450000
v -0.350000 0.021637 0.550000
v -0.300000 0.028122 0.550000
v -0.250000 0.034722 0.550000
v -0.350000 0.032676 0.500000
v -0.300000 0.041497 0.500000
v -0.250000 0.050346 0.500000
v -0.350000 0.046017 0.450000
v -0.300000 0.057527 0.450000
v -0.250000 0.068956 0.450000
v -0.150000 0.046320 0.550000
v -0.100000 0.050527 0.550000
v -0.050000 0.053267 0.550000
v -0.150000 0.065749 0.500000
v -0.100000 0.071318 0.500000
v -0.050000 0.074940 0.500000
v -0.150000 0.088723 0.450000
v -0.100000 0.095852 0.450000
v -0.050000 0.100485 0.450000
v 0.050000 0.053267 0.550000
v 0.100000 0.050527 0.550000
v 0.150000 0.046320 0.550000
v 0.050000 0.074940 0.500000
v 0.100000 0.071318 0.500000
v 0.150000 0.065749 0.500000
v 0.050000 0.100485 0.450000
v 0.100000 0.095852 0.450000
v 0.150000 0.088723 0.450000
v 0.250000 0.034722 0.550000
v 0.300000 0.028122 0.550000
v 0.350000 0.021637 0.550000
v 0.250000 0.050346 0.500000
v 0.300000 0.041497 0.500000
v 0.350000 0.032676 0.500000
v 0.250000 0.068956 0.450000
v 0.300000 0.057527 0.450000
v 0.350000 0.046017 0.450000
v 0.450000 0.010898 0.550000
v 0.500000 0.007063 0.550000
v 0.550000 0.004178 0.550000
v 0.450000 0.017429 0.500000
v 0.500000 0.011618 0.500000
v 0.550000 0.007063 0.500000
v 0.450000 0.025551 0.450000
v 0.500000 0.017429 0.450000
v 0.550000 0.010898 0.450000
v 0.650000 0.000929 0.550000
v 0.700000 0.000289 0.550000
v 0.750000 0.000048 0.550000
v 0.650000 0.001713 0.500000
v 0.700000 0.000616 0.500000
v 0.750000 0.000170 0.500000
v 0.650000 0.002968 0.450000
v 0.700000 0.001246 0.450000
v 0.750000 0.000470 0.450000
v 0.850000 0.000003 0.550000
v 0.900000 0.000001 0.550000
v 0.950000 0.000000 0.550000
v 0.850000 0.000026 0.500000
v 0.900000 0.000008 0.500000
v 0.950000 0.000001 0.500000
v 0.850000 0.000086 0.450000
v 0.900000 0.000026 0.450000
v 0.950000 0.000003 0.450000
v -0.950000 0.000015 0.350000
v -0.900000 0.000116 0.350000
v -0.850000 0.000393 0.350000
v -0.950000 0.000023 0.300000
v -0.900000 0.000186 0.300000
v -0.850000 0.000629 0.300000
v -0.950000 0.000033 0.250000
v -0.900000 0.000263 0.250000
v -0.850000 0.000888 0.250000
v -0.750000 0.001907 0.350000
v -0.700000 0.003856 0.350000
v -0.650000 0.007403 0.350000
v -0.750000 0.003004 0.300000
v -0.700000 0.005758 0.300000
v -0.650000 0.010435 0.300000
v -0.750000 0.004197 0.250000
v -0.700000 0.007802 0.250000
v -0.650000 0.013639 0.250000
v -0.550000 0.021637 0.350000
v -0.500000 0.032676 0.350000
v -0.450000 0.046017 0.350000
v -0.550000 0.028122 0.300000
v -0.500000 0.041497 0.300000
v -0.450000 0.057527 0.300000
v -0.550000 0.034722 0.250000
v -0.500000 0.050346 0.250000
v -0.450000 0.068956 0.250000
v -0.350000 0.078394 0.350000
v -0.300000 0.096134 0.350000
v -0.250000 0.113587 0.350000
v -0.350000 0.096134 0.300000
v -0.300000 0.117199 0.300000
v -0.250000 0.137892 0.300000
v -0.350000 0.113587 0.250000
v -0.300000 0.137892 0.250000
v -0.250000 0.161751 0.250000
v -0.150000 0.143586 0.350000
v -0.100000 0.154384 0.350000
v -0.050000 0.161395 0.350000
v -0.150000 0.173428 0.300000
v -0.100000 0.186215 0.300000
v -0.050000 0.194518 0.300000
v -0.150000 0.202714 0.250000
v -0.100000 0.217455 0.250000
v -0.050000 0.227027 0.250000
v 0.050000 0.161395 0.350000
v 0.100000 0.154384 0.350000
v 0.150000 0.143586 0.350000
v 0.050000 0.194518 0.300000
v 0.100000 0.186215 0.300000
v 0.150000 0.173427 0.300000
v 0.050000 0.227027 0.250000
v 0.100000 0.217455 0.250000
v 0.150000 0.202714 0.250000
v 0.250000 0.113587 0.350000
v 0.300000 0.096134 0.350000
v 0.350000 0.078394 0.350000
v 0.250000 0.137892 0.300000
v 0.300000 0.117199 0.300000
v 0.350000 0.096134 0.300000
v 0.250000 0.161751 0.250000
v 0.300000 0.137892 0.250000
v 0.350000 0.113587 0.250000
v 0.450000 0.046017 0.350000
v 0.500000 0.032676 0.350000
v 0.550000 0.021637 0.350000
v 0.450000 0.057527 0.300000
v 0.500000 0.041497 0.300000
v 0.550000 0.028122 0.300000
v 0.450000 0.068956 0.250000
v 0.500000 0.050346 0.250000
v 0.550000 0.034722 0.250000
v 0.650000 0.007403 0.350000
v 0.700000 0.003856 0.350000
v 0.750000 0.001907 0.350000
v 0.650000 0.010435 0.300000
v 0.700000 0.005758 0.300000
v 0.750000 0.003004 0.300000
v 0.650000 0.013639 0.250000
v 0.700000 0.007802 0.250000
v 0.750000 0.004197 0.250000
v 0.850000 0.000393 0.350000
v 0.900000 0.000116 0.350000
v 0.950000 0.000015 0.350000
v 0.850000 0.000629 0.300000
v 0.900000 0.000186 0.300000
v 0.950000 0.000023 0.300000
v 0.850000 0.000888 0.250000
v 0.900000 0.000263 0.250000
v 0.950000 0.000033 0.250000
v -0.950000 0.000050 0.150000
v -0.900000 0.000403 0.150000
v -0.850000 0.001361 0.150000
v -0.950000 0.000057 0.100000
v -0.900000 0.000455 0.100000
v -0.850000 0.001536 0.100000
v -0.950000 0.000061 0.050000
v -0.900000 0.000489 0.050000
v -0.850000 0.001650 0.050000
v -0.750000 0.006380 0.150000
v -0.700000 0.011515 0.150000
v -0.650000 0.019401 0.150000
v -0.750000 0.007183 0.100000
v -0.700000 0.012878 0.100000
v -0.650000 0.021508 0.100000
v -0.750000 0.007710 0.050000
v -0.700000 0.013770 0.050000
v -0.650000 0.022886 0.050000
v -0.550000 0.046320 0.150000
v -0.500000 0.065749 0.150000
v -0.450000 0.088723 0.150000
v -0.550000 0.050527 0.100000
v -0.500000 0.071318 0.100000
v -0.450000 0.095852 0.100000
v -0.550000 0.053267 0.050000
v -0.500000 0.074940 0.050000
v -0.450000 0.100485 0.050000
v -0.350000 0.143586 0.150000
v -0.300000 0.173428 0.150000
v -0.250000 0.202714 0.150000
v -0.350000 0.154384 0.100000
v -0.300000 0.186215 0.100000
v -0.250000 0.217455 0.100000
v -0.350000 0.161395 0.050000
v -0.300000 0.194518 0.050000
v -0.250000 0.227027 0.050000
v -0.150000 0.253001 0.150000
v -0.100000 0.271105 0.150000
v -0.050000 0.282863 0.150000
v -0.150000 0.271105 0.100000
v -0.100000 0.290424 0.100000
v -0.050000 0.302973 0.100000
v -0.150000 0.282863 0.050000
v -0.100000 0.302973 0.050000
v -0.050000 0.316037 0.050000
v 0.050000 0.282863 0.150000
v 0.100000 0.271105 0.150000
v 0.150000 0.253001 0.150000
v 0.050000 0.302973 0.100000
v 0.100000 0.290424 0.100000
v 0.150000 0.271105 0.100000
v 0.050000 0.316037 0.050000
v 0.100000 0.302973 0.050000
v 0.150000 0.282863 0.050000
v 0.250000 0.202714 0.150000
v 0.300000 0.173427 0.150000
v 0.350000 0.143586 0.150000
v 0.250000 0.217455 0.100000
v 0.300000 0.186215 0.100000
v 0.350000 0.154384 0.100000
v 0.250000 0.227027 0.050000
v 0.300000 0.194518 0.050000
v 0.350000 0.161395 0.050000
v 0.450000 0.088723 0.150000
v 0.500000 0.065749 0.150000
v 0.550000 0.046320 0.150000
v 0.450000 0.095852 0.100000
v 0.500000 0.071318 0.100000
v 0.550000 0.050527 0.100000
v 0.450000 0.100485 0.050000
v 0.500000 0.074940 0.050000
v 0.550000 0.053267 0.050000
v 0.650000 0.019401 0.150000
v 0.700000 0.011515 0.150000
v 0.750000 0.006380 0.150000
v 0.650000 0.021508 0.100000
v 0.700000 0.012878 0.100000
v 0.750000 0.007183 0.100000
v 0.650000 0.022886 0.050000
v 0.700000 0.013770 0.050000
v 0.750000 0.007710 0.050000
v 0.850000 0.001361 0.150000
v 0.900000 0.000403 0.150000
v 0.950000 0.000050 0.150000
v 0.850000 0.001536 0.100000
v 0.900000 0.000455 0.100000
v 0.950000 0.000057 0.100000
v 0.850000 0.001650 0.050000
v 0.900000 0.000489 0.050000
v 0.950000 0.000061 0.050000
v -0.950000 0.000061 -0.050000
v -0.900000 0.000489 -0.050000
v -0.850000 0.001650 -0.050000
v -0.950000 0.000057 -0.100000
v -0.900000 0.000455 -0.100000
v -0.850000 0.001536 -0.100000
v -0.950000 0.000050 -0.150000
v -0.900000 0.000403 -0.150000
v -0.850000 0.001361 -0.150000
v -0.750000 0.007710 -0.050000
v -0.700000 0.013770 -0.050000
v -0.650000 0.022886 -0.050000
v -0.750000 0.007183 -0.100000
v -0.700000 0.012878 -0.100000
v -0.650000 0.021508 -0.100000
v -0.750000 0.006380 -0.150000
v -0.700000 0.011515 -0.150000
v -0.650000 0.019401 -0.150000
v -0.550000 0.053267 -0.050000
v -0.500000 0.074940 -0.050000
v -0.450000 0.100485 -0.050000
v -0.550000 0.050527 -0.100000
v -0.500000 0.071318 -0.100000
v -0.450000 0.095852 -0.100000
v -0.550000 0.046320 -0.150000
v -0.500000 0.065749 -0.150000
v -0.450000 0.088723 -0.150000
v -0.350000 0.161395 -0.050000
v -0.300000 0.194518 -0.050000
v -0.250000 0.227027 -0.050000
v -0.350000 0.154384 -0.100000
v -0.300000 0.186215 -0.100000
v -0.250000 0.217455 -0.100000
v -0.350000 0.143586 -0.150000
v -0.300000 0.173427 -0.150000
v -0.250000 0.202714 -0.150000
v -0.150000 0.282863 -0.050000
v -0.100000 0.302973 -0.050000
v -0.050000 0.316037 -0.050000
v -0.150000 0.271105 -0.100000
v -0.100000 0.290424 -0.100000
v -0.050000 0.302973 -0.100000
v -0.150000 0.253001 -0.150000
v -0.100000 0.271105 -0.150000
v -0.050000 0.282863 -0.150000
v 0.050000 0.316037 -0.050000
v 0.100000 0.302973 -0.050000
v 0.150000 0.282863 -0.050000
v 0.050000 0.302973 -0.100000
v 0.100000 0.290424 -0.100000
v 0.150000 0.271105 -0.100000
v 0.050000 0.282863 -0.150000
v 0.100000 0.271105 -0.150000
v 0.150000 0.253001 -0.150000
v 0.250000 0.227027 -0.050000
v 0.300000 0.194518 -0.050000
v 0.350000 0.161395 -0.050000
v 0.250000 0.217455 -0.100000
v 0.300000 0.186215 -0.100000
v 0.350000 0.154384 -0.100000
v 0.250000 0.202714 -0.150000
v 0.300000 0.173427 -0.150000
v 0.350000 0.143586 -0.150000
v 0.450000 0.100485 -0.050000
v 0.500000 0.074940 -0.050000
v 0.550000 0.053267 -0.050000
v 0.450000 0.095852 -0.100000
v 0.500000 0.071318 -0.100000
v 0.550000 0.050527 -0.100000
v 0.450000 0.088723 -0.150000
v 0.500000 0.065749 -0.150000
v 0.550000 0.046320 -0.150000
v 0.650000 0.022886 -0.050000
v 0.700000 0.013770 -0.050000
v 0.750000 0.007710 -0.050000
v 0.650000 0.021508 -0.100000
v 0.700000 0.012878 -0.100000
v 0.750000 0.007183 -0.100000
v 0.650000 0.019401 -0.150000
v 0.700000 0.011515 -0.150000
v 0.750000 0.006380 -0.150000
v 0.850000 0.001650 -0.050000
v 0.900000 0.000489 -0.050000
v 0.950000 0.000061 -0.050000
v 0.850000 0.001536 -0.100000
v 0.900000 0.000455 -0.100000
v 0.950000 0.000057 -0.100000
v 0.850000 0.001361 -0.150000
v 0.900000 0.000403 -0.150000
v 0.950000 0.000050 -0.150000
v -0.950000 0.000033 -0.250000
v -0.900000 0.000263 -0.250000
v -0.850000 0.000888 -0.250000
v -0.950000 0.000023 -0.300000
v -0.900000 0.000186 -0.300000
v -0.850000 0.000629 -0.300000
v -0.950000 0.000015 -0.350000
v -0.900000 0.000116 -0.350000
v -0.850000 0.000393 -0.350000
v -0.750000 0.004197 -0.250000
v -0.700000 0.007802 -0.250000
v -0.650000 0.013639 -0.250000
v -0.750000 0.003004 -0.300000
v -0.700000 0.005758 -0.300000
v -0.650000 0.010435 -0.300000
v -0.750000 0.001907 -0.350000
v -0.700000 0.003856 -0.350000
v -0.650000 0.007403 -0.350000
v -0.550000 0.034722 -0.250000
v -0.500000 0.050346 -0.250000
v -0.450000 0.068956 -0.250000
v -0.550000 0.028122 -0.300000
v -0.500000 0.041497 -0.300000
v -0.450000 0.057527 -0.300000
v -0.550000 0.021637 -0.350000
v -0.500000 0.032676 -0.350000
v -0.450000 0.046017 -0.350000
v -0.350000 0.113587 -0.250000
v -0.300000 0.137892 -0.250000
v -0.250000 0.161751 -0.250000
v -0.350000 0.096134 -0.300000
v -0.300000 0.117199 -0.300000
v -0.250000 0.137892 -0.300000
v -0.350000 0.078394 -0.350000
v -0.300000 0.096134 -0.350000
v -0.250000 0.113587 -0.350000
v -0.150000 0.202714 -0.250000
v -0.100000 0.217455 -0.250000
v -0.050000 0.227027 -0.250000
v -0.150000 0.173428 -0.300000
v -0.100000 0.186215 -0.300000
v -0.050000 0.194518 -0.300000
v -0.150000 0.143586 -0.350000
v -0.100000 0.154384 -0.350000
v -0.050000 0.161395 -0.350000
v 0.050000 0.227027 -0.250000
v 0.100000 0.217455 -0.250000
v 0.150000 0.202714 -0.250000
v 0.050000 0.194518 -0.300000
v 0.100000 0.186215 -0.300000
v 0.150000 0.173427 -0.300000
v 0.050000 0.161395 -0.350000
v 0.100000 0.154384 -0.350000
v 0.150000 0.143586 -0.350000
v 0.250000 0.161751 -0.250000
v 0.300000 0.137892 -0.250000
v 0.350000 0.113587 -0.250000
v 0.250000 0.137892 -0.300000
v 0.300000 0.117199 -0.300000
v 0.350000 0.096134 -0.300000
v 0.250000 0.113587 -0.350000
v 0.300000 0.096134 -0.350000
v 0.350000 0.078394 -0.350000
v 0.450000 0.068956 -0.250000
v 0.500000 0.050346 -0.250000
v 0.550000 0.034722 -0.250000
v 0.450000 0.057527 -0.300000
v 0.500000 0.041497 -0.300000
v 0.550000 0.028122 -0.300000
v 0.450000 0.046017 -0.350000
v 0.500000 0.032676 -0.350000
v 0.550000 0.021637 -0.350000
v 0.650000 0.013639 -0.250000
v 0.700000 0.007802 -0.250000
v 0.750000 0.004197 -0.250000
v 0.650000 0.010435 -0.300000
v 0.700000 0.005758 -0.300000
v 0.750000 0.003004 -0.300000
v 0.650000 0.007403 -0.350000
v 0.700000 0.003856 -0.350000
v 0.750000 0.001907 -0.350000
v 0.850000 0.000888 -0.250000
v 0.900000 0.000263 -0.250000
v 0.950000 0.000033 -0.250000
v 0.850000 0.000629 -0.300000
v 0.900000 0.000186 -0.300000
v 0.950000 0.000023 -0.300000
v 0.850000 0.000393 -0.350000
v 0.900000 0.000116 -0.350000
v 0.950000 0.000015 -0.350000
v -0.950000 0.000003 -0.450000
v -0.900000 0.000026 -0.450000
v -0.850000 0.000086 -0.450000
v -0.950000 0.000001 -0.500000
v -0.900000 0.000008 -0.500000
v -0.850000 0.000026 -0.500000
v -0.950000 0.000000 -0.550000
v -0.900000 0.000001 -0.550000
v -0.850000 0.000003 -0.550000
v -0.750000 0.000470 -0.450000
v -0.700000 0.001246 -0.450000
v -0.650000 0.002968 -0.450000
v -0.750000 0.000170 -0.500000
v -0.700000 0.000616 -0.500000
v -0.650000 0.001713 -0.500000
v -0.750000 0.000048 -0.550000
v -0.700000 0.000289 -0.550000
v -0.650000 0.000929 -0.550000
v -0.550000 0.010898 -0.450000
v -0.500000 0.017429 -0.450000
v -0.450000 0.025551 -0.450000
v -0.550000 0.007063 -0.500000
v -0.500000 0.011618 -0.500000
v -0.450000 0.017429 -0.500000
v -0.550000 0.004178 -0.550000
v -0.500000 0.007063 -0.550000
v -0.450000 0.010898 -0.550000
v -0.350000 0.046017 -0.450000
v -0.300000 0.057527 -0.450000
v -0.250000 0.068956 -0.450000
v -0.350000 0.032676 -0.500000
v -0.300000 0.041497 -0.500000
v -0.250000 0.050346 -0.500000
v -0.350000 0.021637 -0.550000
v -0.300000 0.028122 -0.550000
v -0.250000 0.034722 -0.550000
v -0.150000 0.088723 -0.450000
v -0.100000 0.095852 -0.450000
v -0.050000 0.100485 -0.450000
v -0.150000 0.065749 -0.500000
v -0.100000 0.071318 -0.500000
v -0.050000 0.074940 -0.500000
v -0.150000 0.046320 -0.550000
v -0.100000 0.050527 -0.550000
v -0.050000 0.053267 -0.550000
v 0.050000 0.100485 -0.450000
v 0.100000 0.095852 -0.450000
v 0.150000 0.088723 -0.450000
v 0.050000 0.074940 -0.500000
v 0.100000 0.071318 -0.500000
v 0.150000 0.065749 -0.500000
v 0.050000 0.053267 -0.550000
v 0.100000 0.050527 -0.550000
v 0.150000 0.046320 -0.550000
v 0.250000 0.068956 -0.450000
v 0.300000 0.057527 -0.450000
v 0.350000 0.046017 -0.450000
v 0.250000 0.050346 -0.500000
v 0.300000 0.041497 -0.500000
v 0.350000 0.032676 -0.500000
v 0.250000 0.034722 -0.550000
v 0.300000 0.028122 -0.550000
v 0.350000 0.021637 -0.550000
v 0.450000 0.025551 -0.450000
v 0.500000 0.017429 -0.450000
v 0.550000 0.010898 -0.450000
v 0.450000 0.017429 -0.500000
v 0.500000 0.011618 -0.500000
v 0.550000 0.007063 -0.500000
v 0.450000 0.010898 -0.550000
v 0.500000 0.007063 -0.550000
v 0.550000 0.004178 -0.550000
v 0.650000 0.002968 -0.450000
v 0.700000 0.001246 -0.450000
v 0.750000 0.000470 -0.450000
v 0.650000 0.001713 -0.500000
v 0.700000 0.000616 -0.500000
v 0.750000 0.000170 -0.500000
v 0.650000 0.000929 -0.550000
v 0.700000 0.000289 -0.550000
v 0.750000 0.000048 -0.550000
v 0.850000 0.000086 -0.450000
v 0.900000 0.000026 -0.450000
v 0.950000 0.000003 -0.450000
v 0.850000 0.000026 -0.500000
v 0.900000 0.000008 -0.500000
v 0.950000 0.000001 -0.500000
v 0.850000 0.000003 -0.550000
v 0.900000 0.000001 -0.550000
v 0.950000 0.000000 -0.550000
v -0.950000 0.000000 -0.650000
v -0.900000 0.000000 -0.650000
v -0.850000 0.000000 -0.650000
v -0.950000 0.000000 -0.700000
v -0.900000 0.000000 -0.700000
v -0.850000 0.000000 -0.700000
v -0.950000 0.000000 -0.750000
v -0.900000 0.000000 -0.750000
v -0.850000 0.000000 -0.750000
v -0.750000 0.000007 -0.650000
v -0.700000 0.000058 -0.650000
v -0.650000 0.000197 -0.650000
v -0.750000 0.000002 -0.700000
v -0.700000 0.000017 -0.700000
v -0.650000 0.000058 -0.700000
v -0.750000 0.000000 -0.750000
v -0.700000 0.000002 -0.750000
v -0.650000 0.000007 -0.750000
v -0.550000 0.000929 -0.650000
v -0.500000 0.001713 -0.650000
v -0.450000 0.002968 -0.650000
v -0.550000 0.000289 -0.700000
v -0.500000 0.000616 -0.700000
v -0.450000 0.001246 -0.700000
v -0.550000 0.000048 -0.750000
v -0.500000 0.000170 -0.750000
v -0.450000 0.000470 -0.750000
v -0.350000 0.007403 -0.650000
v -0.300000 0.010435 -0.650000
v -0.250000 0.013639 -0.650000
v -0.350000 0.003856 -0.700000
v -0.300000 0.005758 -0.700000
v -0.250000 0.007802 -0.700000
v -0.350000 0.001907 -0.750000
v -0.300000 0.003004 -0.750000
v -0.250000 0.004197 -0.750000
v -0.150000 0.019401 -0.650000
v -0.100000 0.021508 -0.650000
v -0.050000 0.022886 -0.650000
v -0.150000 0.011515 -0.700000
v -0.100000 0.012878 -0.700000
v -0.050000 0.013770 -0.700000
v -0.150000 0.006380 -0.750000
v -0.100000 0.007183 -0.750000
v -0.050000 0.007710 -0.750000
v 0.050000 0.022886 -0.650000
v 0.100000 0.021508 -0.650000
v 0.150000 0.019401 -0.650000
v 0.050000 0.013770 -0.700000
v 0.100000 0.012878 -0.700000
v 0.150000 0.011515 -0.700000
v 0.050000 0.007710 -0.750000
v 0.100000 0.007183 -0.750000
v 0.150000 0.006380 -0.750000
v 0.250000 0.013639 -0.650000
v 0.300000 0.010435 -0.650000
v 0.350000 0.007403 -0.650000
v 0.250000 0.007802 -0.700000
v 0.300000 0.005758 -0.700000
v 0.350000 0.003856 -0.700000
v 0.250000 0.004197 -0.750000
v 0.300000 0.003004 -0.750000
v 0.350000 0.001907 -0.750000
v 0.450000 0.002968 -0.650000
v 0.500000 0.001713 -0.650000
v 0.550000 0.000929 -0.650000
v 0.450000 0.001246 -0.700000
v 0.500000 0.000616 -0.700000
v 0.550000 0.000289 -0.700000
v 0.450000 0.000470 -0.750000
v 0.500000 0.000170 -0.750000
v 0.550000 0.000048 -0.750000
v 0.650000 0.000197 -0.650000
v 0.700000 0.000058 -0.650000
v 0.750000 0.000007 -0.650000
v 0.650000 0.000058 -0.700000
v 0.700000 0.000017 -0.700000
v 0.750000 0.000002 -0.700000
v 0.650000 0.000007 -0.750000
v 0.700000 0.000002 -0.750000
v 0.750000 0.000000 -0.750000
v 0.850000 0.000000 -0.650000
v 0.900000 0.000000 -0.650000
v 0.950000 0.000000 -0.650000
v 0.850000 0.000000 -0.700000
v 0.900000 0.000000 -0.700000
v 0.950000 0.000000 -0.700000
v 0.850000 0.000000 -0.750000
v 0.900000 0.000000 -0.750000
v 0.950000 0.000000 -0.750000
v -0.949729 0.000000 -0.849729
v -0.899913 0.000000 -0.849913
v -0.849989 0.000000 -0.849989
v -0.947830 0.000000 -0.897830
v -0.899306 0.000000 -0.899306
v -0.849913 0.000000 -0.899913
v -0.943045 0.000000 -0.943045
v -0.897830 0.000000 -0.947830
v -0.849729 0.000000 -0.949729
v -0.750000 0.000000 -0.850000
v -0.700000 0.000000 -0.850000
v -0.650000 0.000000 -0.850000
v -0.750000 0.000000 -0.900000
v -0.700000 0.000000 -0.900000
v -0.650000 0.000000 -0.900000
v -0.750000 0.000000 -0.950000
v -0.700000 0.000000 -0.950000
v -0.650000 0.000000 -0.950000
v -0.550000 0.000003 -0.850000
v -0.500000 0.000026 -0.850000
v -0.450000 0.000086 -0.850000
v -0.550000 0.000001 -0.900000
v -0.500000 0.000008 -0.900000
v -0.450000 0.000026 -0.900000
v -0.550000 0.000000 -0.950000
v -0.500000 0.000001 -0.950000
v -0.450000 0.000003 -0.950000
v -0.350000 0.000393 -0.850000
v -0.300000 0.000629 -0.850000
v -0.250000 0.000888 -0.850000
v -0.350000 0.000116 -0.900000
v -0.300000 0.000186 -0.900000
v -0.250000 0.000263 -0.900000
v -0.350000 0.000015 -0.950000
v -0.300000 0.000023 -0.950000
v -0.250000 0.000033 -0.950000
v -0.150000 0.001361 -0.850000
v -0.100000 0.001536 -0.850000
v -0.050000 0.001650 -0.850000
v -0.150000 0.000403 -0.900000
v -0.100000 0.000455 -0.900000
v -0.050000 0.000489 -0.900000
v -0.150000 0.000050 -0.950000
v -0.100000 0.000057 -0.950000
v -0.050000 0.000061 -0.950000
v 0.050000 0.001650 -0.850000
v 0.100000 0.001536 -0.850000
v 0.150000 0.001361 -0.850000
v 0.050000 0.000489 -0.900000
v 0.100000 0.000455 -0.900000
v 0.150000 0.000403 -0.900000
v 0.050000 0.000061 -0.950000
v 0.100000 0.000057 -0.950000
v 0.150000 0.000050 -0.950000
v 0.250000 0.000888 -0.850000
v 0.300000 0.000629 -0.850000
v 0.350000 0.000393 -0.850000
v 0.250000 0.000263 -0.900000
v 0.300000 0.000186 -0.900000
v 0.350000 0.000116 -0.900000
v 0.250000 0.000033 -0.950000
v 0.300000 0.000023 -0.950000
v 0.350000 0.000015 -0.950000
v 0.450000 0.000086 -0.850000
v 0.500000 0.000026 -0.850000
v 0.550000 0.000003 -0.850000
v 0.450000 0.000026 -0.900000
v 0.500000 0.000008 -0.900000
v 0.550000 0.000001 -0.900000
v 0.450000 0.000003 -0.950000
v 0.500000 0.000001 -0.950000
v 0.550000 0.000000 -0.950000
v 0.650000 0.000000 -0.850000
v 0.700000 0.000000 -0.850000
v 0.750000 0.000000 -0.850000
v 0.650000 0.000000 -0.900000
v 0.700000 0.000000 -0.900000
v 0.750000 0.000000 -0.900000
v 0.650000 0.000000 -0.950000
v 0.700000 0.000000 -0.950000
v 0.750000 0.000000 -0.950000
v 0.849989 0.000000 -0.849989
v 0.899913 0.000000 -0.849913
v 0.949729 0.000000 -0.849729
v 0.849913 0.000000 -0.899913
v 0.899306 0.000000 -0.899306
v 0.947830 0.000000 -0.897830
v 0.849729 0.000000 -0.949729
v 0.897830 0.000000 -0.947830
v 0.943045 0.000000 -0.943045
v -0.967188 -0.390000 0.967188
v -0.800000 -0.390000 1.000000
v -0.600000 -0.390000 1.000000
v -0.399978 -0.390000 0.999936
v -0.199966 -0.390000 0.999673
v 0.000000 -0.390000 0.999518
v 0.199966 -0.390000 0.999673
v 0.399978 -0.390000 0.999936
v 0.600000 -0.390000 1.000000
v 0.800000 -0.390000 1.000000
v 0.967188 -0.390000 0.967188
v -1.000000 -0.390000 0.800000
v -0.800000 -0.390000 0.800000
v -0.599943 -0.390000 0.799916
v -0.396886 -0.389486 0.796538
v -0.195226 -0.386926 0.783667
v 0.000000 -0.385261 0.776129
v 0.195226 -0.386926 0.783667
v 0.396886 -0.389486 0.796538
v 0.599943 -0.390000 0.799916
v 0.800000 -0.390000 0.800000
v 1.000000 -0.390000 0.800000
v -1.000000 -0.390000 0.600000
v -0.799916 -0.390000 0.599943
v -0.592809 -0.388761 0.592809
v -0.371644 -0.377454 0.557523
v -0.167804 -0.350960 0.509045
v 0.000000 -0.336387 0.485952
v 0.167804 -0.350960 0.509045
v 0.371644 -0.377454 0.557523
v 0.592809 -0.388761 0.592809
v 0.799916 -0.390000 0.599943
v 1.000000 -0.390000 0.600000
v -0.999936 -0.390000 0.399978
v -0.796538 -0.389486 0.396886
v -0.557522 -0.377454 0.371644
v -0.303950 -0.318023 0.303950
v -0.115588 -0.237223 0.229997
v -0.000000 -0.200878 0.196092
v 0.115588 -0.237223 0.229997
v 0.303950 -0.318023 0.303950
v 0.557522 -0.377454 0.371644
v 0.796538 -0.389486 0.396886
v 0.999936 -0.390000 0.399978
v -0.999673 -0.390000 0.199966
v -0.783667 -0.386926 0.195226
v -0.509045 -0.350960 0.167804
v -0.229997 -0.237223 0.115588
v -0.050062 -0.118783 0.050062
v -0.000000 -0.079313 0.009323
v 0.050062 -0.118783 0.050062
v 0.229997 -0.237223 0.115588
v 0.509045 -0.350960 0.167804
v 0.783667 -0.386926 0.195226
v 0.999673 -0.390000 0.199966
v -0.999518 -0.390000 -0.000000
v -0.776128 -0.385261 -0.000000
v -0.485952 -0.336387 0.000000
v -0.196091 -0.200878 0.000000
v -0.009323 -0.079313 0.000000
v -0.000000 -0.064583 0.000000
v 0.009323 -0.079313 -0.000000
v 0.196091 -0.200878 0.000000
v 0.485952 -0.336387 -0.000000
v 0.776128 -0.385261 0.000000
v 0.999518 -0.390000 -0.000000
v -0.999673 -0.390000 -0.199966
v -0.783667 -0.386926 -0.195226
v -0.509045 -0.350960 -0.167804
v -0.229997 -0.237223 -0.115588
v -0.050062 -0.118783 -0.050062
v -0.000000 -0.079313 -0.009323
v 0.050062 -0.118783 -0.050062
v 0.229997 -0.237223 -0.115588
v 0.509045 -0.350960 -0.167804
v 0.783667 -0.386926 -0.195226
v 0.999673 -0.390000 -0.199966
v -0.999936 -0.390000 -0.399978
v -0.796538 -0.389486 -0.396886
v -0.557522 -0.377454 -0.371644
v -0.303950 -0.318023 -0.303950
v -0.115588 -0.237223 -0.229997
v -0.000000 -0.200878 -0.196091
v 0.115588 -0.237223 -0.229997
v 0.303950 -0.318023 -0.303950
v 0.557522 -0.377454 -0.371644
v 0.796538 -0.389486 -0.396886
v 0.999936 -0.390000 -0.399978
v -1.000000 -0.390000 -0.600000
v -0.799916 -0.390000 -0.599943
v -0.592809 -0.388761 -0.592809
v -0.371644 -0.377454 -0.557522
v -0.167804 -0.350960 -0.509045
v -0.000000 -0.336387 -0.485952
v 0.167804 -0.350960 -0.509045
v 0.371644 -0.377454 -0.557522
v 0.592809 -0.388761 -0.592809
v 0.799916 -0.390000 -0.599943
v 1.000000 -0.390000 -0.600000
v -1.000000 -0.390000 -0.800000
v -0.800000 -0.390000 -0.800000
v -0.599943 -0.390000 -0.799916
v -0.396886 -0.389486 -0.796538
v -0.195226 -0.386926 -0.783667
v 0.000000 -0.385261 -0.776129
v 0.195226 -0.386926 -0.783667
v 0.396886 -0.389486 -0.796538
v 0.599943 -0.390000 -0.799916
v 0.800000 -0.390000 -0.800000
v 1.000000 -0.390000 -0.800000
v -0.967188 -0.390000 -0.967188
v -0.800000 -0.390000 -1.000000
v -0.600000 -0.390000 -1.000000
v -0.399978 -0.390000 -0.999936
v -0.199966 -0.390000 -0.999673
v 0.000000 -0.390000 -0.999518
v 0.199966 -0.390000 -0.999673
v 0.399978 -0.390000 -0.999936
v 0.600000 -0.390000 -1.000000
v 0.800000 -0.390000 -1.000000
v 0.967188 -0.390000 -0.967188
v -0.999479 -0.390000 0.849479
v -0.995833 -0.390000 0.895833
v -0.985938 -0.390000 0.935938
v -0.935938 -0.390000 0.985938
v -0.895833 -0.390000 0.995833
v -0.849479 -0.390000 0.999479
v -0.800000 -0.390000 0.950000
v -0.800000 -0.390000 0.900000
v -0.800000 -0.390000 0.850000
v -0.850000 -0.390000 0.800000
v -0.900000 -0.390000 0.800000
v -0.950000 -0.390000 0.800000
v -0.750000 -0.390000 1.000000
v -0.700000 -0.390000 1.000000
v -0.650000 -0.390000 1.000000
v -0.599999 -0.390000 0.949999
v -0.599995 -0.390000 0.899997
v -0.599985 -0.390000 0.849994
v -0.649985 -0.390000 0.799967
v -0.699993 -0.390000 0.799989
v -0.749998 -0.390000 0.799997
v -0.549998 -0.390000 0.999998
v -0.499994 -0.390000 0.999990
v -0.449987 -0.390000 0.999971
v -0.399889 -0.389992 0.949743
v -0.399514 -0.389938 0.899165
v -0.398608 -0.389788 0.848203
v -0.448156 -0.389787 0.798306
v -0.499123 -0.389938 0.799302
v -0.549708 -0.389992 0.799756
v -0.349969 -0.390000 0.999883
v -0.299964 -0.390000 0.999817
v -0.249963 -0.390000 0.999744
v -0.199829 -0.389956 0.948692
v -0.199248 -0.389638 0.895748
v -0.197846 -0.388746 0.840844
v -0.244846 -0.387649 0.787125
v -0.294997 -0.388365 0.790671
v -0.345703 -0.388999 0.793927
v -0.149971 -0.390000 0.999610
v -0.099979 -0.390000 0.999561
v -0.049989 -0.390000 0.999529
v 0.000000 -0.389933 0.948070
v 0.000000 -0.389449 0.893728
v 0.000000 -0.388075 0.836498
v -0.048437 -0.385388 0.776671
v -0.097094 -0.385741 0.778224
v -0.146016 -0.386271 0.780619
v 0.049989 -0.390000 0.999529
v 0.099979 -0.390000 0.999561
v 0.149971 -0.390000 0.999610
v 0.199829 -0.389956 0.948692
v 0.199248 -0.389638 0.895748
v 0.197846 -0.388746 0.840844
v 0.146016 -0.386271 0.780619
v 0.097094 -0.385741 0.778224
v 0.048437 -0.385388 0.776671
v 0.249963 -0.390000 0.999744
v 0.299964 -0.390000 0.999817
v 0.349969 -0.390000 0.999883
v 0.399889 -0.389992 0.949743
v 0.399514 -0.389938 0.899165
v 0.398608 -0.389788 0.848203
v 0.345703 -0.388999 0.793927
v 0.294997 -0.388365 0.790671
v 0.244846 -0.387649 0.787125
v 0.449987 -0.390000 0.999971
v 0.499994 -0.390000 0.999990
v 0.549998 -0.390000 0.999998
v 0.599999 -0.390000 0.949999
v 0.599995 -0.390000 0.899997
v 0.599985 -0.390000 0.849994
v 0.549708 -0.389992 0.799756
v 0.499123 -0.389938 0.799302
v 0.448156 -0.389787 0.798306
v 0.650000 -0.390000 1.000000
v 0.700000 -0.390000 1.000000
v 0.750000 -0.390000 1.000000
v 0.800000 -0.390000 0.950000
v 0.800000 -0.390000 0.900000
v 0.800000 -0.390000 0.850000
v 0.749998 -0.390000 0.799998
v 0.699993 -0.390000 0.799989
v 0.649985 -0.390000 0.799967
v 0.849479 -0.390000 0.999479
v 0.895833 -0.390000 0.995833
v 0.935938 -0.390000 0.985938
v 0.985938 -0.390000 0.935938
v 0.995833 -0.390000 0.895833
v 0.999479 -0.390000 0.849479
v 0.950000 -0.390000 0.800000
v 0.900000 -0.390000 0.800000
v 0.850000 -0.390000 0.800000
v -1.000000 -0.390000 0.650000
v -1.000000 -0.390000 0.700000
v -1.000000 -0.390000 0.750000
v -0.799998 -0.390000 0.749998
v -0.799989 -0.390000 0.699993
v -0.799967 -0.390000 0.649985
v -0.849994 -0.390000 0.599986
v -0.899997 -0.390000 0.599995
v -0.949999 -0.390000 0.599999
v -0.599689 -0.389982 0.749399
v -0.598798 -0.389855 0.698080
v -0.596692 -0.389498 0.645885
v -0.645885 -0.389498 0.596692
v -0.698080 -0.389855 0.598798
v -0.749399 -0.389982 0.599689
v -0.393947 -0.388851 0.742594
v -0.389200 -0.387252 0.684803
v -0.381960 -0.383799 0.622906
v -0.428045 -0.382063 0.568853
v -0.483893 -0.385311 0.578733
v -0.538820 -0.387451 0.586810
v -0.191055 -0.383575 0.722643
v -0.185126 -0.377475 0.656298
v -0.177358 -0.367101 0.584654
v -0.214407 -0.357665 0.520251
v -0.263872 -0.364700 0.532539
v -0.316374 -0.371493 0.545205
v -0.000000 -0.380179 0.711325
v -0.000000 -0.371415 0.640956
v -0.000000 -0.357309 0.565288
v -0.039741 -0.337450 0.487573
v -0.080813 -0.340464 0.492238
v -0.123464 -0.345094 0.499540
v 0.191056 -0.383575 0.722643
v 0.185126 -0.377475 0.656298
v 0.177358 -0.367101 0.584654
v 0.123464 -0.345094 0.499540
v 0.080813 -0.340464 0.492238
v 0.039741 -0.337450 0.487573
v 0.393947 -0.388851 0.742594
v 0.389200 -0.387252 0.684803
v 0.381960 -0.383799 0.622906
v 0.316374 -0.371493 0.545205
v 0.263872 -0.364700 0.532539
v 0.214408 -0.357665 0.520252
v 0.599689 -0.389982 0.749399
v 0.598798 -0.389855 0.698080
v 0.596692 -0.389498 0.645885
v 0.538820 -0.387451 0.586810
v 0.483893 -0.385311 0.578733
v 0.428045 -0.382063 0.568853
v 0.799998 -0.390000 0.749998
v 0.799989 -0.390000 0.699993
v 0.799967 -0.390000 0.649985
v 0.749399 -0.389982 0.599689
v 0.698080 -0.389855 0.598798
v 0.645885 -0.389498 0.596692
v 1.000000 -0.390000 0.750000
v 1.000000 -0.390000 0.700000
v 1.000000 -0.390000 0.650000
v 0.949999 -0.390000 0.599999
v 0.899997 -0.390000 0.599995
v 0.849994 -0.390000 0.599986
v -0.999971 -0.390000 0.449987
v -0.999990 -0.390000 0.499994
v -0.999998 -0.390000 0.549998
v -0.799756 -0.389992 0.549708
v -0.799302 -0.389938 0.499123
v -0.798306 -0.389787 0.448156
v -0.848203 -0.389788 0.398607
v -0.899165 -0.389938 0.399514
v -0.949743 -0.389992 0.399890
v -0.586810 -0.387451 0.538820
v -0.578733 -0.385311 0.483893
v -0.568853 -0.382063 0.428045
v -0.622906 -0.383799 0.381960
v -0.684803 -0.387252 0.389200
v -0.742594 -0.388851 0.393947
v -0.358083 -0.367497 0.491218
v -0.341724 -0.354068 0.426506
v -0.323391 -0.337442 0.363947
v -0.363948 -0.337442 0.323391
v -0.426506 -0.354068 0.341724
v -0.491218 -0.367497 0.358083
v -0.156623 -0.328718 0.433511
v -0.144030 -0.301663 0.361564
v -0.130281 -0.270839 0.293654
v -0.154332 -0.255288 0.246443
v -0.198406 -0.275508 0.264740
v -0.248262 -0.296844 0.284161
v -0.000000 -0.308686 0.407241
v -0.000000 -0.276014 0.332603
v -0.000000 -0.239677 0.262214
v -0.023779 -0.203383 0.198524
v -0.050716 -0.210635 0.205422
v -0.081300 -0.222129 0.216111
v 0.156623 -0.328718 0.433511
v 0.144030 -0.301663 0.361565
v 0.130281 -0.270839 0.293654
v 0.081300 -0.222129 0.216111
v 0.050716 -0.210635 0.205422
v 0.023779 -0.203383 0.198524
v 0.358083 -0.367497 0.491218
v 0.341724 -0.354068 0.426506
v 0.323391 -0.337442 0.363948
v 0.248262 -0.296844 0.284161
v 0.198406 -0.275508 0.264740
v 0.154332 -0.255288 0.246443
v 0.586810 -0.387451 0.538820
v 0.578733 -0.385311 0.483893
v 0.568853 -0.382063 0.428045
v 0.491218 -0.367497 0.358083
v 0.426506 -0.354068 0.341724
v 0.363948 -0.337442 0.323391
v 0.799756 -0.389992 0.549708
v 0.799302 -0.389938 0.499123
v 0.798306 -0.389787 0.448156
v 0.742594 -0.388851 0.393947
v 0.684803 -0.387252 0.389200
v 0.622906 -0.383799 0.381960
v 0.999998 -0.390000 0.549998
v 0.999990 -0.390000 0.499994
v 0.999971 -0.390000 0.449987
v 0.949743 -0.389992 0.399889
v 0.899165 -0.389938 0.399514
v 0.848203 -0.389788 0.398607
v -0.999744 -0.390000 0.249963
v -0.999817 -0.390000 0.299964
v -0.999883 -0.390000 0.349969
v -0.793927 -0.388999 0.345703
v -0.790671 -0.388365 0.294997
v -0.787125 -0.387649 0.244846
v -0.840844 -0.388746 0.197846
v -0.895748 -0.389638 0.199248
v -0.948692 -0.389956 0.199829
v -0.545205 -0.371493 0.316374
v -0.532539 -0.364700 0.263872
v -0.520251 -0.357665 0.214407
v -0.584654 -0.367101 0.177358
v -0.656298 -0.377475 0.185126
v -0.722643 -0.383575 0.191056
v -0.284161 -0.296844 0.248262
v -0.264740 -0.275508 0.198406
v -0.246443 -0.255288 0.154332
v -0.293654 -0.270839 0.130281
v -0.361565 -0.301663 0.144030
v -0.433511 -0.328718 0.156623
v -0.099974 -0.202912 0.172674
v -0.083526 -0.170692 0.123528
v -0.066672 -0.142266 0.082644
v -0.082644 -0.142266 0.066672
v -0.123528 -0.170692 0.083526
v -0.172674 -0.202912 0.099974
v -0.000000 -0.162397 0.136377
v -0.000000 -0.127911 0.085004
v -0.000000 -0.099688 0.042354
v -0.000848 -0.081454 0.012681
v -0.008972 -0.088392 0.021725
v -0.025544 -0.100799 0.034671
v 0.099974 -0.202912 0.172674
v 0.083526 -0.170692 0.123528
v 0.066672 -0.142266 0.082644
v 0.025544 -0.100799 0.034671
v 0.008972 -0.088392 0.021725
v 0.000848 -0.081454 0.012681
v 0.284161 -0.296844 0.248262
v 0.264740 -0.275508 0.198406
v 0.246443 -0.255288 0.154332
v 0.172674 -0.202912 0.099974
v 0.123528 -0.170692 0.083526
v 0.082644 -0.142266 0.066672
v 0.545205 -0.371493 0.316374
v 0.532539 -0.364700 0.263872
v 0.520251 -0.357665 0.214407
v 0.433511 -0.328718 0.156623
v 0.361565 -0.301663 0.144030
v 0.293654 -0.270839 0.130281
v 0.793927 -0.388999 0.345703
v 0.790671 -0.388365 0.294997
v 0.787125 -0.387649 0.244846
v 0.722643 -0.383575 0.191055
v 0.656298 -0.377475 0.185126
v 0.584654 -0.367101 0.177358
v 0.999883 -0.390000 0.349969
v 0.999817 -0.390000 0.299964
v 0.999744 -0.390000 0.249963
v 0.948692 -0.389956 0.199829
v 0.895748 -0.389638 0.199248
v 0.840844 -0.388746 0.197846
v -0.999529 -0.390000 0.049989
v -0.999561 -0.390000 0.099979
v -0.999610 -0.390000 0.149971
v -0.780619 -0.386271 0.146016
v -0.778224 -0.385741 0.097094
v -0.776671 -0.385388 0.048437
v -0.836498 -0.388075 -0.000000
v -0.893728 -0.389449 -0.000000
v -0.948070 -0.389933 -0.000000
v -0.499539 -0.345094 0.123464
v -0.492238 -0.340464 0.080813
v -0.487573 -0.337450 0.039741
v -0.565288 -0.357309 -0.000000
v -0.640956 -0.371415 0.000000
v -0.711325 -0.380179 0.000000
v -0.216111 -0.222129 0.081300
v -0.205422 -0.210635 0.050716
v -0.198524 -0.203383 0.023779
v -0.262214 -0.239677 0.000000
v -0.332603 -0.276015 0.000000
v -0.407241 -0.308686 0.000000
v -0.034671 -0.100799 0.025544
v -0.021726 -0.088392 0.008972
v -0.012681 -0.081454 0.000849
v -0.042354 -0.099688 0.000000
v -0.085004 -0.127911 0.000000
v -0.136377 -0.162397 0.000000
v -0.000000 -0.067287 -0.012919
v -0.000000 -0.062764 -0.022656
v -0.000000 -0.063378 -0.017738
v 0.017738 -0.063378 0.000000
v 0.022656 -0.062764 0.000000
v 0.012919 -0.067288 0.000000
v 0.034671 -0.100799 0.025544
v 0.021726 -0.088392 0.008972
v 0.012681 -0.081454 0.000848
v -0.012918 -0.067288 -0.000000
v -0.022656 -0.062764 0.000000
v -0.017738 -0.063378 0.000000
v 0.216111 -0.222129 0.081300
v 0.205422 -0.210635 0.050716
v 0.198524 -0.203383 0.023779
v 0.136377 -0.162397 0.000000
v 0.085004 -0.127911 0.000000
v 0.042354 -0.099688 0.000000
v 0.499539 -0.345094 0.123464
v 0.492238 -0.340464 0.080813
v 0.487573 -0.337450 0.039741
v 0.407241 -0.308686 -0.000000
v 0.332603 -0.276015 -0.000000
v 0.262214 -0.239677 0.000000
v 0.780619 -0.386271 0.146016
v 0.778224 -0.385741 0.097094
v 0.776671 -0.385388 0.048437
v 0.711325 -0.380179 -0.000000
v 0.640956 -0.371415 -0.000000
v 0.565288 -0.357309 -0.000000
v 0.999610 -0.390000 0.149971
v 0.999561 -0.390000 0.099979
v 0.999529 -0.390000 0.049989
v 0.948070 -0.389933 -0.000000
v 0.893728 -0.389449 -0.000000
v 0.836498 -0.388075 0.000000
v -0.999610 -0.390000 -0.149971
v -0.999561 -0.390000 -0.099979
v -0.999529 -0.390000 -0.049989
v -0.776671 -0.385388 -0.048437
v -0.778224 -0.385741 -0.097094
v -0.780619 -0.386271 -0.146016
v -0.840844 -0.388746 -0.197846
v -0.895748 -0.389638 -0.199248
v -0.948692 -0.389956 -0.199829
v -0.487573 -0.337450 -0.039741
v -0.492238 -0.340464 -0.080813
v -0.499539 -0.345094 -0.123464
v -0.584654 -0.367101 -0.177358
v -0.656298 -0.377475 -0.185126
v -0.722643 -0.383575 -0.191056
v -0.198524 -0.203383 -0.023779
v -0.205422 -0.210635 -0.050716
v -0.216111 -0.222129 -0.081300
v -0.293654 -0.270839 -0.130281
v -0.361565 -0.301663 -0.144030
v -0.433511 -0.328718 -0.156623
v -0.012681 -0.081454 -0.000848
v -0.021725 -0.088392 -0.008972
v -0.034671 -0.100799 -0.025544
v -0.082644 -0.142266 -0.066672
v -0.123528 -0.170692 -0.083526
v -0.172674 -0.202912 -0.099974
v -0.000000 -0.063378 0.017738
v -0.000000 -0.062764 0.022656
v -0.000000 -0.067288 0.012918
v -0.000848 -0.081454 -0.012681
v -0.008972 -0.088392 -0.021726
v -0.025544 -0.100799 -0.034671
v 0.012681 -0.081454 -0.000848
v 0.021726 -0.088392 -0.008972
v 0.034671 -0.100800 -0.025544
v 0.025544 -0.100800 -0.034671
v 0.008972 -0.088392 -0.021726
v 0.000848 -0.081454 -0.012681
v 0.198524 -0.203383 -0.023779
v 0.205422 -0.210635 -0.050717
v 0.216111 -0.222129 -0.081300
v 0.172674 -0.202912 -0.099974
v 0.123528 -0.170692 -0.083526
v 0.082644 -0.142266 -0.066672
v 0.487573 -0.337450 -0.039741
v 0.492238 -0.340464 -0.080813
v 0.499539 -0.345094 -0.123464
v 0.433511 -0.328718 -0.156623
v 0.361565 -0.301663 -0.144030
v 0.293654 -0.270839 -0.130281
v 0.776671 -0.385388 -0.048437
v 0.778224 -0.385741 -0.097094
v 0.780619 -0.386271 -0.146016
v 0.722643 -0.383575 -0.191056
v 0.656298 -0.377475 -0.185126
v 0.584654 -0.367101 -0.177358
v 0.999529 -0.390000 -0.049989
v 0.999561 -0.390000 -0.099979
v 0.999610 -0.390000 -0.149971
v 0.948692 -0.389956 -0.199829
v 0.895748 -0.389638 -0.199248
v 0.840844 -0.388746 -0.197846
v -0.999883 -0.390000 -0.349969
v -0.999817 -0.390000 -0.299964
v -0.999744 -0.390000 -0.249963
v -0.787125 -0.387649 -0.244847
v -0.790671 -0.388365 -0.294997
v -0.793927 -0.388999 -0.345703
v -0.848203 -0.389788 -0.398607
v -0.899165 -0.389938 -0.399514
v -0.949743 -0.389992 -0.399889
v -0.520251 -0.357665 -0.214407
v -0.532539 -0.364700 -0.263872
v -0.545205 -0.371493 -0.316374
v -0.622906 -0.383799 -0.381960
v -0.684803 -0.387252 -0.389200
v -0.742594 -0.388851 -0.393947
v -0.246443 -0.255288 -0.154332
v -0.264740 -0.275508 -0.198406
v -0.284161 -0.296844 -0.248262
v -0.363948 -0.337442 -0.323391
v -0.426506 -0.354068 -0.341724
v -0.491218 -0.367497 -0.358083
v -0.066672 -0.142266 -0.082644
v -0.083526 -0.170692 -0.123528
v -0.099974 -0.202912 -0.172674
v -0.154332 -0.255288 -0.246443
v -0.198406 -0.275508 -0.264740
v -0.248262 -0.296844 -0.284161
v -0.000000 -0.099688 -0.042354
v 0.000000 -0.127911 -0.085004
v 0.000000 -0.162397 -0.136377
v -0.023779 -0.203383 -0.198524
v -0.050716 -0.210635 -0.205422
v -0.081300 -0.222129 -0.216111
v 0.066672 -0.142266 -0.082644
v 0.083526 -0.170692 -0.123528
v 0.099974 -0.202912 -0.172674
v 0.081300 -0.222129 -0.216111
v 0.050716 -0.210635 -0.205422
v 0.023779 -0.203383 -0.198524
v 0.246443 -0.255288 -0.154332
v 0.264740 -0.275508 -0.198406
v 0.284161 -0.296844 -0.248262
v 0.248262 -0.296844 -0.284161
v 0.198406 -0.275508 -0.264740
v 0.154332 -0.255288 -0.246443
v 0.520251 -0.357665 -0.214407
v 0.532539 -0.364700 -0.263872
v 0.545205 -0.371493 -0.316374
v 0.491218 -0.367497 -0.358083
v 0.426506 -0.354068 -0.341724
v 0.363948 -0.337442 -0.323391
v 0.787125 -0.387649 -0.244846
v 0.790671 -0.388365 -0.294997
v 0.793927 -0.388999 -0.345703
v 0.742594 -0.388851 -0.393947
v 0.684803 -0.387252 -0.389200
v 0.622906 -0.383799 -0.381960
v 0.999744 -0.390000 -0.249963
v 0.999817 -0.390000 -0.299964
v 0.999883 -0.390000 -0.349969
v 0.949743 -0.389992 -0.399889
v 0.899165 -0.389938 -0.399514
v 0.848203 -0.389788 -0.398607
v -0.999998 -0.390000 -0.549998
v -0.999990 -0.390000 -0.499994
v -0.999971 -0.390000 -0.449987
v -0.798306 -0.389787 -0.448156
v -0.799302 -0.389938 -0.499123
v -0.799756 -0.389992 -0.549708
v -0.849994 -0.390000 -0.599985
v -0.899997 -0.390000 -0.599995
v -0.949999 -0.390000 -0.599999
v -0.568853 -0.382063 -0.428045
v -0.578733 -0.385311 -0.483893
v -0.586810 -0.387451 -0.538820
v -0.645885 -0.389498 -0.596692
v -0.698080 -0.389855 -0.598798
v -0.749399 -0.389982 -0.599689
v -0.323391 -0.337442 -0.363947
v -0.341724 -0.354068 -0.426506
v -0.358083 -0.367497 -0.491218
v -0.428045 -0.382063 -0.568853
v -0.483893 -0.385311 -0.578733
v -0.538820 -0.387451 -0.586810
v -0.130281 -0.270839 -0.293654
v -0.144030 -0.301663 -0.361565
v -0.156623 -0.328718 -0.433511
v -0.214407 -0.357665 -0.520251
v -0.263872 -0.364700 -0.532539
v -0.316374 -0.371493 -0.545205
v -0.000000 -0.239677 -0.262214
v -0.000000 -0.276015 -0.332603
v 0.000000 -0.308686 -0.407241
v -0.039741 -0.337450 -0.487573
v -0.080813 -0.340464 -0.492238
v -0.123464 -0.345094 -0.499539
v 0.130281 -0.270839 -0.293655
v 0.144030 -0.301663 -0.361565
v 0.156623 -0.328718 -0.433511
v 0.123464 -0.345094 -0.499539
v 0.080813 -0.340464 -0.492238
v 0.039741 -0.337450 -0.487573
v 0.323391 -0.337442 -0.363948
v 0.341724 -0.354068 -0.426506
v 0.358083 -0.367497 -0.491218
v 0.316374 -0.371493 -0.545205
v 0.263872 -0.364700 -0.532539
v 0.214408 -0.357665 -0.520251
v 0.568853 -0.382063 -0.428045
v 0.578733 -0.385311 -0.483893
v 0.586810 -0.387451 -0.538820
v 0.538820 -0.387451 -0.586810
v 0.483893 -0.385311 -0.578733
v 0.428045 -0.382063 -0.568853
v 0.798306 -0.389787 -0.448156
v 0.799302 -0.389938 -0.499123
v 0.799756 -0.389992 -0.549708
v 0.749399 -0.389982 -0.599689
v 0.698080 -0.389855 -0.598798
v 0.645885 -0.389498 -0.596692
v 0.999971 -0.390000 -0.449987
v 0.999990 -0.390000 -0.499994
v 0.999998 -0.390000 -0.549998
v 0.949999 -0.390000 -0.599999
v 0.899997 -0.390000 -0.599995
v 0.849994 -0.390000 -0.599986
v -1.000000 -0.390000 -0.750000
v -1.000000 -0.390000 -0.700000
v -1.000000 -0.390000 -0.650000
v -0.799967 -0.390000 -0.649985
v -0.799989 -0.390000 -0.699993
v -0.799997 -0.390000 -0.749998
v -0.850000 -0.390000 -0.800000
v -0.900000 -0.390000 -0.800000
v -0.950000 -0.390000 -0.800000
v -0.596692 -0.389498 -0.645885
v -0.598798 -0.389855 -0.698080
v -0.599689 -0.389982 -0.749399
v -0.649985 -0.390000 -0.799967
v -0.699993 -0.390000 -0.799989
v -0.749998 -0.390000 -0.799998
v -0.381960 -0.383799 -0.622906
v -0.389200 -0.387252 -0.684803
v -0.393947 -0.388851 -0.742594
v -0.448156 -0.389787 -0.798306
v -0.499123 -0.389938 -0.799302
v -0.549708 -0.389992 -0.799756
v -0.177358 -0.367101 -0.584654
v -0.185126 -0.377475 -0.656298
v -0.191055 -0.383575 -0.722643
v -0.244846 -0.387649 -0.787125
v -0.294997 -0.388365 -0.790671
v -0.345703 -0.388999 -0.793927
v -0.000000 -0.357309 -0.565288
v -0.000000 -0.371415 -0.640956
v 0.000000 -0.380179 -0.711325
v -0.048437 -0.385388 -0.776671
v -0.097094 -0.385741 -0.778224
v -0.146016 -0.386271 -0.780619
v 0.177358 -0.367101 -0.584654
v 0.185126 -0.377475 -0.656298
v 0.191056 -0.383575 -0.722643
v 0.146016 -0.386271 -0.780619
v 0.097094 -0.385741 -0.778224
v 0.048437 -0.385388 -0.776671
v 0.381960 -0.383799 -0.622906
v 0.389200 -0.387252 -0.684803
v 0.393947 -0.388851 -0.742594
v 0.345703 -0.388999 -0.793927
v 0.294997 -0.388365 -0.790671
v 0.244847 -0.387649 -0.787125
v 0.596692 -0.389498 -0.645885
v 0.598798 -0.389855 -0.698080
v 0.599689 -0.389982 -0.749399
v 0.549708 -0.389992 -0.799756
v 0.499123 -0.389938 -0.799302
v 0.448156 -0.389787 -0.798306
v 0.799967 -0.390000 -0.649985
v 0.799989 -0.390000 -0.699993
v 0.799998 -0.390000 -0.749998
v 0.749998 -0.390000 -0.799998
v 0.699993 -0.390000 -0.799989
v 0.649985 -0.390000 -0.799967
v 1.000000 -0.390000 -0.650000
v 1.000000 -0.390000 -0.700000
v 1.000000 -0.390000 -0.750000
v 0.950000 -0.390000 -0.800000
v 0.900000 -0.390000 -0.800000
v 0.850000 -0.390000 -0.800000
v -0.985938 -0.390000 -0.935938
v -0.995833 -0.390000 -0.895833
v -0.999479 -0.390000 -0.849479
v -0.800000 -0.390000 -0.850000
v -0.800000 -0.390000 -0.900000
v -0.800000 -0.390000 -0.950000
v -0.849479 -0.390000 -0.999479
v -0.895833 -0.390000 -0.995833
v -0.935938 -0.390000 -0.985938
v -0.599986 -0.390000 -0.849994
v -0.599995 -0.390000 -0.899997
v -0.599999 -0.390000 -0.949999
v -0.650000 -0.390000 -1.000000
v -0.700000 -0.390000 -1.000000
v -0.750000 -0.390000 -1.000000
v -0.398608 -0.389788 -0.848203
v -0.399514 -0.389938 -0.899165
v -0.399889 -0.389992 -0.949743
v -0.449987 -0.390000 -0.999971
v -0.499994 -0.390000 -0.999990
v -0.549998 -0.390000 -0.999998
v -0.197846 -0.388746 -0.840844
v -0.199248 -0.389638 -0.895748
v -0.199829 -0.389956 -0.948692
v -0.249963 -0.390000 -0.999744
v -0.299964 -0.390000 -0.999817
v -0.349969 -0.390000 -0.999883
v 0.000000 -0.388075 -0.836498
v 0.000000 -0.389449 -0.893728
v 0.000000 -0.389933 -0.948070
v -0.049989 -0.390000 -0.999529
v -0.099979 -0.390000 -0.999561
v -0.149971 -0.390000 -0.999610
v 0.197846 -0.388746 -0.840844
v 0.199248 -0.389638 -0.895748
v 0.199829 -0.389956 -0.948692
v 0.149971 -0.390000 -0.999610
v 0.099979 -0.390000 -0.999561
v 0.049989 -0.390000 -0.999529
v 0.398607 -0.389788 -0.848203
v 0.399514 -0.389938 -0.899165
v 0.399889 -0.389992 -0.949743
v 0.349969 -0.390000 -0.999883
v 0.299964 -0.390000 -0.999817
v 0.249963 -0.390000 -0.999744
v 0.599985 -0.390000 -0.849994
v 0.599995 -0.390000 -0.899997
v 0.599999 -0.390000 -0.949999
v 0.549998 -0.390000 -0.999998
v 0.499994 -0.390000 -0.999990
v 0.449987 -0.390000 -0.999971
v 0.800000 -0.390000 -0.850000
v 0.800000 -0.390000 -0.900000
v 0.800000 -0.390000 -0.950000
v 0.750000 -0.390000 -1.000000
v 0.700000 -0.390000 -1.000000
v 0.650000 -0.390000 -1.000000
v 0.999479 -0.390000 -0.849479
v 0.995833 -0.390000 -0.895833
v 0.985938 -0.390000 -0.935938
v 0.935938 -0.390000 -0.985938
v 0.895833 -0.390000 -0.995833
v 0.849479 -0.390000 -0.999479
v -0.943045 -0.390000 0.943045
v -0.897830 -0.390000 0.947830
v -0.849729 -0.390000 0.949729
v -0.947830 -0.390000 0.897830
v -0.899306 -0.390000 0.899306
v -0.849913 -0.390000 0.899913
v -0.949729 -0.390000 0.849729
v -0.899913 -0.390000 0.849913
v -0.849989 -0.390000 0.849989
v -0.750000 -0.390000 0.950000
v -0.700000 -0.390000 0.950000
v -0.650000 -0.390000 0.950000
v -0.750000 -0.390000 0.900000
v -0.700000 -0.390000 0.900000
v -0.650000 -0.390000 0.900000
v -0.750000 -0.390000 0.850000
v -0.700000 -0.390000 0.850000
v -0.650000 -0.390000 0.850000
v -0.549991 -0.390000 0.949991
v -0.499970 -0.389999 0.949959
v -0.449935 -0.389997 0.949883
v -0.549959 -0.389999 0.899970
v -0.499868 -0.389992 0.899868
v -0.449715 -0.389974 0.899621
v -0.549883 -0.389997 0.849935
v -0.499621 -0.389974 0.849715
v -0.449184 -0.389912 0.849184
v -0.349847 -0.389985 0.949532
v -0.299821 -0.389976 0.949267
v -0.249816 -0.389966 0.948976
v -0.349326 -0.389880 0.898480
v -0.299213 -0.389805 0.897616
v -0.249188 -0.389722 0.896672
v -0.348069 -0.389589 0.846726
v -0.297747 -0.389330 0.844867
v -0.247676 -0.389039 0.842833
v -0.149857 -0.389946 0.948441
v -0.099896 -0.389939 0.948243
v -0.049944 -0.389934 0.948115
v -0.149372 -0.389563 0.894932
v -0.099542 -0.389503 0.894290
v -0.049753 -0.389463 0.893874
v -0.148201 -0.388482 0.839089
v -0.098688 -0.388268 0.837708
v -0.049294 -0.388126 0.836811
v 0.049944 -0.389934 0.948115
v 0.099896 -0.389939 0.948243
v 0.149857 -0.389946 0.948441
v 0.049753 -0.389463 0.893874
v 0.099542 -0.389503 0.894290
v 0.149372 -0.389563 0.894932
v 0.049294 -0.388126 0.836812
v 0.098688 -0.388268 0.837708
v 0.148202 -0.388482 0.839089
v 0.249816 -0.389966 0.948976
v 0.299821 -0.389976 0.949267
v 0.349847 -0.389985 0.949532
v 0.249188 -0.389722 0.896672
v 0.299213 -0.389805 0.897616
v 0.349326 -0.389880 0.898480
v 0.247676 -0.389039 0.842833
v 0.297747 -0.389330 0.844867
v 0.348069 -0.389589 0.846726
v 0.449935 -0.389997 0.949883
v 0.499970 -0.389999 0.949959
v 0.549991 -0.390000 0.949991
v 0.449715 -0.389974 0.899621
v 0.499868 -0.389992 0.899868
v 0.549959 -0.389999 0.899970
v 0.449184 -0.389912 0.849184
v 0.499621 -0.389974 0.849715
v 0.549883 -0.389997 0.849935
v 0.650000 -0.390000 0.950000
v 0.700000 -0.390000 0.950000
v 0.750000 -0.390000 0.950000
v 0.650000 -0.390000 0.900000
v 0.700000 -0.390000 0.900000
v 0.750000 -0.390000 0.900000
v 0.650000 -0.390000 0.850000
v 0.700000 -0.390000 0.850000
v 0.750000 -0.390000 0.850000
v 0.849729 -0.390000 0.949729
v 0.897830 -0.390000 0.947830
v 0.943045 -0.390000 0.943045
v 0.849913 -0.390000 0.899913
v 0.899306 -0.390000 0.899306
v 0.947830 -0.390000 0.897830
v 0.849989 -0.390000 0.849989
v 0.899913 -0.390000 0.849913
v 0.949729 -0.390000 0.849729
v -0.950000 -0.390000 0.750000
v -0.900000 -0.390000 0.750000
v -0.850000 -0.390000 0.750000
v -0.950000 -0.390000 0.700000
v -0.900000 -0.390000 0.700000
v -0.850000 -0.390000 0.700000
v -0.950000 -0.390000 0.650000
v -0.900000 -0.390000 0.650000
v -0.850000 -0.390000 0.650000
v -0.749979 -0.390000 0.749979
v -0.699932 -0.389998 0.749907
v -0.649853 -0.389993 0.749735
v -0.749907 -0.389998 0.699932
v -0.699699 -0.389982 0.699699
v -0.649351 -0.389940 0.699138
v -0.749735 -0.389993 0.649853
v -0.699137 -0.389940 0.649351
v -0.648142 -0.389794 0.648142
v -0.549177 -0.389949 0.748775
v -0.498052 -0.389818 0.747628
v -0.446262 -0.389488 0.745659
v -0.547704 -0.389687 0.696339
v -0.495736 -0.389310 0.693698
v -0.442828 -0.388558 0.689918
v -0.544503 -0.388957 0.642319
v -0.491293 -0.387983 0.637318
v -0.437013 -0.386345 0.630842
v -0.341812 -0.387834 0.738375
v -0.290556 -0.386524 0.733300
v -0.240319 -0.385054 0.727878
v -0.335922 -0.385290 0.678384
v -0.284059 -0.382841 0.671070
v -0.233820 -0.380149 0.663492
v -0.327560 -0.380257 0.613720
v -0.275216 -0.376027 0.603813
v -0.225189 -0.371505 0.593889
v -0.142545 -0.382238 0.718056
v -0.094567 -0.381156 0.714462
v -0.047079 -0.380437 0.712137
v -0.137635 -0.375076 0.650052
v -0.091006 -0.373146 0.645186
v -0.045171 -0.371870 0.642049
v -0.131250 -0.363195 0.576727
v -0.086398 -0.360080 0.570594
v -0.042711 -0.358035 0.566658
v 0.047079 -0.380437 0.712137
v 0.094567 -0.381156 0.714462
v 0.142545 -0.382238 0.718056
v 0.045171 -0.371870 0.642049
v 0.091006 -0.373146 0.645186
v 0.137635 -0.375076 0.650052
v 0.042711 -0.358035 0.566658
v 0.086398 -0.360080 0.570594
v 0.131250 -0.363195 0.576728
v 0.240319 -0.385054 0.727878
v 0.290556 -0.386524 0.733300
v 0.341812 -0.387834 0.738375
v 0.233820 -0.380149 0.663492
v 0.284059 -0.382841 0.671070
v 0.335922 -0.385290 0.678384
v 0.225189 -0.371505 0.593889
v 0.275216 -0.376027 0.603813
v 0.327560 -0.380257 0.613720
v 0.446262 -0.389488 0.745659
v 0.498052 -0.389818 0.747628
v 0.549177 -0.389950 0.748775
v 0.442828 -0.388558 0.689918
v 0.495736 -0.389310 0.693698
v 0.547704 -0.389687 0.696340
v 0.437013 -0.386345 0.630842
v 0.491293 -0.387983 0.637318
v 0.544503 -0.388957 0.642319
v 0.649853 -0.389993 0.749735
v 0.699932 -0.389998 0.749907
v 0.749979 -0.390000 0.749979
v 0.649351 -0.389940 0.699137
v 0.699699 -0.389982 0.699699
v 0.749907 -0.389998 0.699932
v 0.648142 -0.389794 0.648142
v 0.699137 -0.389940 0.649351
v 0.749735 -0.389993 0.649853
v 0.850000 -0.390000 0.750000
v 0.900000 -0.390000 0.750000
v 0.950000 -0.390000 0.750000
v 0.850000 -0.390000 0.700000
v 0.900000 -0.390000 0.700000
v 0.950000 -0.390000 0.700000
v 0.850000 -0.390000 0.650000
v 0.900000 -0.390000 0.650000
v 0.950000 -0.390000 0.650000
v -0.949991 -0.390000 0.549991
v -0.899970 -0.389999 0.549959
v -0.849935 -0.389997 0.549883
v -0.949959 -0.389999 0.499970
v -0.899868 -0.389992 0.499868
v -0.849715 -0.389974 0.499621
v -0.949883 -0.389997 0.449935
v -0.899621 -0.389974 0.449715
v -0.849184 -0.389912 0.449184
v -0.748775 -0.389949 0.549177
v -0.696339 -0.389687 0.547704
v -0.642319 -0.388957 0.544503
v -0.747628 -0.389818 0.498052
v -0.693698 -0.389310 0.495736
v -0.637318 -0.387983 0.491293
v -0.745659 -0.389488 0.446262
v -0.689918 -0.388558 0.442829
v -0.630842 -0.386345 0.437013
v -0.530266 -0.384822 0.530266
v -0.473158 -0.380780 0.519063
v -0.415624 -0.375063 0.505816
v -0.519063 -0.380780 0.473158
v -0.459450 -0.374143 0.459450
v -0.400190 -0.365242 0.443596
v -0.505816 -0.375063 0.415624
v -0.443596 -0.365242 0.400190
v -0.382643 -0.352637 0.382643
v -0.302340 -0.358295 0.475974
v -0.250110 -0.348249 0.460804
v -0.201621 -0.338148 0.446427
v -0.285862 -0.341101 0.409023
v -0.234275 -0.327415 0.391907
v -0.187106 -0.313984 0.375871
v -0.267607 -0.320423 0.344961
v -0.216873 -0.302922 0.326442
v -0.171230 -0.286075 0.309117
v -0.114420 -0.320583 0.422656
v -0.074358 -0.314227 0.414363
v -0.036320 -0.310125 0.409078
v -0.104274 -0.291162 0.349589
v -0.067132 -0.283034 0.340456
v -0.032494 -0.277830 0.334632
v -0.093194 -0.257987 0.280691
v -0.059234 -0.248123 0.270781
v -0.028309 -0.241854 0.264436
v 0.036320 -0.310125 0.409078
v 0.074358 -0.314227 0.414363
v 0.114420 -0.320583 0.422656
v 0.032494 -0.277830 0.334632
v 0.067132 -0.283034 0.340456
v 0.104274 -0.291162 0.349589
v 0.028309 -0.241854 0.264436
v 0.059234 -0.248123 0.270781
v 0.093195 -0.257987 0.280691
v 0.201621 -0.338148 0.446428
v 0.250110 -0.348249 0.460804
v 0.302340 -0.358295 0.475974
v 0.187106 -0.313984 0.375871
v 0.234275 -0.327415 0.391907
v 0.285862 -0.341101 0.409023
v 0.171230 -0.286075 0.309117
v 0.216873 -0.302922 0.326443
v 0.267607 -0.320423 0.344961
v 0.415624 -0.375063 0.505816
v 0.473158 -0.380780 0.519063
v 0.530266 -0.384822 0.530266
v 0.400190 -0.365242 0.443596
v 0.459450 -0.374143 0.459450
v 0.519063 -0.380780 0.473158
v 0.382643 -0.352637 0.382643
v 0.443596 -0.365242 0.400190
v 0.505816 -0.375063 0.415624
v 0.642319 -0.388957 0.544503
v 0.696339 -0.389687 0.547704
v 0.748775 -0.389949 0.549177
v 0.637318 -0.387983 0.491293
v 0.693698 -0.389310 0.495736
v 0.747628 -0.389818 0.498052
v 0.630842 -0.386345 0.437013
v 0.689918 -0.388558 0.442829
v 0.745659 -0.389488 0.446262
v 0.849935 -0.389997 0.549883
v 0.899970 -0.389999 0.549959
v 0.949991 -0.390000 0.549991
v 0.849715 -0.389974 0.499621
v 0.899868 -0.389992 0.499868
v 0.949959 -0.389999 0.499970
v 0.849184 -0.389912 0.449184
v 0.899621 -0.389974 0.449715
v 0.949884 -0.389997 0.449935
v -0.949532 -0.389985 0.349847
v -0.898480 -0.389880 0.349326
v -0.846726 -0.389589 0.348069
v -0.949267 -0.389976 0.299821
v -0.897616 -0.389805 0.299213
v -0.844867 -0.389330 0.297747
v -0.948976 -0.389966 0.249816
v -0.896672 -0.389722 0.249188
v -0.842833 -0.389039 0.247676
v -0.738375 -0.387834 0.341812
v -0.678384 -0.385290 0.335922
v -0.613720 -0.380257 0.327559
v -0.733300 -0.386524 0.290556
v -0.671070 -0.382841 0.284059
v -0.603813 -0.376027 0.275216
v -0.727878 -0.385054 0.240319
v -0.663492 -0.380149 0.233820
v -0.593889 -0.371505 0.225189
v -0.475974 -0.358295 0.302340
v -0.409023 -0.341101 0.285862
v -0.344961 -0.320423 0.267607
v -0.460804 -0.348249 0.250110
v -0.391907 -0.327415 0.234275
v -0.326443 -0.302922 0.216873
v -0.446427 -0.338148 0.201621
v -0.375871 -0.313984 0.187106
v -0.309117 -0.286075 0.171230
v -0.228414 -0.271654 0.228414
v -0.179263 -0.246726 0.208688
v -0.136604 -0.223448 0.189848
v -0.208688 -0.246726 0.179263
v -0.159914 -0.218735 0.159914
v -0.118323 -0.193019 0.141069
v -0.189848 -0.223448 0.136604
v -0.141069 -0.193019 0.118323
v -0.100083 -0.165587 0.100083
v -0.068502 -0.185938 0.157980
v -0.041450 -0.173136 0.146524
v -0.018810 -0.165137 0.139040
v -0.054739 -0.152517 0.108204
v -0.031303 -0.139014 0.096022
v -0.013299 -0.130714 0.087921
v -0.040259 -0.123727 0.066988
v -0.020380 -0.110309 0.054217
v -0.007270 -0.102314 0.045528
v 0.018810 -0.165137 0.139040
v 0.041450 -0.173136 0.146524
v 0.068502 -0.185938 0.157980
v 0.013299 -0.130714 0.087921
v 0.031303 -0.139014 0.096022
v 0.054739 -0.152517 0.108204
v 0.007270 -0.102314 0.045528
v 0.020380 -0.110309 0.054217
v 0.040259 -0.123727 0.066988
v 0.136604 -0.223448 0.189848
v 0.179263 -0.246726 0.208688
v 0.228414 -0.271654 0.228414
v 0.118323 -0.193019 0.141069
v 0.159914 -0.218735 0.159914
v 0.208688 -0.246726 0.179263
v 0.100083 -0.165587 0.100083
v 0.141069 -0.193019 0.118323
v 0.189848 -0.223448 0.136604
v 0.344962 -0.320423 0.267607
v 0.409023 -0.341101 0.285862
v 0.475974 -0.358295 0.302340
v 0.326442 -0.302922 0.216873
v 0.391907 -0.327415 0.234275
v 0.460804 -0.348249 0.250110
v 0.309117 -0.286075 0.171230
v 0.375871 -0.313984 0.187106
v 0.446427 -0.338148 0.201621
v 0.613721 -0.380257 0.327560
v 0.678384 -0.385290 0.335922
v 0.738375 -0.387834 0.341812
v 0.603813 -0.376027 0.275216
v 0.671070 -0.382841 0.284059
v 0.733300 -0.386524 0.290556
v 0.593889 -0.371505 0.225189
v 0.663492 -0.380149 0.233820
v 0.727878 -0.385054 0.240319
v 0.846726 -0.389589 0.348069
v 0.898480 -0.389880 0.349326
v 0.949532 -0.389985 0.349847
v 0.844867 -0.389330 0.297747
v 0.897616 -0.389805 0.299213
v 0.949267 -0.389976 0.299821
v 0.842833 -0.389039 0.247676
v 0.896672 -0.389722 0.249188
v 0.948976 -0.389966 0.249816
v -0.948441 -0.389946 0.149857
v -0.894932 -0.389563 0.149372
v -0.839089 -0.388482 0.148201
v -0.948243 -0.389939 0.099896
v -0.894290 -0.389503 0.099542
v -0.837708 -0.388268 0.098688
v -0.948115 -0.389934 0.049944
v -0.893874 -0.389463 0.049753
v -0.836812 -0.388126 0.049294
v -0.718056 -0.382238 0.142545
v -0.650052 -0.375076 0.137635
v -0.576727 -0.363195 0.131250
v -0.714462 -0.381156 0.094567
v -0.645186 -0.373146 0.091006
v -0.570594 -0.360080 0.086398
v -0.712137 -0.380437 0.047079
v -0.642049 -0.371870 0.045171
v -0.566658 -0.358035 0.042711
v -0.422656 -0.320583 0.114420
v -0.349589 -0.291162 0.104274
v -0.280691 -0.257987 0.093195
v -0.414362 -0.314226 0.074358
v -0.340456 -0.283034 0.067132
v -0.270781 -0.248123 0.059234
v -0.409078 -0.310125 0.036320
v -0.334633 -0.277830 0.032494
v -0.264436 -0.241854 0.028309
v -0.157979 -0.185938 0.068503
v -0.108204 -0.152516 0.054739
v -0.066988 -0.123727 0.040259
v -0.146524 -0.173136 0.041450
v -0.096022 -0.139014 0.031303
v -0.054217 -0.110309 0.020380
v -0.139040 -0.165137 0.018810
v -0.087921 -0.130714 0.013299
v -0.045528 -0.102314 0.007270
v -0.011452 -0.084207 0.011452
v 0.002285 -0.073712 -0.000794
v 0.005627 -0.068612 -0.009596
v 0.000794 -0.073712 -0.002285
v 0.012367 -0.065732 -0.012367
v 0.011557 -0.063029 -0.019806
v 0.009595 -0.068612 -0.005627
v 0.019806 -0.063029 -0.011557
v 0.016014 -0.062624 -0.016014
v -0.005627 -0.068612 -0.009596
v -0.002285 -0.073712 -0.000794
v 0.011452 -0.084207 0.011452
v -0.011557 -0.063029 -0.019806
v -0.012367 -0.065732 -0.012367
v -0.000794 -0.073713 -0.002285
v -0.016014 -0.062624 -0.016013
v -0.019806 -0.063029 -0.011556
v -0.009595 -0.068613 -0.005627
v 0.066988 -0.123727 0.040259
v 0.108204 -0.152516 0.054739
v 0.157980 -0.185938 0.068502
v 0.054217 -0.110309 0.020380
v 0.096022 -0.139014 0.031303
v 0.146524 -0.173136 0.041450
v 0.045528 -0.102314 0.007270
v 0.087921 -0.130714 0.013299
v 0.139040 -0.165137 0.018810
v 0.280691 -0.257987 0.093195
v 0.349589 -0.291162 0.104274
v 0.422656 -0.320582 0.114420
v 0.270781 -0.248123 0.059234
v 0.340456 -0.283034 0.067132
v 0.414362 -0.314227 0.074358
v 0.264436 -0.241854 0.028309
v 0.334632 -0.277830 0.032494
v 0.409078 -0.310125 0.036320
v 0.576728 -0.363195 0.131250
v 0.650052 -0.375076 0.137635
v 0.718056 -0.382238 0.142545
v 0.570594 -0.360080 0.086398
v 0.645186 -0.373146 0.091006
v 0.714462 -0.381156 0.094567
v 0.566658 -0.358035 0.042711
v 0.642049 -0.371870 0.045171
v 0.712137 -0.380437 0.047079
v 0.839089 -0.388482 0.148201
v 0.894932 -0.389563 0.149372
v 0.948441 -0.389946 0.149857
v 0.837708 -0.388268 0.098688
v 0.894290 -0.389503 0.099542
v 0.948243 -0.389939 0.099896
v 0.836812 -0.388126 0.049294
v 0.893874 -0.389463 0.049753
v 0.948115 -0.389934 0.049944
v -0.948115 -0.389934 -0.049944
v -0.893874 -0.389463 -0.049753
v -0.836812 -0.388126 -0.049294
v -0.948243 -0.389939 -0.099896
v -0.894290 -0.389503 -0.099542
v -0.837708 -0.388268 -0.098688
v -0.948441 -0.389946 -0.149857
v -0.894932 -0.389563 -0.149372
v -0.839089 -0.388482 -0.148201
v -0.712137 -0.380437 -0.047079
v -0.642049 -0.371870 -0.045171
v -0.566658 -0.358035 -0.042711
v -0.714462 -0.381156 -0.094567
v -0.645186 -0.373146 -0.091006
v -0.570594 -0.360080 -0.086398
v -0.718056 -0.382238 -0.142545
v -0.650052 -0.375076 -0.137635
v -0.576728 -0.363195 -0.131250
v -0.409078 -0.310125 -0.036320
v -0.334632 -0.277830 -0.032495
v -0.264436 -0.241854 -0.028309
v -0.414362 -0.314227 -0.074358
v -0.340456 -0.283034 -0.067132
v -0.270781 -0.248123 -0.059234
v -0.422656 -0.320582 -0.114420
v -0.349589 -0.291162 -0.104274
v -0.280691 -0.257987 -0.093195
v -0.139040 -0.165137 -0.018810
v -0.087921 -0.130714 -0.013299
v -0.045528 -0.102314 -0.007270
v -0.146524 -0.173136 -0.041450
v -0.096022 -0.139014 -0.031303
v -0.054217 -0.110309 -0.020380
v -0.157980 -0.185938 -0.068502
v -0.108204 -0.152517 -0.054739
v -0.066988 -0.123727 -0.040259
v 0.009596 -0.068613 0.005627
v 0.019806 -0.063029 0.011557
v 0.016014 -0.062624 0.016014
v 0.000794 -0.073712 0.002285
v 0.012367 -0.065732 0.012367
v 0.011557 -0.063029 0.019806
v -0.011452 -0.084207 -0.011452
v 0.002285 -0.073712 0.000794
v 0.005627 -0.068613 0.009595
v -0.016014 -0.062624 0.016014
v -0.019806 -0.063029 0.011557
v -0.009595 -0.068613 0.005627
v -0.011557 -0.063029 0.019806
v -0.012367 -0.065732 0.012367
v -0.000794 -0.073712 0.002285
v -0.005627 -0.068613 0.009595
v -0.002285 -0.073713 0.000794
v 0.011452 -0.084207 -0.011452
v 0.045528 -0.102314 -0.007270
v 0.087921 -0.130714 -0.013299
v 0.139040 -0.165137 -0.018810
v 0.054217 -0.110309 -0.020380
v 0.096022 -0.139014 -0.031303
v 0.146524 -0.173136 -0.041450
v 0.066988 -0.123727 -0.040259
v 0.108204 -0.152517 -0.054739
v 0.157980 -0.185938 -0.068502
v 0.264436 -0.241854 -0.028309
v 0.334633 -0.277830 -0.032494
v 0.409078 -0.310125 -0.036320
v 0.270781 -0.248123 -0.059234
v 0.340456 -0.283034 -0.067132
v 0.414362 -0.314227 -0.074358
v 0.280691 -0.257987 -0.093195
v 0.349589 -0.291162 -0.104274
v 0.422656 -0.320583 -0.114420
v 0.566658 -0.358035 -0.042711
v 0.642049 -0.371870 -0.045171
v 0.712137 -0.380437 -0.047079
v 0.570594 -0.360080 -0.086398
v 0.645186 -0.373146 -0.091006
v 0.714462 -0.381156 -0.094567
v 0.576728 -0.363195 -0.131250
v 0.650052 -0.375076 -0.137635
v 0.718056 -0.382238 -0.142545
v 0.836812 -0.388126 -0.049294
v 0.893874 -0.389463 -0.049753
v 0.948115 -0.389934 -0.049944
v 0.837708 -0.388268 -0.098688
v 0.894290 -0.389503 -0.099542
v 0.948243 -0.389939 -0.099896
v 0.839089 -0.388482 -0.148201
v 0.894932 -0.389563 -0.149372
v 0.948441 -0.389946 -0.149857
v -0.948976 -0.389966 -0.249816
v -0.896672 -0.389722 -0.249188
v -0.842833 -0.389039 -0.247676
v -0.949267 -0.389976 -0.299821
v -0.897616 -0.389805 -0.299213
v -0.844867 -0.389330 -0.297747
v -0.949532 -0.389985 -0.349847
v -0.898480 -0.389880 -0.349326
v -0.846726 -0.389589 -0.348069
v -0.727878 -0.385054 -0.240319
v -0.663492 -0.380149 -0.233820
v -0.593889 -0.371505 -0.225189
v -0.733300 -0.386524 -0.290556
v -0.671070 -0.382841 -0.284059
v -0.603813 -0.376027 -0.275216
v -0.738375 -0.387834 -0.341812
v -0.678384 -0.385290 -0.335922
v -0.613720 -0.380257 -0.327560
v -0.446427 -0.338148 -0.201621
v -0.375871 -0.313984 -0.187106
v -0.309117 -0.286075 -0.171230
v -0.460804 -0.348249 -0.250110
v -0.391907 -0.327415 -0.234275
v -0.326442 -0.302922 -0.216873
v -0.475974 -0.358295 -0.302340
v -0.409023 -0.341101 -0.285862
v -0.344961 -0.320423 -0.267607
v -0.189848 -0.223448 -0.136604
v -0.141069 -0.193019 -0.118323
v -0.100083 -0.165587 -0.100083
v -0.208688 -0.246726 -0.179263
v -0.159914 -0.218735 -0.159914
v -0.118323 -0.193019 -0.141069
v -0.228414 -0.271654 -0.228414
v -0.179263 -0.246726 -0.208688
v -0.136604 -0.223448 -0.189848
v -0.040259 -0.123727 -0.066988
v -0.020380 -0.110309 -0.054217
v -0.007270 -0.102314 -0.045528
v -0.054739 -0.152516 -0.108204
v -0.031303 -0.139014 -0.096022
v -0.013299 -0.130714 -0.087921
v -0.068502 -0.185938 -0.157980
v -0.041450 -0.173136 -0.146524
v -0.018810 -0.165137 -0.139040
v 0.007270 -0.102314 -0.045528
v 0.020380 -0.110309 -0.054217
v 0.040259 -0.123727 -0.066988
v 0.013299 -0.130714 -0.087921
v 0.031303 -0.139014 -0.096022
v 0.054739 -0.152517 -0.108204
v 0.018810 -0.165137 -0.139040
v 0.041450 -0.173136 -0.146524
v 0.068502 -0.185938 -0.157980
v 0.100083 -0.165587 -0.100083
v 0.141069 -0.193019 -0.118323
v 0.189848 -0.223448 -0.136604
v 0.118323 -0.193019 -0.141069
v 0.159914 -0.218735 -0.159914
v 0.208688 -0.246726 -0.179263
v 0.136604 -0.223448 -0.189848
v 0.179263 -0.246726 -0.208688
v 0.228414 -0.271654 -0.228414
v 0.309117 -0.286075 -0.171230
v 0.375871 -0.313984 -0.187106
v 0.446428 -0.338148 -0.201621
v 0.326442 -0.302922 -0.216873
v 0.391907 -0.327415 -0.234275
v 0.460804 -0.348249 -0.250110
v 0.344961 -0.320423 -0.267607
v 0.409023 -0.341101 -0.285862
v 0.475974 -0.358295 -0.302340
v 0.593889 -0.371505 -0.225189
v 0.663492 -0.380149 -0.233820
v 0.727878 -0.385054 -0.240319
v 0.603813 -0.376027 -0.275216
v 0.671070 -0.382841 -0.284059
v 0.733300 -0.386524 -0.290556
v 0.613721 -0.380257 -0.327560
v 0.678384 -0.385290 -0.335922
v 0.738375 -0.387834 -0.341812
v 0.842833 -0.389039 -0.247676
v 0.896672 -0.389722 -0.249188
v 0.948976 -0.389966 -0.249816
v 0.844867 -0.389330 -0.297747
v 0.897616 -0.389805 -0.299213
v 0.949267 -0.389976 -0.299821
v 0.846726 -0.389589 -0.348069
v 0.898480 -0.389880 -0.349326
v 0.949532 -0.389985 -0.349847
v -0.949884 -0.389997 -0.449935
v -0.899621 -0.389974 -0.449715
v -0.849184 -0.389912 -0.449184
v -0.949959 -0.389999 -0.499970
v -0.899868 -0.389992 -0.499868
v -0.849715 -0.389974 -0.499621
v -0.949991 -0.390000 -0.549991
v -0.899970 -0.389999 -0.549959
v -0.849935 -0.389997 -0.549883
v -0.745659 -0.389488 -0.446262
v -0.689918 -0.388558 -0.442828
v -0.630842 -0.386345 -0.437013
v -0.747628 -0.389818 -0.498052
v -0.693698 -0.389310 -0.495736
v -0.637318 -0.387983 -0.491293
v -0.748775 -0.389949 -0.549177
v -0.696339 -0.389687 -0.547704
v -0.642319 -0.388957 -0.544503
v -0.505816 -0.375063 -0.415623
v -0.443596 -0.365242 -0.400190
v -0.382643 -0.352637 -0.382643
v -0.519063 -0.380780 -0.473158
v -0.459450 -0.374143 -0.459450
v -0.400190 -0.365242 -0.443596
v -0.530266 -0.384822 -0.530266
v -0.473158 -0.380780 -0.519063
v -0.415624 -0.375063 -0.505816
v -0.267607 -0.320423 -0.344961
v -0.216873 -0.302922 -0.326442
v -0.171229 -0.286075 -0.309117
v -0.285862 -0.341101 -0.409023
v -0.234275 -0.327415 -0.391907
v -0.187106 -0.313984 -0.375871
v -0.302340 -0.358295 -0.475974
v -0.250110 -0.348249 -0.460804
v -0.201621 -0.338148 -0.446427
v -0.093195 -0.257987 -0.280691
v -0.059234 -0.248123 -0.270781
v -0.028309 -0.241854 -0.264436
v -0.104274 -0.291162 -0.349589
v -0.067132 -0.283034 -0.340456
v -0.032494 -0.277830 -0.334633
v -0.114420 -0.320582 -0.422656
v -0.074358 -0.314227 -0.414362
v -0.036320 -0.310125 -0.409078
v 0.028309 -0.241854 -0.264436
v 0.059234 -0.248123 -0.270781
v 0.093195 -0.257987 -0.280691
v 0.032494 -0.277830 -0.334633
v 0.067132 -0.283034 -0.340456
v 0.104274 -0.291162 -0.349589
v 0.036320 -0.310125 -0.409078
v 0.074358 -0.314227 -0.414362
v 0.114420 -0.320582 -0.422655
v 0.171230 -0.286075 -0.309117
v 0.216873 -0.302922 -0.326442
v 0.267607 -0.320423 -0.344961
v 0.187106 -0.313984 -0.375871
v 0.234275 -0.327415 -0.391907
v 0.285862 -0.341101 -0.409023
v 0.201621 -0.338148 -0.446428
v 0.250110 -0.348249 -0.460804
v 0.302340 -0.358295 -0.475974
v 0.382643 -0.352637 -0.382643
v 0.443596 -0.365242 -0.400190
v 0.505816 -0.375063 -0.415623
v 0.400190 -0.365242 -0.443596
v 0.459450 -0.374143 -0.459450
v 0.519063 -0.380780 -0.473158
v 0.415624 -0.375063 -0.505816
v 0.473158 -0.380780 -0.519063
v 0.530266 -0.384822 -0.530266
v 0.630842 -0.386345 -0.437013
v 0.689918 -0.388558 -0.442829
v 0.745659 -0.389488 -0.446262
v 0.637318 -0.387983 -0.491293
v 0.693698 -0.389310 -0.495736
v 0.747628 -0.389818 -0.498052
v 0.642319 -0.388957 -0.544503
v 0.696339 -0.389687 -0.547704
v 0.748775 -0.389950 -0.549177
v 0.849184 -0.389912 -0.449184
v 0.899621 -0.389974 -0.449715
v 0.949883 -0.389997 -0.449935
v 0.849715 -0.389974 -0.499621
v 0.899868 -0.389992 -0.499868
v 0.949959 -0.389999 -0.499970
v 0.849935 -0.389997 -0.549884
v 0.899970 -0.389999 -0.549959
v 0.949991 -0.390000 -0.549991
v -0.950000 -0.390000 -0.650000
v -0.900000 -0.390000 -0.650000
v -0.850000 -0.390000 -0.650000
v -0.950000 -0.390000 -0.700000
v -0.900000 -0.390000 -0.700000
v -0.850000 -0.390000 -0.700000
v -0.950000 -0.390000 -0.750000
v -0.900000 -0.390000 -0.750000
v -0.850000 -0.390000 -0.750000
v -0.749735 -0.389993 -0.649853
v -0.699137 -0.389940 -0.649351
v -0.648142 -0.389794 -0.648142
v -0.749907 -0.389998 -0.699932
v -0.699699 -0.389982 -0.699699
v -0.649351 -0.389940 -0.699137
v -0.749979 -0.390000 -0.749979
v -0.699932 -0.389998 -0.749907
v -0.649853 -0.389993 -0.749735
v -0.544503 -0.388957 -0.642319
v -0.491293 -0.387983 -0.637318
v -0.437013 -0.386345 -0.630842
v -0.547704 -0.389687 -0.696339
v -0.495736 -0.389310 -0.693698
v -0.442829 -0.388558 -0.689918
v -0.549177 -0.389950 -0.748775
v -0.498052 -0.389818 -0.747628
v -0.446262 -0.389488 -0.745659
v -0.327559 -0.380257 -0.613720
v -0.275216 -0.376027 -0.603813
v -0.225189 -0.371505 -0.593889
v -0.335922 -0.385290 -0.678384
v -0.284059 -0.382841 -0.671070
v -0.233820 -0.380149 -0.663492
v -0.341812 -0.387834 -0.738375
v -0.290556 -0.386524 -0.733300
v -0.240319 -0.385054 -0.727878
v -0.131250 -0.363195 -0.576727
v -0.086398 -0.360080 -0.570594
v -0.042711 -0.358035 -0.566658
v -0.137635 -0.375076 -0.650052
v -0.091006 -0.373146 -0.645186
v -0.045171 -0.371870 -0.642049
v -0.142545 -0.382238 -0.718056
v -0.094567 -0.381156 -0.714462
v -0.047079 -0.380437 -0.712137
v 0.042711 -0.358035 -0.566658
v 0.086398 -0.360080 -0.570594
v 0.131250 -0.363195 -0.576728
v 0.045171 -0.371870 -0.642049
v 0.091006 -0.373146 -0.645186
v 0.137635 -0.375076 -0.650052
v 0.047079 -0.380437 -0.712137
v 0.094567 -0.381156 -0.714462
v 0.142545 -0.382238 -0.718056
v 0.225189 -0.371505 -0.593889
v 0.275216 -0.376027 -0.603813
v 0.327560 -0.380257 -0.613720
v 0.233820 -0.380149 -0.663492
v 0.284059 -0.382841 -0.671070
v 0.335922 -0.385290 -0.678384
v 0.240319 -0.385054 -0.727878
v 0.290556 -0.386524 -0.733300
v 0.341812 -0.387834 -0.738375
v 0.437013 -0.386345 -0.630842
v 0.491293 -0.387983 -0.637318
v 0.544503 -0.388957 -0.642319
v 0.442829 -0.388558 -0.689918
v 0.495736 -0.389310 -0.693698
v 0.547704 -0.389687 -0.696339
v 0.446262 -0.389488 -0.745659
v 0.498052 -0.389818 -0.747628
v 0.549177 -0.389950 -0.748775
v 0.648142 -0.389794 -0.648142
v 0.699137 -0.389940 -0.649351
v 0.749735 -0.389993 -0.649853
v 0.649351 -0.389940 -0.699137
v 0.699699 -0.389982 -0.699699
v 0.749907 -0.389998 -0.699932
v 0.649853 -0.389993 -0.749735
v 0.699932 -0.389998 -0.749907
v 0.749979 -0.390000 -0.749979
v 0.850000 -0.390000 -0.650000
v 0.900000 -0.390000 -0.650000
v 0.950000 -0.390000 -0.650000
v 0.850000 -0.390000 -0.700000
v 0.900000 -0.390000 -0.700000
v 0.950000 -0.390000 -0.700000
v 0.850000 -0.390000 -0.750000
v 0.900000 -0.390000 -0.750000
v 0.950000 -0.390000 -0.750000
v -0.949729 -0.390000 -0.849729
v -0.899913 -0.390000 -0.849913
v -0.849989 -0.390000 -0.849989
v -0.947830 -0.390000 -0.897830
v -0.899306 -0.390000 -0.899306
v -0.849913 -0.390000 -0.899913
v -0.943045 -0.390000 -0.943045
v -0.897830 -0.390000 -0.947830
v -0.849729 -0.390000 -0.949729
v -0.750000 -0.390000 -0.850000
v -0.700000 -0.390000 -0.850000
v -0.650000 -0.390000 -0.850000
v -0.750000 -0.390000 -0.900000
v -0.700000 -0.390000 -0.900000
v -0.650000 -0.390000 -0.900000
v -0.750000 -0.390000 -0.950000
v -0.700000 -0.390000 -0.950000
v -0.650000 -0.390000 -0.950000
v -0.549883 -0.389997 -0.849935
v -0.499621 -0.389974 -0.849715
v -0.449184 -0.389912 -0.849184
v -0.549959 -0.389999 -0.899970
v -0.499868 -0.389992 -0.899868
v -0.449715 -0.389974 -0.899621
v -0.549991 -0.390000 -0.949991
v -0.499970 -0.389999 -0.949959
v -0.449935 -0.389997 -0.949884
v -0.348069 -0.389589 -0.846726
v -0.297747 -0.389330 -0.844867
v -0.247676 -0.389039 -0.842833
v -0.349326 -0.389880 -0.898480
v -0.299213 -0.389805 -0.897616
v -0.249188 -0.389722 -0.896672
v -0.349847 -0.389985 -0.949532
v -0.299821 -0.389976 -0.949267
v -0.249816 -0.389966 -0.948976
v -0.148201 -0.388482 -0.839089
v -0.098688 -0.388268 -0.837708
v -0.049294 -0.388126 -0.836812
v -0.149372 -0.389563 -0.894932
v -0.099542 -0.389503 -0.894290
v -0.049753 -0.389463 -0.893874
v -0.149857 -0.389946 -0.948441
v -0.099896 -0.389939 -0.948243
v -0.049944 -0.389934 -0.948115
v 0.049294 -0.388126 -0.836812
v 0.098688 -0.388268 -0.837708
v 0.148202 -0.388482 -0.839089
v 0.049753 -0.389463 -0.893874
v 0.099542 -0.389503 -0.894290
v 0.149372 -0.389563 -0.894932
v 0.049944 -0.389934 -0.948115
v 0.099896 -0.389939 -0.948243
v 0.149857 -0.389946 -0.948441
v 0.247676 -0.389039 -0.842833
v 0.297747 -0.389330 -0.844867
v 0.348069 -0.389589 -0.846726
v 0.249188 -0.389722 -0.896672
v 0.299213 -0.389805 -0.897616
v 0.349326 -0.389880 -0.898480
v 0.249816 -0.389966 -0.948976
v 0.299821 -0.389976 -0.949267
v 0.349847 -0.389985 -0.949532
v 0.449184 -0.389912 -0.849184
v 0.499621 -0.389974 -0.849715
v 0.549883 -0.389997 -0.849935
v 0.449715 -0.389974 -0.899621
v 0.499868 -0.389992 -0.899868
v 0.549959 -0.389999 -0.899970
v 0.449935 -0.389997 -0.949884
v 0.499970 -0.389999 -0.949959
v 0.549991 -0.390000 -0.949991
v 0.650000 -0.390000 -0.850000
v 0.700000 -0.390000 -0.850000
v 0.750000 -0.390000 -0.850000
v 0.650000 -0.390000 -0.900000
v 0.700000 -0.390000 -0.900000
v 0.750000 -0.390000 -0.900000
v 0.650000 -0.390000 -0.950000
v 0.700000 -0.390000 -0.950000
v 0.750000 -0.390000 -0.950000
v 0.849989 -0.390000 -0.849989
v 0.899913 -0.390000 -0.849913
v 0.949729 -0.390000 -0.849729
v 0.849913 -0.390000 -0.899913
v 0.899306 -0.390000 -0.899306
v 0.947830 -0.390000 -0.897830
v 0.849729 -0.390000 -0.949729
v 0.897830 -0.390000 -0.947830
v 0.943045 -0.390000 -0.943045
vn -0.0000 1.0000 -0.0000
vn -0.0001 1.0000 0.0001
vn -0.0002 1.0000 0.0003
vn -0.0003 1.0000 0.0002
vn -0.0008 1.0000 0.0008
vn -0.0000 1.0000 0.0001
vn -0.0004 1.0000 0.0008
vn -0.0015 1.0000 0.0021
vn -0.0040 1.0000 0.0040
vn -0.0021 1.0000 0.0015
vn -0.0008 1.0000 0.0004
vn -0.0001 1.0000 -0.0000
vn -0.0008 1.0000 0.0026
vn -0.0009 1.0000 0.0039
vn -0.0031 1.0000 0.0072
vn -0.0033 0.9999 0.0107
vn -0.0001 1.0000 0.0002
vn -0.0001 1.0000 0.0004
vn -0.0001 1.0000 0.0006
vn -0.0001 1.0000 0.0008
vn -0.0008 1.0000 0.0053
vn -0.0033 0.9999 0.0143
vn -0.0085 0.9996 0.0278
vn -0.0087 0.9997 0.0208
vn -0.0080 0.9999 0.0140
vn -0.0063 0.9999 0.0082
vn -0.0024 1.0000 0.0042
vn -0.0006 1.0000 0.0015
vn -0.0006 1.0000 0.0075
vn -0.0004 1.0000 0.0083
vn -0.0023 0.9998 0.0204
vn -0.0015 0.9997 0.0224
vn -0.0001 1.0000 0.0009
vn -0.0001 1.0000 0.0011
vn -0.0000 1.0000 0.0012
vn -0.0001 1.0000 0.0087
vn -0.0005 0.9997 0.0235
vn -0.0014 0.9990 0.0457
vn -0.0038 0.9990 0.0436
vn -0.0059 0.9992 0.0397
vn -0.0074 0.9994 0.0343
vn -0.0029 0.9998 0.0176
vn -0.0007 1.0000 0.0065
vn 0.0004 1.0000 0.0083
vn 0.0006 1.0000 0.0075
vn 0.0015 0.9997 0.0224
vn 0.0023 0.9998 0.0204
vn 0.0001 1.0000 0.0011
vn 0.0001 1.0000 0.0009
vn 0.0007 1.0000 0.0065
vn 0.0029 0.9998 0.0176
vn 0.0074 0.9994 0.0343
vn 0.0059 0.9992 0.0397
vn 0.0038 0.9990 0.0436
vn 0.0014 0.9990 0.0457
vn 0.0005 0.9997 0.0235
vn 0.0001 1.0000 0.0087
vn 0.0009 1.0000 0.0039
vn 0.0008 1.0000 0.0026
vn 0.0033 0.9999 0.0107
vn 0.0031 1.0000 0.0072
vn 0.0001 1.0000 0.0008
vn 0.0001 1.0000 0.0006
vn 0.0001 1.0000 0.0004
vn 0.0001 1.0000 0.0002
vn 0.0006 1.0000 0.0015
vn 0.0024 1.0000 0.0042
vn 0.0063 0.9999 0.0082
vn 0.0080 0.9999 0.0140
vn 0.0087 0.9997 0.0208
vn 0.0085 0.9996 0.0278
vn 0.0033 0.9999 0.0143
vn 0.0008 1.0000 0.0053
vn 0.0002 1.0000 0.0003
vn 0.0001 1.0000 0.0001
vn 0.0008 1.0000 0.0008
vn 0.0003 1.0000 0.0002
vn 0.0001 1.0000 -0.0000
vn 0.0008 1.0000 0.0004
vn 0.0021 1.0000 0.0015
vn 0.0040 1.0000 0.0040
vn 0.0015 1.0000 0.0021
vn 0.0004 1.0000 0.0008
vn -0.0002 1.0000 0.0002
vn -0.0005 1.0000 0.0007
vn -0.0007 1.0000 0.0005
vn -0.0018 1.0000 0.0018
vn -0.0009 1.0000 0.0017
vn -0.0035 1.0000 0.0047
vn -0.0091 0.9999 0.0091
vn -0.0047 1.0000 0.0035
vn -0.0017 1.0000 0.0009
vn -0.0002 1.0000 0.0001
vn -0.0045 1.0000 0.0069
vn -0.0093 0.9999 0.0122
vn -0.0111 0.9998 0.0174
vn -0.0188 0.9994 0.0282
vn -0.0004 1.0000 0.0006
vn -0.0018 1.0000 0.0015
vn -0.0044 1.0000 0.0037
vn -0.0084 0.9999 0.0081
vn -0.0162 0.9997 0.0205
vn -0.0292 0.9987 0.0425
vn -0.0497 0.9960 0.0742
vn -0.0354 0.9980 0.0516
vn -0.0239 0.9992 0.0330
vn -0.0152 0.9997 0.0188
vn -0.0061 0.9999 0.0097
vn -0.0018 1.0000 0.0036
vn -0.0299 0.9984 0.0470
vn -0.0323 0.9975 0.0634
vn -0.0491 0.9954 0.0819
vn -0.0521 0.9932 0.1044
vn -0.0132 0.9998 0.0152
vn -0.0166 0.9996 0.0249
vn -0.0180 0.9992 0.0360
vn -0.0176 0.9987 0.0475
vn -0.0313 0.9963 0.0800
vn -0.0501 0.9907 0.1265
vn -0.0741 0.9797 0.1861
vn -0.0779 0.9843 0.1582
vn -0.0749 0.9888 0.1291
vn -0.0650 0.9928 0.1004
vn -0.0411 0.9973 0.0607
vn -0.0243 0.9992 0.0322
vn -0.0215 0.9940 0.1076
vn -0.0141 0.9931 0.1167
vn -0.0342 0.9861 0.1629
vn -0.0223 0.9844 0.1747
vn -0.0154 0.9982 0.0580
vn -0.0121 0.9977 0.0668
vn -0.0080 0.9973 0.0732
vn -0.0029 0.9971 0.0767
vn -0.0051 0.9926 0.1216
vn -0.0080 0.9834 0.1810
vn -0.0117 0.9674 0.2530
vn -0.0326 0.9689 0.2453
vn -0.0501 0.9717 0.2309
vn -0.0641 0.9754 0.2108
vn -0.0436 0.9883 0.1465
vn -0.0274 0.9951 0.0951
vn 0.0141 0.9931 0.1167
vn 0.0215 0.9940 0.1076
vn 0.0223 0.9844 0.1747
vn 0.0342 0.9861 0.1629
vn 0.0029 0.9971 0.0767
vn 0.0080 0.9973 0.0732
vn 0.0121 0.9977 0.0668
vn 0.0154 0.9982 0.0580
vn 0.0274 0.9951 0.0951
vn 0.0436 0.9883 0.1465
vn 0.0641 0.9754 0.2108
vn 0.0501 0.9717 0.2309
vn 0.0326 0.9689 0.2453
vn 0.0117 0.9674 0.2530
vn 0.0080 0.9834 0.1810
vn 0.0051 0.9926 0.1216
vn 0.0323 0.9975 0.0634
vn 0.0299 0.9984 0.0470
vn 0.0521 0.9932 0.1044
vn 0.0491 0.9954 0.0819
vn 0.0176 0.9987 0.0475
vn 0.0180 0.9992 0.0360
vn 0.0166 0.9996 0.0249
vn 0.0132 0.9998 0.0152
vn 0.0243 0.9992 0.0322
vn 0.0411 0.9973 0.0607
vn 0.0650 0.9928 0.1004
vn 0.0749 0.9888 0.1291
vn 0.0779 0.9843 0.1582
vn 0.0741 0.9797 0.1861
vn 0.0501 0.9907 0.1265
vn 0.0313 0.9963 0.0800
vn 0.0093 0.9999 0.0122
vn 0.0045 1.0000 0.0069
vn 0.0188 0.9994 0.0282
vn 0.0111 0.9998 0.0174
vn 0.0084 0.9999 0.0081
vn 0.0044 1.0000 0.0037
vn 0.0018 1.0000 0.0015
vn 0.0004 1.0000 0.0006
vn 0.0018 1.0000 0.0036
vn 0.0061 0.9999 0.0097
vn 0.0152 0.9997 0.0188
vn 0.0239 0.9992 0.0330
vn 0.0354 0.9980 0.0516
vn 0.0497 0.9960 0.0742
vn 0.0292 0.9987 0.0425
vn 0.0162 0.9997 0.0205
vn 0.0005 1.0000 0.0007
vn 0.0002 1.0000 0.0002
vn 0.0018 1.0000 0.0018
vn 0.0007 1.0000 0.0005
vn 0.0002 1.0000 0.0001
vn 0.0017 1.0000 0.0009
vn 0.0047 1.0000 0.0035
vn 0.0091 0.9999 0.0091
vn 0.0035 1.0000 0.0047
vn 0.0009 1.0000 0.0017
vn -0.0069 1.0000 0.0045
vn -0.0174 0.9998 0.0111
vn -0.0122 0.9999 0.0093
vn -0.0282 0.9994 0.0188
vn -0.0006 1.0000 0.0004
vn -0.0036 1.0000 0.0018
vn -0.0097 0.9999 0.0061
vn -0.0188 0.9997 0.0152
vn -0.0330 0.9992 0.0239
vn -0.0516 0.9980 0.0354
vn -0.0742 0.9960 0.0497
vn -0.0425 0.9987 0.0292
vn -0.0205 0.9997 0.0162
vn -0.0081 0.9999 0.0084
vn -0.0037 1.0000 0.0044
vn -0.0015 1.0000 0.0018
vn -0.0740 0.9945 0.0740
vn -0.0954 0.9894 0.1097
vn -0.1097 0.9894 0.0954
vn -0.1367 0.9811 0.1367
vn -0.0307 0.9991 0.0307
vn -0.0448 0.9976 0.0529
vn -0.0610 0.9949 0.0807
vn -0.0790 0.9905 0.1129
vn -0.1170 0.9818 0.1498
vn -0.1616 0.9699 0.1822
vn -0.2101 0.9548 0.2101
vn -0.1822 0.9699 0.1616
vn -0.1498 0.9818 0.1170
vn -0.1129 0.9905 0.0790
vn -0.0807 0.9949 0.0610
vn -0.0529 0.9976 0.0448
vn -0.1471 0.9609 0.2346
vn -0.1468 0.9500 0.2755
vn -0.1915 0.9417 0.2766
vn -0.1882 0.9280 0.3215
vn -0.0970 0.9842 0.1480
vn -0.1078 0.9769 0.1843
vn -0.1097 0.9693 0.2200
vn -0.1030 0.9619 0.2532
vn -0.1362 0.9399 0.3130
vn -0.1731 0.9158 0.3624
vn -0.2128 0.8906 0.4020
vn -0.2328 0.9042 0.3582
vn -0.2393 0.9200 0.3104
vn -0.2315 0.9373 0.2604
vn -0.1822 0.9561 0.2295
vn -0.1367 0.9718 0.1921
vn -0.0903 0.9240 0.3716
vn -0.0585 0.9189 0.3902
vn -0.1139 0.8974 0.4263
vn -0.0736 0.8917 0.4466
vn -0.0886 0.9553 0.2822
vn -0.0689 0.9497 0.3056
vn -0.0447 0.9456 0.3223
vn -0.0160 0.9435 0.3311
vn -0.0208 0.9163 0.4000
vn -0.0262 0.8889 0.4573
vn -0.0320 0.8629 0.5044
vn -0.0900 0.8655 0.4927
vn -0.1395 0.8712 0.4708
vn -0.1806 0.8796 0.4401
vn -0.1473 0.9055 0.3979
vn -0.1165 0.9312 0.3455
vn 0.0585 0.9189 0.3902
vn 0.0903 0.9240 0.3716
vn 0.0736 0.8917 0.4466
vn 0.1139 0.8974 0.4263
vn 0.0160 0.9435 0.3311
vn 0.0447 0.9456 0.3223
vn 0.0689 0.9497 0.3056
vn 0.0886 0.9553 0.2822
vn 0.1165 0.9312 0.3455
vn 0.1473 0.9055 0.3979
vn 0.1806 0.8796 0.4401
vn 0.1395 0.8712 0.4708
vn 0.0900 0.8655 0.4927
vn 0.0320 0.8629 0.5044
vn 0.0262 0.8889 0.4573
vn 0.0208 0.9163 0.4000
vn 0.1468 0.9500 0.2755
vn 0.1471 0.9609 0.2346
vn 0.1882 0.9280 0.3215
vn 0.1915 0.9417 0.2766
vn 0.1030 0.9619 0.2532
vn 0.1097 0.9693 0.2200
vn 0.1078 0.9769 0.1843
vn 0.0970 0.9842 0.1480
vn 0.1367 0.9718 0.1921
vn 0.1822 0.9561 0.2295
vn 0.2315 0.9373 0.2604
vn 0.2393 0.9200 0.3104
vn 0.2328 0.9042 0.3582
vn 0.2128 0.8906 0.4020
vn 0.1731 0.9158 0.3624
vn 0.1362 0.9399 0.3130
vn 0.0954 0.9894 0.1097
vn 0.0740 0.9945 0.0740
vn 0.1367 0.9811 0.1367
vn 0.1097 0.9894 0.0954
vn 0.0790 0.9905 0.1129
vn 0.0610 0.9949 0.0807
vn 0.0448 0.9976 0.0529
vn 0.0307 0.9991 0.0307
vn 0.0529 0.9976 0.0448
vn 0.0807 0.9949 0.0610
vn 0.1129 0.9905 0.0790
vn 0.1498 0.9818 0.1170
vn 0.1822 0.9699 0.1616
vn 0.2101 0.9548 0.2101
vn 0.1616 0.9699 0.1822
vn 0.1170 0.9818 0.1498
vn 0.0174 0.9998 0.0111
vn 0.0069 1.0000 0.0045
vn 0.0282 0.9994 0.0188
vn 0.0122 0.9999 0.0093
vn 0.0188 0.9997 0.0152
vn 0.0097 0.9999 0.0061
vn 0.0036 1.0000 0.0018
vn 0.0006 1.0000 0.0004
vn 0.0015 1.0000 0.0018
vn 0.0037 1.0000 0.0044
vn 0.0081 0.9999 0.0084
vn 0.0205 0.9997 0.0162
vn 0.0425 0.9987 0.0292
vn 0.0742 0.9960 0.0497
vn 0.0516 0.9980 0.0354
vn 0.0330 0.9992 0.0239
vn -0.0026 1.0000 0.0008
vn -0.0072 1.0000 0.0031
vn -0.0039 1.0000 0.0009
vn -0.0107 0.9999 0.0033
vn -0.0015 1.0000 0.0006
vn -0.0042 1.0000 0.0024
vn -0.0082 0.9999 0.0063
vn -0.0140 0.9999 0.0080
vn -0.0208 0.9997 0.0087
vn -0.0278 0.9996 0.0085
vn -0.0143 0.9999 0.0033
vn -0.0053 1.0000 0.0008
vn -0.0008 1.0000 0.0001
vn -0.0006 1.0000 0.0001
vn -0.0004 1.0000 0.0001
vn -0.0470 0.9984 0.0299
vn -0.0819 0.9954 0.0491
vn -0.0634 0.9975 0.0323
vn -0.1044 0.9932 0.0521
vn -0.0152 0.9998 0.0132
vn -0.0322 0.9992 0.0243
vn -0.0607 0.9973 0.0411
vn -0.1004 0.9928 0.0650
vn -0.1291 0.9888 0.0749
vn -0.1582 0.9843 0.0779
vn -0.1861 0.9797 0.0741
vn -0.1265 0.9907 0.0501
vn -0.0800 0.9963 0.0313
vn -0.0475 0.9987 0.0176
vn -0.0360 0.9992 0.0180
vn -0.0249 0.9996 0.0166
vn -0.2346 0.9609 0.1471
vn -0.2766 0.9417 0.1915
vn -0.2755 0.9500 0.1468
vn -0.3215 0.9280 0.1882
vn -0.1480 0.9842 0.0970
vn -0.1921 0.9718 0.1367
vn -0.2295 0.9561 0.1822
vn -0.2604 0.9373 0.2315
vn -0.3104 0.9200 0.2393
vn -0.3582 0.9042 0.2328
vn -0.4020 0.8906 0.2128
vn -0.3624 0.9158 0.1731
vn -0.3130 0.9399 0.1362
vn -0.2532 0.9619 0.1030
vn -0.2200 0.9693 0.1097
vn -0.1843 0.9769 0.1078
vn -0.3402 0.8767 0.3402
vn -0.3281 0.8602 0.3903
vn -0.3903 0.8602 0.3281
vn -0.3769 0.8461 0.3769
vn -0.2827 0.9166 0.2827
vn -0.2893 0.8971 0.3341
vn -0.2796 0.8800 0.3839
vn -0.2547 0.8662 0.4299
vn -0.2991 0.8480 0.4375
vn -0.3447 0.8374 0.4241
vn -0.3902 0.8340 0.3902
vn -0.4241 0.8374 0.3447
vn -0.4375 0.8480 0.2991
vn -0.4299 0.8662 0.2547
vn -0.3839 0.8800 0.2796
vn -0.3341 0.8971 0.2893
vn -0.1968 0.8345 0.5147
vn -0.1274 0.8318 0.5403
vn -0.2292 0.8327 0.5040
vn -0.1490 0.8338 0.5315
vn -0.2160 0.8556 0.4704
vn -0.1668 0.8479 0.5033
vn -0.1077 0.8430 0.5270
vn -0.0383 0.8409 0.5399
vn -0.0453 0.8310 0.5544
vn -0.0532 0.8355 0.5470
vn -0.0618 0.8540 0.5166
vn -0.1724 0.8487 0.4999
vn -0.2634 0.8420 0.4708
vn -0.3359 0.8364 0.4332
vn -0.2945 0.8336 0.4674
vn -0.2542 0.8398 0.4797
vn 0.1274 0.8318 0.5403
vn 0.1968 0.8345 0.5147
vn 0.1490 0.8338 0.5315
vn 0.2292 0.8327 0.5040
vn 0.0383 0.8409 0.5399
vn 0.1077 0.8430 0.5270
vn 0.1668 0.8479 0.5033
vn 0.2160 0.8556 0.4704
vn 0.2542 0.8398 0.4797
vn 0.2945 0.8336 0.4674
vn 0.3359 0.8364 0.4332
vn 0.2634 0.8420 0.4708
vn 0.1724 0.8487 0.4999
vn 0.0618 0.8540 0.5166
vn 0.0532 0.8355 0.5470
vn 0.0454 0.8310 0.5544
vn 0.3281 0.8602 0.3903
vn 0.3402 0.8767 0.3402
vn 0.3769 0.8461 0.3769
vn 0.3903 0.8602 0.3281
vn 0.2547 0.8662 0.4299
vn 0.2796 0.8800 0.3839
vn 0.2893 0.8971 0.3341
vn 0.2827 0.9166 0.2827
vn 0.3341 0.8971 0.2893
vn 0.3839 0.8800 0.2796
vn 0.4299 0.8662 0.2547
vn 0.4375 0.8480 0.2991
vn 0.4241 0.8374 0.3447
vn 0.3902 0.8340 0.3902
vn 0.3447 0.8374 0.4241
vn 0.2991 0.8480 0.4375
vn 0.2766 0.9417 0.1915
vn 0.2346 0.9609 0.1471
vn 0.3215 0.9280 0.1882
vn 0.2755 0.9500 0.1468
vn 0.2604 0.9373 0.2315
vn 0.2295 0.9561 0.1822
vn 0.1921 0.9718 0.1367
vn 0.1480 0.9842 0.0970
vn 0.1843 0.9769 0.1078
vn 0.2200 0.9693 0.1097
vn 0.2532 0.9619 0.1030
vn 0.3130 0.9399 0.1362
vn 0.3624 0.9158 0.1731
vn 0.4020 0.8906 0.2128
vn 0.3582 0.9042 0.2328
vn 0.3104 0.9200 0.2393
vn 0.0819 0.9954 0.0491
vn 0.0470 0.9984 0.0299
vn 0.1044 0.9932 0.0521
vn 0.0634 0.9975 0.0323
vn 0.1004 0.9928 0.0650
vn 0.0607 0.9973 0.0411
vn 0.0322 0.9992 0.0243
vn 0.0152 0.9998 0.0132
vn 0.0249 0.9996 0.0166
vn 0.0360 0.9992 0.0180
vn 0.0475 0.9987 0.0176
vn 0.0800 0.9963 0.0313
vn 0.1265 0.9907 0.0501
vn 0.1861 0.9797 0.0741
vn 0.1582 0.9843 0.0779
vn 0.1291 0.9888 0.0749
vn 0.0072 1.0000 0.0031
vn 0.0026 1.0000 0.0008
vn 0.0107 0.9999 0.0033
vn 0.0039 1.0000 0.0009
vn 0.0082 0.9999 0.0063
vn 0.0042 1.0000 0.0024
vn 0.0015 1.0000 0.0006
vn 0.0004 1.0000 0.0001
vn 0.0006 1.0000 0.0001
vn 0.0008 1.0000 0.0001
vn 0.0053 1.0000 0.0008
vn 0.0143 0.9999 0.0033
vn 0.0278 0.9996 0.0085
vn 0.0208 0.9997 0.0087
vn 0.0140 0.9999 0.0080
vn -0.0075 1.0000 0.0006
vn -0.0204 0.9998 0.0023
vn -0.0083 1.0000 0.0004
vn -0.0224 0.9997 0.0015
vn -0.0009 1.0000 0.0001
vn -0.0065 1.0000 0.0007
vn -0.0176 0.9998 0.0029
vn -0.0343 0.9994 0.0074
vn -0.0397 0.9992 0.0059
vn -0.0436 0.9990 0.0038
vn -0.0457 0.9990 0.0014
vn -0.0235 0.9997 0.0005
vn -0.0087 1.0000 0.0001
vn -0.0012 1.0000 -0.0000
vn -0.0011 1.0000 0.0001
vn -0.1076 0.9940 0.0215
vn -0.1629 0.9861 0.0342
vn -0.1167 0.9931 0.0141
vn -0.1747 0.9844 0.0223
vn -0.0580 0.9982 0.0154
vn -0.0951 0.9951 0.0274
vn -0.1465 0.9883 0.0436
vn -0.2108 0.9754 0.0641
vn -0.2309 0.9717 0.0501
vn -0.2453 0.9689 0.0326
vn -0.2530 0.9674 0.0117
vn -0.1810 0.9834 0.0080
vn -0.1216 0.9926 0.0051
vn -0.0767 0.9971 0.0029
vn -0.0732 0.9973 0.0080
vn -0.0668 0.9977 0.0121
vn -0.3716 0.9240 0.0903
vn -0.4263 0.8974 0.1139
vn -0.3902 0.9189 0.0585
vn -0.4466 0.8917 0.0736
vn -0.2822 0.9553 0.0886
vn -0.3455 0.9312 0.1165
vn -0.3979 0.9055 0.1473
vn -0.4401 0.8796 0.1806
vn -0.4708 0.8712 0.1395
vn -0.4927 0.8655 0.0900
vn -0.5044 0.8629 0.0320
vn -0.4573 0.8889 0.0262
vn -0.4000 0.9163 0.0208
vn -0.3311 0.9435 0.0160
vn -0.3223 0.9456 0.0447
vn -0.3056 0.9497 0.0689
vn -0.5147 0.8345 0.1968
vn -0.5040 0.8327 0.2292
vn -0.5403 0.8318 0.1274
vn -0.5315 0.8338 0.1490
vn -0.4704 0.8556 0.2160
vn -0.4797 0.8398 0.2542
vn -0.4674 0.8336 0.2945
vn -0.4332 0.8364 0.3359
vn -0.4708 0.8420 0.2634
vn -0.4999 0.8487 0.1724
vn -0.5166 0.8540 0.0618
vn -0.5470 0.8355 0.0532
vn -0.5544 0.8310 0.0453
vn -0.5399 0.8409 0.0383
vn -0.5270 0.8430 0.1077
vn -0.5033 0.8479 0.1668
vn -0.3308 0.8838 0.3308
vn -0.2206 0.9074 0.3578
vn -0.3578 0.9074 0.2206
vn -0.2408 0.9402 0.2408
vn -0.3764 0.8465 0.3764
vn -0.2982 0.8605 0.4131
vn -0.1969 0.8749 0.4425
vn -0.0710 0.8851 0.4599
vn -0.0800 0.9239 0.3742
vn -0.0880 0.9633 0.2535
vn -0.0930 0.9913 0.0930
vn -0.2535 0.9633 0.0880
vn -0.3742 0.9239 0.0800
vn -0.4599 0.8851 0.0710
vn -0.4425 0.8749 0.1969
vn -0.4131 0.8605 0.2982
vn 0.2206 0.9074 0.3578
vn 0.3308 0.8838 0.3308
vn 0.2408 0.9402 0.2408
vn 0.3578 0.9074 0.2206
vn 0.0710 0.8851 0.4599
vn 0.1969 0.8749 0.4425
vn 0.2982 0.8605 0.4131
vn 0.3764 0.8465 0.3764
vn 0.4131 0.8605 0.2982
vn 0.4425 0.8749 0.1969
vn 0.4599 0.8851 0.0710
vn 0.3742 0.9239 0.0800
vn 0.2535 0.9633 0.0880
vn 0.0930 0.9913 0.0930
vn 0.0880 0.9633 0.2535
vn 0.0800 0.9239 0.3742
vn 0.5040 0.8327 0.2292
vn 0.5147 0.8345 0.1968
vn 0.5315 0.8338 0.1490
vn 0.5403 0.8318 0.1274
vn 0.4332 0.8364 0.3359
vn 0.4674 0.8336 0.2945
vn 0.4797 0.8398 0.2542
vn 0.4704 0.8556 0.2160
vn 0.5033 0.8479 0.1668
vn 0.5270 0.8430 0.1077
vn 0.5399 0.8409 0.0383
vn 0.5544 0.8310 0.0453
vn 0.5470 0.8355 0.0532
vn 0.5166 0.8540 0.0618
vn 0.4999 0.8487 0.1724
vn 0.4708 0.8420 0.2634
vn 0.4263 0.8974 0.1139
vn 0.3716 0.9240 0.0903
vn 0.4466 0.8917 0.0736
vn 0.3902 0.9189 0.0585
vn 0.4401 0.8796 0.1806
vn 0.3979 0.9055 0.1473
vn 0.3455 0.9312 0.1165
vn 0.2822 0.9553 0.0886
vn 0.3056 0.9497 0.0689
vn 0.3223 0.9456 0.0447
vn 0.3311 0.9435 0.0160
vn 0.4000 0.9163 0.0208
vn 0.4573 0.8889 0.0262
vn 0.5044 0.8629 0.0320
vn 0.4927 0.8655 0.0900
vn 0.4708 0.8712 0.1395
vn 0.1629 0.9861 0.0342
vn 0.1076 0.9940 0.0215
vn 0.1747 0.9844 0.0223
vn 0.1167 0.9931 0.0141
vn 0.2108 0.9754 0.0641
vn 0.1465 0.9883 0.0436
vn 0.0951 0.9951 0.0274
vn 0.0580 0.9982 0.0154
vn 0.0668 0.9977 0.0121
vn 0.0732 0.9973 0.0080
vn 0.0767 0.9971 0.0029
vn 0.1216 0.9926 0.0051
vn 0.1810 0.9834 0.0080
vn 0.2530 0.9674 0.0117
vn 0.2453 0.9689 0.0326
vn 0.2309 0.9717 0.0501
vn 0.0204 0.9998 0.0023
vn 0.0075 1.0000 0.0006
vn 0.0224 0.9997 0.0015
vn 0.0083 1.0000 0.0004
vn 0.0343 0.9994 0.0074
vn 0.0176 0.9998 0.0029
vn 0.0065 1.0000 0.0007
vn 0.0009 1.0000 0.0001
vn 0.0011 1.0000 0.0001
vn 0.0012 1.0000 -0.0000
vn 0.0087 1.0000 0.0001
vn 0.0235 0.9997 0.0005
vn 0.0457 0.9990 0.0014
vn 0.0436 0.9990 0.0038
vn 0.0397 0.9992 0.0059
vn -0.0083 1.0000 -0.0004
vn -0.0224 0.9997 -0.0015
vn -0.0075 1.0000 -0.0006
vn -0.0204 0.9998 -0.0023
vn -0.0087 1.0000 -0.0001
vn -0.0235 0.9997 -0.0005
vn -0.0457 0.9990 -0.0014
vn -0.0436 0.9990 -0.0038
vn -0.0397 0.9992 -0.0059
vn -0.0343 0.9994 -0.0074
vn -0.0176 0.9998 -0.0029
vn -0.0065 1.0000 -0.0007
vn -0.0009 1.0000 -0.0001
vn -0.0011 1.0000 -0.0001
vn -0.1167 0.9931 -0.0141
vn -0.1747 0.9844 -0.0223
vn -0.1076 0.9940 -0.0215
vn -0.1629 0.9861 -0.0342
vn -0.0767 0.9971 -0.0029
vn -0.1216 0.9926 -0.0051
vn -0.1810 0.9834 -0.0080
vn -0.2530 0.9674 -0.0117
vn -0.2453 0.9689 -0.0326
vn -0.2309 0.9717 -0.0501
vn -0.2108 0.9754 -0.0641
vn -0.1465 0.9883 -0.0436
vn -0.0951 0.9951 -0.0274
vn -0.0580 0.9982 -0.0154
vn -0.0668 0.9977 -0.0121
vn -0.0732 0.9973 -0.0080
vn -0.3902 0.9189 -0.0585
vn -0.4466 0.8917 -0.0736
vn -0.3716 0.9240 -0.0903
vn -0.4263 0.8974 -0.1139
vn -0.3311 0.9435 -0.0160
vn -0.4000 0.9163 -0.0208
vn -0.4573 0.8889 -0.0262
vn -0.5044 0.8629 -0.0320
vn -0.4927 0.8655 -0.0900
vn -0.4708 0.8712 -0.1395
vn -0.4401 0.8796 -0.1806
vn -0.3979 0.9055 -0.1473
vn -0.3455 0.9312 -0.1165
vn -0.2822 0.9553 -0.0886
vn -0.3056 0.9497 -0.0689
vn -0.3223 0.9456 -0.0447
vn -0.5403 0.8318 -0.1274
vn -0.5315 0.8338 -0.1490
vn -0.5147 0.8345 -0.1968
vn -0.5040 0.8327 -0.2292
vn -0.5399 0.8409 -0.0383
vn -0.5544 0.8310 -0.0453
vn -0.5470 0.8355 -0.0532
vn -0.5166 0.8540 -0.0618
vn -0.4999 0.8487 -0.1724
vn -0.4708 0.8420 -0.2634
vn -0.4332 0.8364 -0.3359
vn -0.4674 0.8336 -0.2945
vn -0.4797 0.8398 -0.2542
vn -0.4704 0.8556 -0.2160
vn -0.5033 0.8479 -0.1668
vn -0.5270 0.8430 -0.1077
vn -0.3578 0.9074 -0.2206
vn -0.2408 0.9402 -0.2408
vn -0.3308 0.8838 -0.3308
vn -0.2206 0.9074 -0.3578
vn -0.4599 0.8851 -0.0710
vn -0.3742 0.9239 -0.0800
vn -0.2535 0.9633 -0.0880
vn -0.0930 0.9913 -0.0930
vn -0.0880 0.9633 -0.2535
vn -0.0800 0.9239 -0.3742
vn -0.0710 0.8851 -0.4599
vn -0.1969 0.8749 -0.4425
vn -0.2982 0.8605 -0.4131
vn -0.3764 0.8465 -0.3764
vn -0.4131 0.8605 -0.2982
vn -0.4425 0.8749 -0.1969
vn 0.2408 0.9402 -0.2408
vn 0.3578 0.9074 -0.2206
vn 0.2206 0.9074 -0.3578
vn 0.3308 0.8838 -0.3308
vn 0.0930 0.9913 -0.0930
vn 0.2535 0.9633 -0.0880
vn 0.3742 0.9239 -0.0800
vn 0.4599 0.8851 -0.0710
vn 0.4425 0.8749 -0.1969
vn 0.4131 0.8605 -0.2982
vn 0.3764 0.8465 -0.3764
vn 0.2982 0.8605 -0.4131
vn 0.1969 0.8749 -0.4425
vn 0.0710 0.8851 -0.4599
vn 0.0800 0.9239 -0.3742
vn 0.0880 0.9633 -0.2535
vn 0.5315 0.8338 -0.1490
vn 0.5403 0.8318 -0.1274
vn 0.5040 0.8327 -0.2292
vn 0.5147 0.8345 -0.1968
vn 0.5166 0.8540 -0.0618
vn 0.5470 0.8355 -0.0532
vn 0.5544 0.8310 -0.0454
vn 0.5399 0.8409 -0.0383
vn 0.5270 0.8430 -0.1077
vn 0.5033 0.8479 -0.1668
vn 0.4704 0.8556 -0.2160
vn 0.4797 0.8398 -0.2542
vn 0.4674 0.8336 -0.2945
vn 0.4332 0.8364 -0.3359
vn 0.4708 0.8420 -0.2634
vn 0.4999 0.8487 -0.1724
vn 0.4466 0.8917 -0.0736
vn 0.3902 0.9189 -0.0585
vn 0.4263 0.8974 -0.1139
vn 0.3716 0.9240 -0.0903
vn 0.5044 0.8629 -0.0320
vn 0.4573 0.8889 -0.0262
vn 0.4000 0.9163 -0.0208
vn 0.3311 0.9435 -0.0160
vn 0.3223 0.9456 -0.0447
vn 0.3056 0.9497 -0.0689
vn 0.2822 0.9553 -0.0886
vn 0.3455 0.9312 -0.1165
vn 0.3979 0.9055 -0.1473
vn 0.4401 0.8796 -0.1806
vn 0.4708 0.8712 -0.1395
vn 0.4927 0.8655 -0.0900
vn 0.1747 0.9844 -0.0223
vn 0.1167 0.9931 -0.0141
vn 0.1629 0.9861 -0.0342
vn 0.1076 0.9940 -0.0215
vn 0.2530 0.9674 -0.0117
vn 0.1810 0.9834 -0.0080
vn 0.1216 0.9926 -0.0051
vn 0.0767 0.9971 -0.0029
vn 0.0732 0.9973 -0.0080
vn 0.0668 0.9977 -0.0121
vn 0.0580 0.9982 -0.0154
vn 0.0951 0.9951 -0.0274
vn 0.1465 0.9883 -0.0436
vn 0.2108 0.9754 -0.0641
vn 0.2309 0.9717 -0.0501
vn 0.2453 0.9689 -0.0326
vn 0.0224 0.9997 -0.0015
vn 0.0083 1.0000 -0.0004
vn 0.0204 0.9998 -0.0023
vn 0.0075 1.0000 -0.0006
vn 0.0457 0.9990 -0.0014
vn 0.0235 0.9997 -0.0005
vn 0.0087 1.0000 -0.0001
vn 0.0011 1.0000 -0.0001
vn 0.0009 1.0000 -0.0001
vn 0.0065 1.0000 -0.0007
vn 0.0176 0.9998 -0.0029
vn 0.0343 0.9994 -0.0074
vn 0.0397 0.9992 -0.0059
vn 0.0436 0.9990 -0.0038
vn -0.0039 1.0000 -0.0009
vn -0.0107 0.9999 -0.0033
vn -0.0026 1.0000 -0.0008
vn -0.0072 1.0000 -0.0031
vn -0.0008 1.0000 -0.0001
vn -0.0053 1.0000 -0.0008
vn -0.0143 0.9999 -0.0033
vn -0.0278 0.9996 -0.0085
vn -0.0208 0.9997 -0.0087
vn -0.0140 0.9999 -0.0080
vn -0.0082 0.9999 -0.0063
vn -0.0042 1.0000 -0.0024
vn -0.0015 1.0000 -0.0006
vn -0.0002 1.0000 -0.0001
vn -0.0004 1.0000 -0.0001
vn -0.0006 1.0000 -0.0001
vn -0.0634 0.9975 -0.0323
vn -0.1044 0.9932 -0.0521
vn -0.0470 0.9984 -0.0299
vn -0.0819 0.9954 -0.0491
vn -0.0475 0.9987 -0.0176
vn -0.0800 0.9963 -0.0313
vn -0.1265 0.9907 -0.0501
vn -0.1861 0.9797 -0.0741
vn -0.1582 0.9843 -0.0779
vn -0.1291 0.9888 -0.0749
vn -0.1004 0.9928 -0.0650
vn -0.0607 0.9973 -0.0411
vn -0.0322 0.9992 -0.0243
vn -0.0152 0.9998 -0.0132
vn -0.0249 0.9996 -0.0166
vn -0.0360 0.9992 -0.0180
vn -0.2755 0.9500 -0.1468
vn -0.3215 0.9280 -0.1882
vn -0.2346 0.9609 -0.1471
vn -0.2766 0.9417 -0.1915
vn -0.2532 0.9619 -0.1030
vn -0.3130 0.9399 -0.1362
vn -0.3624 0.9158 -0.1731
vn -0.4020 0.8906 -0.2128
vn -0.3582 0.9042 -0.2328
vn -0.3104 0.9200 -0.2393
vn -0.2604 0.9373 -0.2315
vn -0.2295 0.9561 -0.1822
vn -0.1921 0.9718 -0.1367
vn -0.1480 0.9842 -0.0970
vn -0.1843 0.9769 -0.1078
vn -0.2200 0.9693 -0.1097
vn -0.3903 0.8602 -0.3281
vn -0.3769 0.8461 -0.3769
vn -0.3402 0.8767 -0.3402
vn -0.3281 0.8602 -0.3903
vn -0.4299 0.8662 -0.2547
vn -0.4375 0.8480 -0.2991
vn -0.4241 0.8374 -0.3447
vn -0.3902 0.8340 -0.3902
vn -0.3447 0.8374 -0.4241
vn -0.2991 0.8480 -0.4375
vn -0.2547 0.8662 -0.4299
vn -0.2796 0.8800 -0.3839
vn -0.2893 0.8971 -0.3341
vn -0.2827 0.9166 -0.2827
vn -0.3341 0.8971 -0.2893
vn -0.3839 0.8800 -0.2796
vn -0.2292 0.8327 -0.5040
vn -0.1490 0.8338 -0.5316
vn -0.1968 0.8345 -0.5147
vn -0.1274 0.8318 -0.5403
vn -0.3359 0.8364 -0.4332
vn -0.2634 0.8420 -0.4708
vn -0.1724 0.8487 -0.4999
vn -0.0618 0.8540 -0.5166
vn -0.0532 0.8355 -0.5470
vn -0.0453 0.8310 -0.5544
vn -0.0383 0.8409 -0.5399
vn -0.1077 0.8430 -0.5270
vn -0.1668 0.8479 -0.5033
vn -0.2160 0.8556 -0.4704
vn -0.2542 0.8398 -0.4797
vn -0.2945 0.8336 -0.4674
vn 0.1490 0.8338 -0.5315
vn 0.2292 0.8327 -0.5040
vn 0.1274 0.8318 -0.5403
vn 0.1968 0.8345 -0.5147
vn 0.0618 0.8540 -0.5166
vn 0.1724 0.8487 -0.4999
vn 0.2634 0.8420 -0.4708
vn 0.3359 0.8364 -0.4332
vn 0.2945 0.8336 -0.4674
vn 0.2542 0.8398 -0.4797
vn 0.2160 0.8556 -0.4704
vn 0.1668 0.8479 -0.5033
vn 0.1077 0.8430 -0.5270
vn 0.0383 0.8409 -0.5399
vn 0.0453 0.8310 -0.5544
vn 0.0532 0.8355 -0.5470
vn 0.3769 0.8461 -0.3769
vn 0.3903 0.8602 -0.3281
vn 0.3281 0.8602 -0.3903
vn 0.3402 0.8767 -0.3402
vn 0.3902 0.8340 -0.3902
vn 0.4241 0.8374 -0.3447
vn 0.4375 0.8480 -0.2991
vn 0.4299 0.8662 -0.2547
vn 0.3839 0.8800 -0.2796
vn 0.3341 0.8971 -0.2893
vn 0.2827 0.9166 -0.2827
vn 0.2893 0.8971 -0.3341
vn 0.2796 0.8800 -0.3839
vn 0.2547 0.8662 -0.4299
vn 0.2991 0.8480 -0.4375
vn 0.3447 0.8374 -0.4241
vn 0.3215 0.9280 -0.1882
vn 0.2755 0.9500 -0.1468
vn 0.2766 0.9417 -0.1915
vn 0.2346 0.9609 -0.1471
vn 0.4020 0.8906 -0.2128
vn 0.3624 0.9158 -0.1731
vn 0.3130 0.9399 -0.1362
vn 0.2532 0.9619 -0.1030
vn 0.2200 0.9693 -0.1097
vn 0.1843 0.9769 -0.1078
vn 0.1480 0.9842 -0.0970
vn 0.1921 0.9718 -0.1367
vn 0.2295 0.9561 -0.1822
vn 0.2604 0.9373 -0.2315
vn 0.3104 0.9200 -0.2393
vn 0.3582 0.9042 -0.2328
vn 0.1044 0.9932 -0.0521
vn 0.0634 0.9975 -0.0323
vn 0.0819 0.9954 -0.0491
vn 0.0470 0.9984 -0.0299
vn 0.1861 0.9797 -0.0741
vn 0.1265 0.9907 -0.0501
vn 0.0800 0.9963 -0.0313
vn 0.0475 0.9987 -0.0176
vn 0.0360 0.9992 -0.0180
vn 0.0249 0.9996 -0.0166
vn 0.0152 0.9998 -0.0132
vn 0.0322 0.9992 -0.0243
vn 0.0607 0.9973 -0.0411
vn 0.1004 0.9928 -0.0650
vn 0.1291 0.9888 -0.0749
vn 0.1582 0.9843 -0.0779
vn 0.0107 0.9999 -0.0033
vn 0.0039 1.0000 -0.0009
vn 0.0072 1.0000 -0.0031
vn 0.0026 1.0000 -0.0008
vn 0.0278 0.9996 -0.0085
vn 0.0143 0.9999 -0.0033
vn 0.0053 1.0000 -0.0008
vn 0.0008 1.0000 -0.0001
vn 0.0006 1.0000 -0.0001
vn 0.0004 1.0000 -0.0001
vn 0.0002 1.0000 -0.0001
vn 0.0015 1.0000 -0.0006
vn 0.0042 1.0000 -0.0024
vn 0.0082 0.9999 -0.0063
vn 0.0140 0.9999 -0.0080
vn 0.0208 0.9997 -0.0087
vn -0.0003 1.0000 -0.0002
vn -0.0008 1.0000 -0.0008
vn -0.0001 1.0000 -0.0001
vn -0.0002 1.0000 -0.0003
vn -0.0008 1.0000 -0.0004
vn -0.0021 1.0000 -0.0015
vn -0.0040 1.0000 -0.0040
vn -0.0015 1.0000 -0.0021
vn -0.0004 1.0000 -0.0008
vn -0.0000 1.0000 -0.0001
vn -0.0122 0.9999 -0.0093
vn -0.0282 0.9994 -0.0188
vn -0.0069 1.0000 -0.0045
vn -0.0174 0.9998 -0.0111
vn -0.0081 0.9999 -0.0084
vn -0.0205 0.9997 -0.0162
vn -0.0425 0.9987 -0.0292
vn -0.0742 0.9960 -0.0497
vn -0.0516 0.9980 -0.0354
vn -0.0330 0.9992 -0.0239
vn -0.0188 0.9997 -0.0152
vn -0.0097 0.9999 -0.0061
vn -0.0036 1.0000 -0.0018
vn -0.0006 1.0000 -0.0004
vn -0.0015 1.0000 -0.0018
vn -0.0037 1.0000 -0.0044
vn -0.1097 0.9894 -0.0954
vn -0.1367 0.9811 -0.1367
vn -0.0740 0.9945 -0.0740
vn -0.0954 0.9894 -0.1097
vn -0.1129 0.9905 -0.0790
vn -0.1498 0.9818 -0.1170
vn -0.1822 0.9699 -0.1616
vn -0.2101 0.9548 -0.2101
vn -0.1616 0.9699 -0.1822
vn -0.1170 0.9818 -0.1498
vn -0.0790 0.9905 -0.1129
vn -0.0610 0.9949 -0.0807
vn -0.0448 0.9976 -0.0529
vn -0.0307 0.9991 -0.0307
vn -0.0529 0.9976 -0.0448
vn -0.0807 0.9949 -0.0610
vn -0.1915 0.9417 -0.2766
vn -0.1882 0.9280 -0.3215
vn -0.1471 0.9609 -0.2346
vn -0.1468 0.9500 -0.2755
vn -0.2315 0.9373 -0.2604
vn -0.2393 0.9200 -0.3104
vn -0.2328 0.9042 -0.3582
vn -0.2128 0.8906 -0.4020
vn -0.1731 0.9158 -0.3624
vn -0.1362 0.9399 -0.3130
vn -0.1030 0.9619 -0.2532
vn -0.1097 0.9693 -0.2200
vn -0.1078 0.9769 -0.1843
vn -0.0970 0.9842 -0.1480
vn -0.1367 0.9718 -0.1921
vn -0.1822 0.9561 -0.2295
vn -0.1139 0.8974 -0.4263
vn -0.0736 0.8917 -0.4466
vn -0.0903 0.9240 -0.3716
vn -0.0585 0.9189 -0.3902
vn -0.1806 0.8796 -0.4401
vn -0.1395 0.8712 -0.4708
vn -0.0900 0.8655 -0.4927
vn -0.0320 0.8629 -0.5044
vn -0.0262 0.8889 -0.4573
vn -0.0208 0.9163 -0.4000
vn -0.0160 0.9435 -0.3311
vn -0.0447 0.9456 -0.3223
vn -0.0689 0.9497 -0.3056
vn -0.0886 0.9553 -0.2822
vn -0.1165 0.9312 -0.3455
vn -0.1473 0.9055 -0.3979
vn 0.0736 0.8917 -0.4466
vn 0.1139 0.8974 -0.4263
vn 0.0585 0.9189 -0.3902
vn 0.0903 0.9240 -0.3716
vn 0.0320 0.8629 -0.5044
vn 0.0900 0.8655 -0.4927
vn 0.1395 0.8712 -0.4708
vn 0.1806 0.8796 -0.4401
vn 0.1473 0.9055 -0.3979
vn 0.1165 0.9312 -0.3455
vn 0.0886 0.9553 -0.2822
vn 0.0689 0.9497 -0.3056
vn 0.0447 0.9456 -0.3223
vn 0.0160 0.9435 -0.3311
vn 0.0208 0.9163 -0.4000
vn 0.0262 0.8889 -0.4573
vn 0.1882 0.9280 -0.3215
vn 0.1915 0.9417 -0.2766
vn 0.1468 0.9500 -0.2755
vn 0.1471 0.9609 -0.2346
vn 0.2128 0.8906 -0.4020
vn 0.2328 0.9042 -0.3582
vn 0.2393 0.9200 -0.3104
vn 0.2315 0.9373 -0.2604
vn 0.1822 0.9561 -0.2295
vn 0.1367 0.9718 -0.1921
vn 0.0970 0.9842 -0.1480
vn 0.1078 0.9769 -0.1843
vn 0.1097 0.9693 -0.2200
vn 0.1030 0.9619 -0.2532
vn 0.1362 0.9399 -0.3130
vn 0.1731 0.9158 -0.3624
vn 0.1367 0.9811 -0.1367
vn 0.1097 0.9894 -0.0954
vn 0.0954 0.9894 -0.1097
vn 0.0740 0.9945 -0.0740
vn 0.2101 0.9548 -0.2101
vn 0.1822 0.9699 -0.1616
vn 0.1498 0.9818 -0.1170
vn 0.1129 0.9905 -0.0790
vn 0.0807 0.9949 -0.0610
vn 0.0529 0.9976 -0.0448
vn 0.0307 0.9991 -0.0307
vn 0.0448 0.9976 -0.0529
vn 0.0610 0.9949 -0.0807
vn 0.0790 0.9905 -0.1129
vn 0.1170 0.9818 -0.1498
vn 0.1616 0.9699 -0.1822
vn 0.0282 0.9994 -0.0188
vn 0.0122 0.9999 -0.0093
vn 0.0174 0.9998 -0.0111
vn 0.0069 1.0000 -0.0045
vn 0.0742 0.9960 -0.0497
vn 0.0425 0.9987 -0.0292
vn 0.0205 0.9997 -0.0162
vn 0.0081 0.9999 -0.0084
vn 0.0037 1.0000 -0.0044
vn 0.0015 1.0000 -0.0018
vn 0.0006 1.0000 -0.0004
vn 0.0036 1.0000 -0.0018
vn 0.0097 0.9999 -0.0061
vn 0.0188 0.9997 -0.0152
vn 0.0330 0.9992 -0.0239
vn 0.0516 0.9980 -0.0354
vn 0.0008 1.0000 -0.0008
vn 0.0003 1.0000 -0.0002
vn 0.0002 1.0000 -0.0003
vn 0.0001 1.0000 -0.0001
vn 0.0040 1.0000 -0.0040
vn 0.0021 1.0000 -0.0015
vn 0.0008 1.0000 -0.0004
vn 0.0004 1.0000 -0.0008
vn 0.0015 1.0000 -0.0021
vn -0.0007 1.0000 -0.0005
vn -0.0018 1.0000 -0.0018
vn -0.0002 1.0000 -0.0002
vn -0.0005 1.0000 -0.0007
vn -0.0017 1.0000 -0.0009
vn -0.0047 1.0000 -0.0035
vn -0.0091 0.9999 -0.0091
vn -0.0035 1.0000 -0.0047
vn -0.0009 1.0000 -0.0017
vn -0.0001 1.0000 -0.0002
vn -0.0111 0.9998 -0.0174
vn -0.0188 0.9994 -0.0282
vn -0.0045 1.0000 -0.0069
vn -0.0093 0.9999 -0.0122
vn -0.0152 0.9997 -0.0188
vn -0.0239 0.9992 -0.0330
vn -0.0354 0.9980 -0.0516
vn -0.0497 0.9960 -0.0742
vn -0.0292 0.9987 -0.0425
vn -0.0162 0.9997 -0.0205
vn -0.0084 0.9999 -0.0081
vn -0.0044 1.0000 -0.0037
vn -0.0018 1.0000 -0.0015
vn -0.0004 1.0000 -0.0006
vn -0.0018 1.0000 -0.0036
vn -0.0061 0.9999 -0.0097
vn -0.0491 0.9954 -0.0819
vn -0.0521 0.9932 -0.1044
vn -0.0299 0.9984 -0.0470
vn -0.0323 0.9975 -0.0634
vn -0.0650 0.9928 -0.1004
vn -0.0749 0.9888 -0.1291
vn -0.0779 0.9843 -0.1582
vn -0.0741 0.9797 -0.1861
vn -0.0501 0.9907 -0.1265
vn -0.0313 0.9963 -0.0800
vn -0.0176 0.9987 -0.0475
vn -0.0180 0.9992 -0.0360
vn -0.0166 0.9996 -0.0249
vn -0.0132 0.9998 -0.0152
vn -0.0243 0.9992 -0.0322
vn -0.0411 0.9973 -0.0607
vn -0.0342 0.9861 -0.1629
vn -0.0223 0.9844 -0.1747
vn -0.0215 0.9940 -0.1076
vn -0.0141 0.9931 -0.1167
vn -0.0641 0.9754 -0.2108
vn -0.0501 0.9717 -0.2309
vn -0.0326 0.9689 -0.2453
vn -0.0117 0.9674 -0.2530
vn -0.0080 0.9834 -0.1810
vn -0.0051 0.9926 -0.1216
vn -0.0029 0.9971 -0.0767
vn -0.0080 0.9973 -0.0732
vn -0.0121 0.9977 -0.0668
vn -0.0154 0.9982 -0.0580
vn -0.0274 0.9951 -0.0951
vn -0.0436 0.9883 -0.1465
vn 0.0223 0.9844 -0.1747
vn 0.0342 0.9861 -0.1629
vn 0.0141 0.9931 -0.1167
vn 0.0215 0.9940 -0.1076
vn 0.0117 0.9674 -0.2530
vn 0.0326 0.9689 -0.2453
vn 0.0501 0.9717 -0.2309
vn 0.0641 0.9754 -0.2108
vn 0.0436 0.9883 -0.1465
vn 0.0274 0.9951 -0.0951
vn 0.0154 0.9982 -0.0580
vn 0.0121 0.9977 -0.0668
vn 0.0080 0.9973 -0.0732
vn 0.0029 0.9971 -0.0767
vn 0.0051 0.9926 -0.1216
vn 0.0080 0.9834 -0.1810
vn 0.0521 0.9932 -0.1044
vn 0.0491 0.9954 -0.0819
vn 0.0323 0.9975 -0.0634
vn 0.0299 0.9984 -0.0470
vn 0.0741 0.9797 -0.1861
vn 0.0779 0.9843 -0.1582
vn 0.0749 0.9888 -0.1291
vn 0.0650 0.9928 -0.1004
vn 0.0411 0.9973 -0.0607
vn 0.0243 0.9992 -0.0322
vn 0.0132 0.9998 -0.0152
vn 0.0166 0.9996 -0.0249
vn 0.0180 0.9992 -0.0360
vn 0.0176 0.9987 -0.0475
vn 0.0313 0.9963 -0.0800
vn 0.0501 0.9907 -0.1265
vn 0.0188 0.9994 -0.0282
vn 0.0111 0.9998 -0.0174
vn 0.0093 0.9999 -0.0122
vn 0.0045 1.0000 -0.0069
vn 0.0497 0.9960 -0.0742
vn 0.0354 0.9980 -0.0516
vn 0.0239 0.9992 -0.0330
vn 0.0152 0.9997 -0.0188
vn 0.0061 0.9999 -0.0097
vn 0.0018 1.0000 -0.0036
vn 0.0004 1.0000 -0.0006
vn 0.0018 1.0000 -0.0015
vn 0.0044 1.0000 -0.0037
vn 0.0084 0.9999 -0.0081
vn 0.0162 0.9997 -0.0205
vn 0.0292 0.9987 -0.0425
vn 0.0018 1.0000 -0.0018
vn 0.0007 1.0000 -0.0005
vn 0.0005 1.0000 -0.0007
vn 0.0002 1.0000 -0.0002
vn 0.0091 0.9999 -0.0091
vn 0.0047 1.0000 -0.0035
vn 0.0017 1.0000 -0.0009
vn 0.0001 1.0000 -0.0002
vn 0.0009 1.0000 -0.0017
vn 0.0035 1.0000 -0.0047
vn -0.0031 1.0000 -0.0072
vn -0.0033 0.9999 -0.0107
vn -0.0008 1.0000 -0.0026
vn -0.0009 1.0000 -0.0039
vn -0.0063 0.9999 -0.0082
vn -0.0080 0.9999 -0.0140
vn -0.0087 0.9997 -0.0208
vn -0.0085 0.9996 -0.0278
vn -0.0033 0.9999 -0.0143
vn -0.0008 1.0000 -0.0053
vn -0.0001 1.0000 -0.0008
vn -0.0001 1.0000 -0.0006
vn -0.0001 1.0000 -0.0004
vn -0.0006 1.0000 -0.0015
vn -0.0024 1.0000 -0.0042
vn -0.0023 0.9998 -0.0204
vn -0.0015 0.9997 -0.0224
vn -0.0006 1.0000 -0.0075
vn -0.0004 1.0000 -0.0083
vn -0.0074 0.9994 -0.0343
vn -0.0059 0.9992 -0.0397
vn -0.0038 0.9990 -0.0436
vn -0.0014 0.9990 -0.0457
vn -0.0005 0.9997 -0.0235
vn -0.0001 1.0000 -0.0087
vn -0.0000 1.0000 -0.0012
vn -0.0001 1.0000 -0.0011
vn -0.0001 1.0000 -0.0009
vn -0.0007 1.0000 -0.0065
vn -0.0029 0.9998 -0.0176
vn 0.0015 0.9997 -0.0224
vn 0.0023 0.9998 -0.0204
vn 0.0004 1.0000 -0.0083
vn 0.0006 1.0000 -0.0075
vn 0.0014 0.9990 -0.0457
vn 0.0038 0.9990 -0.0436
vn 0.0059 0.9992 -0.0397
vn 0.0074 0.9994 -0.0343
vn 0.0029 0.9998 -0.0176
vn 0.0007 1.0000 -0.0065
vn 0.0001 1.0000 -0.0009
vn 0.0001 1.0000 -0.0011
vn 0.0001 1.0000 -0.0087
vn 0.0005 0.9997 -0.0235
vn 0.0033 0.9999 -0.0107
vn 0.0031 1.0000 -0.0072
vn 0.0009 1.0000 -0.0039
vn 0.0008 1.0000 -0.0026
vn 0.0085 0.9996 -0.0278
vn 0.0087 0.9997 -0.0208
vn 0.0080 0.9999 -0.0140
vn 0.0063 0.9999 -0.0082
vn 0.0024 1.0000 -0.0042
vn 0.0006 1.0000 -0.0015
vn 0.0001 1.0000 -0.0004
vn 0.0001 1.0000 -0.0006
vn 0.0001 1.0000 -0.0008
vn 0.0008 1.0000 -0.0053
vn 0.0033 0.9999 -0.0143
vn -0.0000 -1.0000 -0.0000
vn 0.0001 -1.0000 -0.0001
vn 0.0002 -1.0000 -0.0003
vn 0.0003 -1.0000 -0.0002
vn 0.0008 -1.0000 -0.0008
vn -0.0000 -1.0000 -0.0001
vn 0.0004 -1.0000 -0.0008
vn 0.0016 -1.0000 -0.0021
vn 0.0041 -1.0000 -0.0041
vn 0.0021 -1.0000 -0.0016
vn 0.0008 -1.0000 -0.0004
vn 0.0001 -1.0000 -0.0000
vn 0.0008 -1.0000 -0.0027
vn 0.0009 -1.0000 -0.0040
vn 0.0031 -1.0000 -0.0073
vn 0.0034 -0.9999 -0.0108
vn 0.0001 -1.0000 -0.0002
vn 0.0001 -1.0000 -0.0004
vn 0.0001 -1.0000 -0.0006
vn 0.0001 -1.0000 -0.0008
vn 0.0009 -1.0000 -0.0053
vn 0.0034 -0.9999 -0.0144
vn 0.0087 -0.9996 -0.0280
vn 0.0089 -0.9997 -0.0210
vn 0.0081 -0.9999 -0.0142
vn 0.0064 -0.9999 -0.0083
vn 0.0025 -1.0000 -0.0042
vn 0.0006 -1.0000 -0.0016
vn 0.0006 -1.0000 -0.0076
vn 0.0004 -1.0000 -0.0084
vn 0.0023 -0.9998 -0.0206
vn 0.0015 -0.9997 -0.0226
vn 0.0001 -1.0000 -0.0010
vn 0.0001 -1.0000 -0.0011
vn -0.0000 -1.0000 -0.0012
vn -0.0000 -1.0000 -0.0013
vn 0.0001 -1.0000 -0.0088
vn 0.0006 -0.9997 -0.0237
vn 0.0014 -0.9989 -0.0460
vn 0.0039 -0.9990 -0.0439
vn 0.0060 -0.9992 -0.0399
vn 0.0076 -0.9994 -0.0345
vn 0.0030 -0.9998 -0.0177
vn 0.0008 -1.0000 -0.0066
vn -0.0004 -1.0000 -0.0084
vn -0.0006 -1.0000 -0.0076
vn -0.0015 -0.9997 -0.0226
vn -0.0023 -0.9998 -0.0206
vn -0.0001 -1.0000 -0.0011
vn -0.0001 -1.0000 -0.0010
vn -0.0008 -1.0000 -0.0066
vn -0.0030 -0.9998 -0.0177
vn -0.0076 -0.9994 -0.0345
vn -0.0060 -0.9992 -0.0399
vn -0.0039 -0.9990 -0.0439
vn -0.0014 -0.9989 -0.0460
vn -0.0006 -0.9997 -0.0237
vn -0.0001 -1.0000 -0.0088
vn -0.0009 -1.0000 -0.0040
vn -0.0008 -1.0000 -0.0027
vn -0.0034 -0.9999 -0.0108
vn -0.0031 -1.0000 -0.0073
vn -0.0001 -1.0000 -0.0008
vn -0.0001 -1.0000 -0.0006
vn -0.0001 -1.0000 -0.0004
vn -0.0001 -1.0000 -0.0002
vn -0.0006 -1.0000 -0.0016
vn -0.0025 -1.0000 -0.0042
vn -0.0064 -0.9999 -0.0083
vn -0.0081 -0.9999 -0.0142
vn -0.0089 -0.9997 -0.0210
vn -0.0087 -0.9996 -0.0280
vn -0.0034 -0.9999 -0.0144
vn -0.0009 -1.0000 -0.0053
vn -0.0002 -1.0000 -0.0003
vn -0.0001 -1.0000 -0.0001
vn -0.0008 -1.0000 -0.0008
vn -0.0003 -1.0000 -0.0002
vn -0.0001 -1.0000 -0.0000
vn -0.0008 -1.0000 -0.0004
vn -0.0021 -1.0000 -0.0016
vn -0.0041 -1.0000 -0.0041
vn -0.0016 -1.0000 -0.0021
vn -0.0004 -1.0000 -0.0008
vn 0.0002 -1.0000 -0.0002
vn 0.0005 -1.0000 -0.0007
vn 0.0007 -1.0000 -0.0005
vn 0.0018 -1.0000 -0.0018
vn 0.0001 -1.0000 -0.0003
vn 0.0009 -1.0000 -0.0017
vn 0.0036 -1.0000 -0.0048
vn 0.0093 -0.9999 -0.0093
vn 0.0048 -1.0000 -0.0036
vn 0.0017 -1.0000 -0.0009
vn 0.0003 -1.0000 -0.0001
vn 0.0047 -1.0000 -0.0071
vn 0.0096 -0.9999 -0.0126
vn 0.0116 -0.9998 -0.0178
vn 0.0195 -0.9994 -0.0289
vn 0.0004 -1.0000 -0.0006
vn 0.0018 -1.0000 -0.0016
vn 0.0046 -1.0000 -0.0039
vn 0.0087 -0.9999 -0.0084
vn 0.0167 -0.9996 -0.0211
vn 0.0302 -0.9986 -0.0435
vn 0.0509 -0.9959 -0.0754
vn 0.0365 -0.9979 -0.0526
vn 0.0247 -0.9991 -0.0338
vn 0.0157 -0.9997 -0.0193
vn 0.0063 -0.9999 -0.0099
vn 0.0019 -1.0000 -0.0037
vn 0.0307 -0.9984 -0.0478
vn 0.0330 -0.9974 -0.0643
vn 0.0501 -0.9953 -0.0829
vn 0.0530 -0.9930 -0.1054
vn 0.0135 -0.9998 -0.0156
vn 0.0170 -0.9995 -0.0253
vn 0.0185 -0.9992 -0.0366
vn 0.0180 -0.9987 -0.0481
vn 0.0320 -0.9962 -0.0808
vn 0.0509 -0.9905 -0.1275
vn 0.0749 -0.9796 -0.1866
vn 0.0788 -0.9841 -0.1589
vn 0.0760 -0.9886 -0.1298
vn 0.0661 -0.9926 -0.1014
vn 0.0420 -0.9972 -0.0617
vn 0.0249 -0.9991 -0.0329
vn 0.0219 -0.9939 -0.1085
vn 0.0143 -0.9930 -0.1175
vn 0.0347 -0.9859 -0.1637
vn 0.0226 -0.9842 -0.1755
vn 0.0158 -0.9982 -0.0587
vn 0.0124 -0.9976 -0.0675
vn 0.0081 -0.9972 -0.0739
vn 0.0029 -0.9970 -0.0773
vn 0.0052 -0.9925 -0.1224
vn 0.0081 -0.9833 -0.1817
vn 0.0118 -0.9673 -0.2532
vn 0.0329 -0.9688 -0.2456
vn 0.0505 -0.9716 -0.2313
vn 0.0647 -0.9753 -0.2112
vn 0.0442 -0.9881 -0.1474
vn 0.0279 -0.9950 -0.0960
vn -0.0143 -0.9930 -0.1175
vn -0.0219 -0.9939 -0.1085
vn -0.0226 -0.9842 -0.1755
vn -0.0347 -0.9859 -0.1637
vn -0.0029 -0.9970 -0.0773
vn -0.0081 -0.9972 -0.0739
vn -0.0124 -0.9976 -0.0675
vn -0.0158 -0.9982 -0.0587
vn -0.0279 -0.9950 -0.0960
vn -0.0442 -0.9881 -0.1474
vn -0.0647 -0.9753 -0.2112
vn -0.0505 -0.9716 -0.2313
vn -0.0329 -0.9688 -0.2456
vn -0.0118 -0.9673 -0.2532
vn -0.0081 -0.9833 -0.1817
vn -0.0052 -0.9925 -0.1224
vn -0.0330 -0.9974 -0.0643
vn -0.0307 -0.9984 -0.0478
vn -0.0530 -0.9930 -0.1054
vn -0.0501 -0.9953 -0.0829
vn -0.0180 -0.9987 -0.0481
vn -0.0185 -0.9992 -0.0366
vn -0.0170 -0.9995 -0.0253
vn -0.0135 -0.9998 -0.0156
vn -0.0249 -0.9991 -0.0329
vn -0.0420 -0.9972 -0.0617
vn -0.0661 -0.9926 -0.1014
vn -0.0760 -0.9886 -0.1298
vn -0.0788 -0.9841 -0.1589
vn -0.0749 -0.9796 -0.1866
vn -0.0509 -0.9905 -0.1275
vn -0.0320 -0.9962 -0.0808
vn -0.0096 -0.9999 -0.0126
vn -0.0047 -1.0000 -0.0071
vn -0.0195 -0.9994 -0.0289
vn -0.0116 -0.9998 -0.0178
vn -0.0087 -0.9999 -0.0084
vn -0.0046 -1.0000 -0.0039
vn -0.0018 -1.0000 -0.0016
vn -0.0004 -1.0000 -0.0006
vn -0.0019 -1.0000 -0.0037
vn -0.0063 -0.9999 -0.0099
vn -0.0157 -0.9997 -0.0193
vn -0.0247 -0.9991 -0.0338
vn -0.0365 -0.9979 -0.0526
vn -0.0509 -0.9959 -0.0754
vn -0.0302 -0.9986 -0.0435
vn -0.0167 -0.9996 -0.0211
vn -0.0005 -1.0000 -0.0007
vn -0.0002 -1.0000 -0.0002
vn -0.0018 -1.0000 -0.0018
vn -0.0007 -1.0000 -0.0005
vn -0.0001 -1.0000 -0.0003
vn -0.0003 -1.0000 -0.0001
vn -0.0017 -1.0000 -0.0009
vn -0.0048 -1.0000 -0.0036
vn -0.0093 -0.9999 -0.0093
vn -0.0036 -1.0000 -0.0048
vn -0.0009 -1.0000 -0.0017
vn 0.0071 -1.0000 -0.0047
vn 0.0178 -0.9998 -0.0116
vn 0.0126 -0.9999 -0.0096
vn 0.0289 -0.9994 -0.0195
vn 0.0006 -1.0000 -0.0004
vn 0.0037 -1.0000 -0.0019
vn 0.0099 -0.9999 -0.0063
vn 0.0193 -0.9997 -0.0157
vn 0.0338 -0.9991 -0.0247
vn 0.0526 -0.9979 -0.0365
vn 0.0754 -0.9959 -0.0509
vn 0.0435 -0.9986 -0.0302
vn 0.0211 -0.9996 -0.0167
vn 0.0084 -0.9999 -0.0087
vn 0.0039 -1.0000 -0.0046
vn 0.0016 -1.0000 -0.0018
vn 0.0750 -0.9944 -0.0750
vn 0.0963 -0.9892 -0.1106
vn 0.1106 -0.9892 -0.0963
vn 0.1373 -0.9810 -0.1373
vn 0.0315 -0.9990 -0.0315
vn 0.0458 -0.9975 -0.0538
vn 0.0620 -0.9947 -0.0818
vn 0.0799 -0.9903 -0.1138
vn 0.1175 -0.9816 -0.1504
vn 0.1618 -0.9698 -0.1825
vn 0.2100 -0.9549 -0.2100
vn 0.1825 -0.9698 -0.1618
vn 0.1504 -0.9816 -0.1175
vn 0.1138 -0.9903 -0.0799
vn 0.0818 -0.9947 -0.0620
vn 0.0538 -0.9975 -0.0458
vn 0.1469 -0.9611 -0.2341
vn 0.1464 -0.9503 -0.2748
vn 0.1910 -0.9420 -0.2759
vn 0.1876 -0.9284 -0.3207
vn 0.0976 -0.9841 -0.1483
vn 0.1081 -0.9769 -0.1842
vn 0.1098 -0.9694 -0.2195
vn 0.1030 -0.9621 -0.2525
vn 0.1357 -0.9403 -0.3121
vn 0.1723 -0.9162 -0.3617
vn 0.2117 -0.8911 -0.4014
vn 0.2319 -0.9047 -0.3574
vn 0.2386 -0.9205 -0.3095
vn 0.2310 -0.9377 -0.2596
vn 0.1820 -0.9562 -0.2291
vn 0.1368 -0.9718 -0.1919
vn 0.0898 -0.9244 -0.3706
vn 0.0582 -0.9194 -0.3891
vn 0.1132 -0.8978 -0.4256
vn 0.0734 -0.8921 -0.4458
vn 0.0884 -0.9555 -0.2814
vn 0.0687 -0.9500 -0.3046
vn 0.0447 -0.9460 -0.3212
vn 0.0160 -0.9438 -0.3300
vn 0.0209 -0.9167 -0.3989
vn 0.0265 -0.8893 -0.4566
vn 0.0325 -0.8631 -0.5040
vn 0.0897 -0.8659 -0.4921
vn 0.1383 -0.8716 -0.4703
vn 0.1792 -0.8801 -0.4396
vn 0.1464 -0.9060 -0.3972
vn 0.1158 -0.9316 -0.3446
vn -0.0582 -0.9194 -0.3891
vn -0.0898 -0.9244 -0.3706
vn -0.0734 -0.8921 -0.4458
vn -0.1132 -0.8978 -0.4256
vn -0.0160 -0.9438 -0.3300
vn -0.0447 -0.9460 -0.3212
vn -0.0687 -0.9500 -0.3046
vn -0.0884 -0.9555 -0.2814
vn -0.1158 -0.9316 -0.3446
vn -0.1464 -0.9060 -0.3972
vn -0.1792 -0.8801 -0.4396
vn -0.1383 -0.8716 -0.4703
vn -0.0897 -0.8659 -0.4921
vn -0.0325 -0.8631 -0.5040
vn -0.0265 -0.8893 -0.4566
vn -0.0209 -0.9167 -0.3989
vn -0.1464 -0.9503 -0.2748
vn -0.1469 -0.9611 -0.2341
vn -0.1876 -0.9284 -0.3207
vn -0.1910 -0.9420 -0.2759
vn -0.1030 -0.9621 -0.2525
vn -0.1098 -0.9694 -0.2195
vn -0.1081 -0.9769 -0.1842
vn -0.0976 -0.9841 -0.1483
vn -0.1368 -0.9718 -0.1919
vn -0.1820 -0.9562 -0.2291
vn -0.2310 -0.9377 -0.2596
vn -0.2386 -0.9205 -0.3095
vn -0.2319 -0.9047 -0.3574
vn -0.2117 -0.8911 -0.4014
vn -0.1723 -0.9162 -0.3617
vn -0.1357 -0.9403 -0.3121
vn -0.0963 -0.9892 -0.1106
vn -0.0750 -0.9944 -0.0750
vn -0.1373 -0.9810 -0.1373
vn -0.1106 -0.9892 -0.0963
vn -0.0799 -0.9903 -0.1138
vn -0.0620 -0.9947 -0.0818
vn -0.0458 -0.9975 -0.0538
vn -0.0315 -0.9990 -0.0315
vn -0.0538 -0.9975 -0.0458
vn -0.0818 -0.9947 -0.0620
vn -0.1138 -0.9903 -0.0799
vn -0.1504 -0.9816 -0.1175
vn -0.1825 -0.9698 -0.1618
vn -0.2100 -0.9549 -0.2100
vn -0.1618 -0.9698 -0.1825
vn -0.1175 -0.9816 -0.1504
vn -0.0178 -0.9998 -0.0116
vn -0.0071 -1.0000 -0.0047
vn -0.0289 -0.9994 -0.0195
vn -0.0126 -0.9999 -0.0096
vn -0.0193 -0.9997 -0.0157
vn -0.0099 -0.9999 -0.0064
vn -0.0037 -1.0000 -0.0019
vn -0.0006 -1.0000 -0.0004
vn -0.0016 -1.0000 -0.0018
vn -0.0039 -1.0000 -0.0046
vn -0.0084 -0.9999 -0.0087
vn -0.0211 -0.9996 -0.0167
vn -0.0435 -0.9986 -0.0302
vn -0.0754 -0.9959 -0.0509
vn -0.0526 -0.9979 -0.0365
vn -0.0338 -0.9991 -0.0247
vn 0.0027 -1.0000 -0.0008
vn 0.0072 -1.0000 -0.0031
vn 0.0040 -1.0000 -0.0009
vn 0.0108 -0.9999 -0.0034
vn 0.0002 -1.0000 -0.0001
vn 0.0016 -1.0000 -0.0006
vn 0.0042 -1.0000 -0.0025
vn 0.0083 -0.9999 -0.0064
vn 0.0142 -0.9999 -0.0081
vn 0.0210 -0.9997 -0.0089
vn 0.0280 -0.9996 -0.0087
vn 0.0144 -0.9999 -0.0034
vn 0.0053 -1.0000 -0.0009
vn 0.0008 -1.0000 -0.0001
vn 0.0006 -1.0000 -0.0001
vn 0.0004 -1.0000 -0.0001
vn 0.0478 -0.9984 -0.0307
vn 0.0829 -0.9953 -0.0501
vn 0.0643 -0.9974 -0.0330
vn 0.1054 -0.9930 -0.0530
vn 0.0156 -0.9998 -0.0135
vn 0.0329 -0.9991 -0.0249
vn 0.0617 -0.9972 -0.0420
vn 0.1014 -0.9926 -0.0661
vn 0.1298 -0.9886 -0.0760
vn 0.1589 -0.9841 -0.0788
vn 0.1866 -0.9796 -0.0749
vn 0.1275 -0.9905 -0.0509
vn 0.0808 -0.9962 -0.0320
vn 0.0481 -0.9987 -0.0180
vn 0.0366 -0.9992 -0.0185
vn 0.0253 -0.9995 -0.0170
vn 0.2341 -0.9611 -0.1469
vn 0.2759 -0.9420 -0.1910
vn 0.2748 -0.9503 -0.1464
vn 0.3207 -0.9284 -0.1876
vn 0.1482 -0.9841 -0.0976
vn 0.1919 -0.9718 -0.1368
vn 0.2291 -0.9562 -0.1820
vn 0.2596 -0.9377 -0.2310
vn 0.3095 -0.9205 -0.2386
vn 0.3574 -0.9047 -0.2319
vn 0.4014 -0.8911 -0.2117
vn 0.3617 -0.9162 -0.1723
vn 0.3121 -0.9403 -0.1357
vn 0.2525 -0.9621 -0.1030
vn 0.2195 -0.9694 -0.1098
vn 0.1842 -0.9769 -0.1081
vn 0.3390 -0.8776 -0.3390
vn 0.3264 -0.8611 -0.3898
vn 0.3898 -0.8611 -0.3264
vn 0.3761 -0.8468 -0.3761
vn 0.2815 -0.9173 -0.2815
vn 0.2879 -0.8979 -0.3331
vn 0.2777 -0.8809 -0.3832
vn 0.2524 -0.8670 -0.4296
vn 0.2965 -0.8487 -0.4378
vn 0.3430 -0.8379 -0.4247
vn 0.3902 -0.8340 -0.3902
vn 0.4247 -0.8379 -0.3430
vn 0.4378 -0.8487 -0.2965
vn 0.4296 -0.8670 -0.2524
vn 0.3832 -0.8809 -0.2777
vn 0.3331 -0.8979 -0.2879
vn 0.1932 -0.8345 -0.5160
vn 0.1258 -0.8313 -0.5414
vn 0.2248 -0.8319 -0.5074
vn 0.1473 -0.8321 -0.5347
vn 0.2131 -0.8563 -0.4705
vn 0.1643 -0.8484 -0.5032
vn 0.1066 -0.8433 -0.5268
vn 0.0390 -0.8410 -0.5397
vn 0.0468 -0.8301 -0.5556
vn 0.0568 -0.8329 -0.5505
vn 0.0768 -0.8485 -0.5236
vn 0.1713 -0.8450 -0.5065
vn 0.2586 -0.8400 -0.4770
vn 0.3329 -0.8356 -0.4369
vn 0.2906 -0.8335 -0.4699
vn 0.2505 -0.8402 -0.4810
vn -0.1258 -0.8313 -0.5414
vn -0.1932 -0.8345 -0.5160
vn -0.1473 -0.8321 -0.5347
vn -0.2248 -0.8319 -0.5074
vn -0.0390 -0.8410 -0.5397
vn -0.1066 -0.8433 -0.5268
vn -0.1643 -0.8484 -0.5032
vn -0.2131 -0.8563 -0.4705
vn -0.2505 -0.8402 -0.4810
vn -0.2906 -0.8335 -0.4699
vn -0.3329 -0.8356 -0.4369
vn -0.2586 -0.8400 -0.4770
vn -0.1713 -0.8450 -0.5065
vn -0.0768 -0.8485 -0.5236
vn -0.0568 -0.8329 -0.5505
vn -0.0468 -0.8301 -0.5556
vn -0.3264 -0.8611 -0.3898
vn -0.3390 -0.8776 -0.3390
vn -0.3761 -0.8468 -0.3761
vn -0.3898 -0.8611 -0.3264
vn -0.2524 -0.8670 -0.4296
vn -0.2777 -0.8809 -0.3832
vn -0.2879 -0.8979 -0.3331
vn -0.2815 -0.9173 -0.2815
vn -0.3331 -0.8979 -0.2879
vn -0.3832 -0.8809 -0.2777
vn -0.4296 -0.8670 -0.2524
vn -0.4378 -0.8487 -0.2965
vn -0.4247 -0.8379 -0.3430
vn -0.3902 -0.8340 -0.3902
vn -0.3430 -0.8379 -0.4247
vn -0.2965 -0.8487 -0.4378
vn -0.2759 -0.9420 -0.1910
vn -0.2341 -0.9611 -0.1469
vn -0.3207 -0.9284 -0.1876
vn -0.2748 -0.9503 -0.1464
vn -0.2596 -0.9377 -0.2310
vn -0.2291 -0.9562 -0.1820
vn -0.1919 -0.9718 -0.1368
vn -0.1483 -0.9841 -0.0976
vn -0.1842 -0.9769 -0.1081
vn -0.2195 -0.9694 -0.1098
vn -0.2525 -0.9621 -0.1030
vn -0.3121 -0.9403 -0.1357
vn -0.3617 -0.9162 -0.1723
vn -0.4014 -0.8911 -0.2117
vn -0.3574 -0.9047 -0.2319
vn -0.3095 -0.9205 -0.2386
vn -0.0829 -0.9953 -0.0501
vn -0.0478 -0.9984 -0.0307
vn -0.1054 -0.9930 -0.0530
vn -0.0643 -0.9974 -0.0330
vn -0.1014 -0.9926 -0.0661
vn -0.0617 -0.9972 -0.0420
vn -0.0329 -0.9991 -0.0249
vn -0.0156 -0.9998 -0.0135
vn -0.0253 -0.9995 -0.0170
vn -0.0366 -0.9992 -0.0185
vn -0.0481 -0.9987 -0.0180
vn -0.0808 -0.9962 -0.0320
vn -0.1275 -0.9905 -0.0509
vn -0.1866 -0.9796 -0.0749
vn -0.1589 -0.9841 -0.0788
vn -0.1298 -0.9886 -0.0760
vn -0.0073 -1.0000 -0.0031
vn -0.0027 -1.0000 -0.0008
vn -0.0108 -0.9999 -0.0034
vn -0.0040 -1.0000 -0.0009
vn -0.0083 -0.9999 -0.0064
vn -0.0042 -1.0000 -0.0025
vn -0.0016 -1.0000 -0.0006
vn -0.0002 -1.0000 -0.0001
vn -0.0004 -1.0000 -0.0001
vn -0.0006 -1.0000 -0.0001
vn -0.0008 -1.0000 -0.0001
vn -0.0053 -1.0000 -0.0009
vn -0.0144 -0.9999 -0.0034
vn -0.0280 -0.9996 -0.0087
vn -0.0210 -0.9997 -0.0089
vn -0.0142 -0.9999 -0.0081
vn 0.0076 -1.0000 -0.0006
vn 0.0206 -0.9998 -0.0023
vn 0.0084 -1.0000 -0.0004
vn 0.0226 -0.9997 -0.0015
vn 0.0010 -1.0000 -0.0001
vn 0.0066 -1.0000 -0.0008
vn 0.0177 -0.9998 -0.0030
vn 0.0345 -0.9994 -0.0076
vn 0.0399 -0.9992 -0.0060
vn 0.0439 -0.9990 -0.0039
vn 0.0460 -0.9989 -0.0014
vn 0.0237 -0.9997 -0.0006
vn 0.0088 -1.0000 -0.0001
vn 0.0013 -1.0000 -0.0000
vn 0.0012 -1.0000 -0.0000
vn 0.0011 -1.0000 -0.0001
vn 0.1085 -0.9939 -0.0219
vn 0.1637 -0.9859 -0.0347
vn 0.1175 -0.9930 -0.0143
vn 0.1755 -0.9842 -0.0226
vn 0.0587 -0.9982 -0.0158
vn 0.0960 -0.9950 -0.0279
vn 0.1474 -0.9881 -0.0442
vn 0.2112 -0.9753 -0.0647
vn 0.2313 -0.9716 -0.0505
vn 0.2456 -0.9688 -0.0329
vn 0.2532 -0.9673 -0.0118
vn 0.1817 -0.9833 -0.0081
vn 0.1224 -0.9925 -0.0052
vn 0.0773 -0.9970 -0.0029
vn 0.0739 -0.9972 -0.0081
vn 0.0675 -0.9976 -0.0124
vn 0.3706 -0.9244 -0.0898
vn 0.4256 -0.8978 -0.1132
vn 0.3891 -0.9194 -0.0582
vn 0.4458 -0.8921 -0.0734
vn 0.2814 -0.9555 -0.0884
vn 0.3446 -0.9316 -0.1158
vn 0.3972 -0.9060 -0.1464
vn 0.4396 -0.8801 -0.1792
vn 0.4703 -0.8716 -0.1383
vn 0.4921 -0.8659 -0.0897
vn 0.5040 -0.8631 -0.0325
vn 0.4566 -0.8893 -0.0265
vn 0.3989 -0.9167 -0.0209
vn 0.3300 -0.9438 -0.0160
vn 0.3212 -0.9460 -0.0447
vn 0.3046 -0.9500 -0.0687
vn 0.5160 -0.8345 -0.1932
vn 0.5074 -0.8319 -0.2248
vn 0.5414 -0.8313 -0.1258
vn 0.5347 -0.8321 -0.1473
vn 0.4705 -0.8563 -0.2131
vn 0.4810 -0.8402 -0.2505
vn 0.4699 -0.8335 -0.2906
vn 0.4369 -0.8356 -0.3329
vn 0.4770 -0.8400 -0.2586
vn 0.5065 -0.8450 -0.1713
vn 0.5236 -0.8485 -0.0768
vn 0.5505 -0.8329 -0.0568
vn 0.5556 -0.8301 -0.0468
vn 0.5397 -0.8410 -0.0390
vn 0.5268 -0.8433 -0.1066
vn 0.5032 -0.8484 -0.1643
vn 0.3400 -0.8768 -0.3400
vn -0.2191 0.8923 0.3946
vn -0.3946 0.8923 0.2191
vn -0.3650 0.8565 0.3650
vn 0.3783 -0.8449 -0.3783
vn 0.2976 -0.8569 -0.4209
vn 0.2119 -0.8679 -0.4493
vn -0.0405 0.8748 0.4828
vn -0.0726 0.8982 0.4335
vn 0.0237 -0.9991 -0.0362
vn 0.0609 -0.9963 -0.0609
vn 0.0362 -0.9991 -0.0237
vn -0.4335 0.8982 0.0726
vn -0.4828 0.8748 0.0405
vn 0.4493 -0.8679 -0.2119
vn 0.4209 -0.8569 -0.2976
vn 0.2191 0.8923 0.3946
vn -0.3400 -0.8768 -0.3400
vn 0.3650 0.8565 0.3650
vn 0.3946 0.8923 0.2191
vn 0.0405 0.8748 0.4828
vn -0.2119 -0.8679 -0.4493
vn -0.2976 -0.8569 -0.4209
vn -0.3783 -0.8449 -0.3783
vn -0.4209 -0.8569 -0.2976
vn -0.4493 -0.8679 -0.2119
vn 0.4828 0.8748 0.0405
vn 0.4335 0.8982 0.0726
vn -0.0362 -0.9991 -0.0237
vn -0.0609 -0.9963 -0.0609
vn -0.0237 -0.9991 -0.0362
vn 0.0726 0.8982 0.4335
vn -0.5074 -0.8319 -0.2248
vn -0.5160 -0.8345 -0.1932
vn -0.5347 -0.8321 -0.1473
vn -0.5414 -0.8313 -0.1258
vn -0.4369 -0.8356 -0.3329
vn -0.4699 -0.8335 -0.2906
vn -0.4810 -0.8402 -0.2505
vn -0.4705 -0.8563 -0.2131
vn -0.5032 -0.8484 -0.1643
vn -0.5268 -0.8433 -0.1066
vn -0.5397 -0.8410 -0.0390
vn -0.5556 -0.8301 -0.0468
vn -0.5505 -0.8329 -0.0568
vn -0.5236 -0.8485 -0.0768
vn -0.5065 -0.8450 -0.1713
vn -0.4770 -0.8400 -0.2586
vn -0.4256 -0.8978 -0.1132
vn -0.3706 -0.9244 -0.0898
vn -0.4458 -0.8921 -0.0734
vn -0.3891 -0.9194 -0.0582
vn -0.4396 -0.8801 -0.1792
vn -0.3972 -0.9060 -0.1464
vn -0.3446 -0.9316 -0.1158
vn -0.2814 -0.9555 -0.0884
vn -0.3046 -0.9500 -0.0687
vn -0.3212 -0.9460 -0.0447
vn -0.3300 -0.9438 -0.0160
vn -0.3989 -0.9167 -0.0209
vn -0.4566 -0.8893 -0.0265
vn -0.5040 -0.8631 -0.0325
vn -0.4921 -0.8659 -0.0897
vn -0.4703 -0.8716 -0.1383
vn -0.1637 -0.9859 -0.0347
vn -0.1085 -0.9939 -0.0219
vn -0.1755 -0.9842 -0.0226
vn -0.1175 -0.9930 -0.0143
vn -0.2112 -0.9753 -0.0647
vn -0.1474 -0.9881 -0.0442
vn -0.0960 -0.9950 -0.0279
vn -0.0587 -0.9982 -0.0158
vn -0.0675 -0.9976 -0.0124
vn -0.0739 -0.9972 -0.0081
vn -0.0773 -0.9970 -0.0029
vn -0.1224 -0.9925 -0.0051
vn -0.1817 -0.9833 -0.0081
vn -0.2532 -0.9673 -0.0118
vn -0.2456 -0.9688 -0.0329
vn -0.2313 -0.9716 -0.0505
vn -0.0206 -0.9998 -0.0023
vn -0.0076 -1.0000 -0.0006
vn -0.0226 -0.9997 -0.0015
vn -0.0084 -1.0000 -0.0004
vn -0.0345 -0.9994 -0.0076
vn -0.0177 -0.9998 -0.0030
vn -0.0066 -1.0000 -0.0008
vn -0.0010 -1.0000 -0.0001
vn -0.0011 -1.0000 -0.0001
vn -0.0012 -1.0000 -0.0000
vn -0.0013 -1.0000 -0.0000
vn -0.0088 -1.0000 -0.0001
vn -0.0237 -0.9997 -0.0006
vn -0.0460 -0.9989 -0.0014
vn -0.0439 -0.9990 -0.0039
vn -0.0399 -0.9992 -0.0060
vn 0.0084 -1.0000 0.0004
vn 0.0226 -0.9997 0.0015
vn 0.0076 -1.0000 0.0006
vn 0.0206 -0.9998 0.0023
vn 0.0088 -1.0000 0.0001
vn 0.0237 -0.9997 0.0006
vn 0.0460 -0.9989 0.0014
vn 0.0439 -0.9990 0.0039
vn 0.0399 -0.9992 0.0060
vn 0.0345 -0.9994 0.0076
vn 0.0177 -0.9998 0.0030
vn 0.0066 -1.0000 0.0008
vn 0.0010 -1.0000 0.0001
vn 0.0011 -1.0000 0.0001
vn 0.1175 -0.9930 0.0143
vn 0.1755 -0.9842 0.0226
vn 0.1085 -0.9939 0.0219
vn 0.1637 -0.9859 0.0347
vn 0.0773 -0.9970 0.0029
vn 0.1224 -0.9925 0.0052
vn 0.1817 -0.9833 0.0081
vn 0.2532 -0.9673 0.0118
vn 0.2456 -0.9688 0.0329
vn 0.2313 -0.9716 0.0505
vn 0.2112 -0.9753 0.0647
vn 0.1474 -0.9881 0.0442
vn 0.0960 -0.9950 0.0279
vn 0.0587 -0.9982 0.0158
vn 0.0675 -0.9976 0.0124
vn 0.0739 -0.9972 0.0081
vn 0.3891 -0.9194 0.0582
vn 0.4458 -0.8921 0.0734
vn 0.3706 -0.9244 0.0898
vn 0.4256 -0.8978 0.1132
vn 0.3300 -0.9438 0.0160
vn 0.3989 -0.9167 0.0209
vn 0.4566 -0.8893 0.0265
vn 0.5040 -0.8631 0.0325
vn 0.4921 -0.8659 0.0897
vn 0.4703 -0.8716 0.1383
vn 0.4396 -0.8801 0.1792
vn 0.3972 -0.9060 0.1464
vn 0.3446 -0.9316 0.1158
vn 0.2814 -0.9555 0.0884
vn 0.3046 -0.9500 0.0687
vn 0.3212 -0.9460 0.0447
vn 0.5414 -0.8313 0.1258
vn 0.5347 -0.8321 0.1473
vn 0.5160 -0.8345 0.1932
vn 0.5074 -0.8319 0.2248
vn 0.5397 -0.8410 0.0390
vn 0.5556 -0.8301 0.0468
vn 0.5505 -0.8329 0.0568
vn 0.5236 -0.8485 0.0768
vn 0.5065 -0.8450 0.1713
vn 0.4770 -0.8400 0.2586
vn 0.4369 -0.8356 0.3329
vn 0.4699 -0.8335 0.2906
vn 0.4810 -0.8402 0.2505
vn 0.4705 -0.8563 0.2131
vn 0.5032 -0.8484 0.1643
vn 0.5268 -0.8433 0.1066
vn -0.3946 0.8923 -0.2191
vn -0.3650 0.8565 -0.3650
vn 0.3400 -0.8768 0.3400
vn -0.2191 0.8923 -0.3946
vn -0.4828 0.8748 -0.0405
vn -0.4335 0.8982 -0.0726
vn 0.0362 -0.9991 0.0237
vn 0.0609 -0.9963 0.0609
vn 0.0237 -0.9991 0.0362
vn -0.0726 0.8982 -0.4335
vn -0.0405 0.8748 -0.4828
vn 0.2119 -0.8679 0.4493
vn 0.2976 -0.8569 0.4209
vn 0.3783 -0.8449 0.3783
vn 0.4209 -0.8569 0.2976
vn 0.4493 -0.8679 0.2119
vn 0.3650 0.8565 -0.3650
vn 0.3946 0.8923 -0.2191
vn 0.2191 0.8923 -0.3946
vn -0.3400 -0.8768 0.3400
vn -0.0609 -0.9963 0.0609
vn -0.0362 -0.9991 0.0237
vn 0.4335 0.8982 -0.0726
vn 0.4828 0.8748 -0.0405
vn -0.4493 -0.8679 0.2119
vn -0.4209 -0.8569 0.2976
vn -0.3783 -0.8449 0.3783
vn -0.2976 -0.8569 0.4209
vn -0.2119 -0.8679 0.4493
vn 0.0405 0.8748 -0.4828
vn 0.0726 0.8982 -0.4335
vn -0.0237 -0.9991 0.0362
vn -0.5347 -0.8321 0.1473
vn -0.5414 -0.8313 0.1258
vn -0.5074 -0.8319 0.2248
vn -0.5160 -0.8345 0.1932
vn -0.5236 -0.8485 0.0768
vn -0.5505 -0.8329 0.0568
vn -0.5556 -0.8301 0.0468
vn -0.5397 -0.8410 0.0390
vn -0.5268 -0.8433 0.1066
vn -0.5032 -0.8484 0.1643
vn -0.4705 -0.8563 0.2131
vn -0.4810 -0.8402 0.2505
vn -0.4699 -0.8335 0.2906
vn -0.4369 -0.8356 0.3329
vn -0.4770 -0.8400 0.2586
vn -0.5065 -0.8450 0.1713
vn -0.4458 -0.8921 0.0734
vn -0.3891 -0.9194 0.0582
vn -0.4256 -0.8978 0.1132
vn -0.3706 -0.9244 0.0898
vn -0.5040 -0.8631 0.0325
vn -0.4566 -0.8893 0.0265
vn -0.3989 -0.9167 0.0209
vn -0.3300 -0.9438 0.0160
vn -0.3212 -0.9460 0.0447
vn -0.3046 -0.9500 0.0687
vn -0.2814 -0.9555 0.0884
vn -0.3446 -0.9316 0.1158
vn -0.3972 -0.9060 0.1464
vn -0.4396 -0.8801 0.1792
vn -0.4703 -0.8716 0.1383
vn -0.4921 -0.8659 0.0897
vn -0.1755 -0.9842 0.0226
vn -0.1175 -0.9930 0.0143
vn -0.1637 -0.9859 0.0347
vn -0.1085 -0.9939 0.0219
vn -0.2532 -0.9673 0.0118
vn -0.1817 -0.9833 0.0081
vn -0.1224 -0.9925 0.0051
vn -0.0773 -0.9970 0.0029
vn -0.0739 -0.9972 0.0081
vn -0.0675 -0.9976 0.0124
vn -0.0587 -0.9982 0.0158
vn -0.0960 -0.9950 0.0279
vn -0.1474 -0.9881 0.0442
vn -0.2112 -0.9753 0.0647
vn -0.2313 -0.9716 0.0505
vn -0.2456 -0.9688 0.0329
vn -0.0226 -0.9997 0.0015
vn -0.0084 -1.0000 0.0004
vn -0.0206 -0.9998 0.0023
vn -0.0076 -1.0000 0.0006
vn -0.0460 -0.9989 0.0014
vn -0.0237 -0.9997 0.0006
vn -0.0088 -1.0000 0.0001
vn -0.0011 -1.0000 0.0001
vn -0.0010 -1.0000 0.0001
vn -0.0066 -1.0000 0.0008
vn -0.0177 -0.9998 0.0030
vn -0.0345 -0.9994 0.0076
vn -0.0399 -0.9992 0.0060
vn -0.0439 -0.9990 0.0039
vn 0.0040 -1.0000 0.0009
vn 0.0108 -0.9999 0.0034
vn 0.0027 -1.0000 0.0008
vn 0.0073 -1.0000 0.0031
vn 0.0008 -1.0000 0.0001
vn 0.0053 -1.0000 0.0009
vn 0.0144 -0.9999 0.0034
vn 0.0280 -0.9996 0.0087
vn 0.0210 -0.9997 0.0089
vn 0.0142 -0.9999 0.0081
vn 0.0083 -0.9999 0.0064
vn 0.0042 -1.0000 0.0025
vn 0.0016 -1.0000 0.0006
vn 0.0002 -1.0000 0.0001
vn 0.0004 -1.0000 0.0001
vn 0.0006 -1.0000 0.0001
vn 0.0643 -0.9974 0.0330
vn 0.1054 -0.9930 0.0530
vn 0.0478 -0.9984 0.0307
vn 0.0829 -0.9953 0.0501
vn 0.0481 -0.9987 0.0180
vn 0.0808 -0.9962 0.0320
vn 0.1275 -0.9905 0.0509
vn 0.1866 -0.9796 0.0749
vn 0.1589 -0.9841 0.0788
vn 0.1298 -0.9886 0.0760
vn 0.1014 -0.9926 0.0661
vn 0.0617 -0.9972 0.0420
vn 0.0329 -0.9991 0.0249
vn 0.0156 -0.9998 0.0135
vn 0.0253 -0.9995 0.0170
vn 0.0366 -0.9992 0.0185
vn 0.2748 -0.9503 0.1464
vn 0.3207 -0.9284 0.1876
vn 0.2341 -0.9611 0.1469
vn 0.2759 -0.9420 0.1910
vn 0.2525 -0.9621 0.1030
vn 0.3121 -0.9403 0.1357
vn 0.3617 -0.9162 0.1723
vn 0.4014 -0.8911 0.2117
vn 0.3574 -0.9047 0.2319
vn 0.3095 -0.9205 0.2386
vn 0.2596 -0.9377 0.2310
vn 0.2291 -0.9562 0.1820
vn 0.1919 -0.9718 0.1368
vn 0.1483 -0.9841 0.0976
vn 0.1842 -0.9769 0.1081
vn 0.2195 -0.9694 0.1098
vn 0.3898 -0.8611 0.3264
vn 0.3761 -0.8468 0.3761
vn 0.3390 -0.8776 0.3390
vn 0.3264 -0.8611 0.3898
vn 0.4296 -0.8670 0.2524
vn 0.4378 -0.8487 0.2965
vn 0.4247 -0.8379 0.3430
vn 0.3902 -0.8340 0.3902
vn 0.3430 -0.8379 0.4247
vn 0.2965 -0.8487 0.4378
vn 0.2524 -0.8670 0.4296
vn 0.2777 -0.8809 0.3832
vn 0.2879 -0.8979 0.3331
vn 0.2816 -0.9173 0.2815
vn 0.3331 -0.8979 0.2879
vn 0.3832 -0.8809 0.2777
vn 0.2248 -0.8319 0.5074
vn 0.1473 -0.8321 0.5347
vn 0.1932 -0.8345 0.5160
vn 0.1258 -0.8313 0.5414
vn 0.3329 -0.8356 0.4369
vn 0.2586 -0.8400 0.4770
vn 0.1713 -0.8450 0.5065
vn 0.0768 -0.8485 0.5236
vn 0.0568 -0.8329 0.5505
vn 0.0468 -0.8301 0.5556
vn 0.0390 -0.8410 0.5397
vn 0.1066 -0.8433 0.5268
vn 0.1643 -0.8484 0.5032
vn 0.2131 -0.8563 0.4705
vn 0.2505 -0.8402 0.4810
vn 0.2906 -0.8335 0.4699
vn -0.1473 -0.8321 0.5347
vn -0.2248 -0.8319 0.5074
vn -0.1258 -0.8313 0.5414
vn -0.1932 -0.8345 0.5160
vn -0.0768 -0.8485 0.5236
vn -0.1713 -0.8450 0.5065
vn -0.2586 -0.8400 0.4770
vn -0.3329 -0.8356 0.4369
vn -0.2906 -0.8335 0.4699
vn -0.2505 -0.8402 0.4810
vn -0.2131 -0.8563 0.4705
vn -0.1643 -0.8484 0.5032
vn -0.1066 -0.8433 0.5268
vn -0.0390 -0.8410 0.5397
vn -0.0468 -0.8301 0.5556
vn -0.0568 -0.8329 0.5505
vn -0.3761 -0.8468 0.3761
vn -0.3898 -0.8611 0.3264
vn -0.3264 -0.8611 0.3898
vn -0.3390 -0.8776 0.3390
vn -0.3902 -0.8340 0.3902
vn -0.4247 -0.8379 0.3430
vn -0.4378 -0.8487 0.2965
vn -0.4296 -0.8670 0.2524
vn -0.3832 -0.8809 0.2777
vn -0.3331 -0.8979 0.2879
vn -0.2815 -0.9173 0.2815
vn -0.2879 -0.8979 0.3331
vn -0.2777 -0.8809 0.3832
vn -0.2524 -0.8670 0.4296
vn -0.2965 -0.8487 0.4378
vn -0.3430 -0.8379 0.4247
vn -0.3207 -0.9284 0.1876
vn -0.2748 -0.9503 0.1464
vn -0.2759 -0.9420 0.1910
vn -0.2341 -0.9611 0.1469
vn -0.4014 -0.8911 0.2117
vn -0.3617 -0.9162 0.1723
vn -0.3121 -0.9403 0.1357
vn -0.2525 -0.9621 0.1030
vn -0.2195 -0.9694 0.1098
vn -0.1842 -0.9769 0.1081
vn -0.1483 -0.9841 0.0976
vn -0.1919 -0.9718 0.1368
vn -0.2291 -0.9562 0.1820
vn -0.2596 -0.9377 0.2310
vn -0.3095 -0.9205 0.2386
vn -0.3574 -0.9047 0.2319
vn -0.1054 -0.9930 0.0530
vn -0.0643 -0.9974 0.0330
vn -0.0829 -0.9953 0.0501
vn -0.0478 -0.9984 0.0307
vn -0.1866 -0.9796 0.0749
vn -0.1275 -0.9905 0.0509
vn -0.0808 -0.9962 0.0320
vn -0.0481 -0.9987 0.0180
vn -0.0366 -0.9992 0.0185
vn -0.0253 -0.9995 0.0170
vn -0.0156 -0.9998 0.0135
vn -0.0329 -0.9991 0.0249
vn -0.0617 -0.9972 0.0420
vn -0.1014 -0.9926 0.0661
vn -0.1298 -0.9886 0.0760
vn -0.1589 -0.9841 0.0788
vn -0.0108 -0.9999 0.0034
vn -0.0040 -1.0000 0.0009
vn -0.0073 -1.0000 0.0031
vn -0.0027 -1.0000 0.0008
vn -0.0280 -0.9996 0.0087
vn -0.0144 -0.9999 0.0034
vn -0.0053 -1.0000 0.0009
vn -0.0008 -1.0000 0.0001
vn -0.0006 -1.0000 0.0001
vn -0.0004 -1.0000 0.0001
vn -0.0002 -1.0000 0.0001
vn -0.0016 -1.0000 0.0006
vn -0.0042 -1.0000 0.0025
vn -0.0083 -0.9999 0.0064
vn -0.0142 -0.9999 0.0081
vn -0.0210 -0.9997 0.0089
vn 0.0003 -1.0000 0.0002
vn 0.0008 -1.0000 0.0008
vn 0.0001 -1.0000 0.0001
vn 0.0002 -1.0000 0.0003
vn 0.0008 -1.0000 0.0004
vn 0.0021 -1.0000 0.0016
vn 0.0041 -1.0000 0.0041
vn 0.0016 -1.0000 0.0021
vn 0.0004 -1.0000 0.0008
vn -0.0000 -1.0000 0.0001
vn 0.0126 -0.9999 0.0096
vn 0.0289 -0.9994 0.0195
vn 0.0071 -1.0000 0.0047
vn 0.0178 -0.9998 0.0116
vn 0.0084 -0.9999 0.0087
vn 0.0211 -0.9996 0.0167
vn 0.0435 -0.9986 0.0302
vn 0.0754 -0.9959 0.0509
vn 0.0526 -0.9979 0.0365
vn 0.0338 -0.9991 0.0247
vn 0.0193 -0.9997 0.0157
vn 0.0099 -0.9999 0.0063
vn 0.0037 -1.0000 0.0019
vn 0.0006 -1.0000 0.0004
vn 0.0016 -1.0000 0.0018
vn 0.0039 -1.0000 0.0046
vn 0.1106 -0.9892 0.0962
vn 0.1373 -0.9810 0.1373
vn 0.0750 -0.9944 0.0750
vn 0.0963 -0.9892 0.1106
vn 0.1138 -0.9903 0.0799
vn 0.1504 -0.9816 0.1175
vn 0.1825 -0.9698 0.1618
vn 0.2100 -0.9549 0.2100
vn 0.1618 -0.9698 0.1825
vn 0.1175 -0.9816 0.1504
vn 0.0799 -0.9903 0.1138
vn 0.0620 -0.9947 0.0818
vn 0.0458 -0.9975 0.0538
vn 0.0315 -0.9990 0.0315
vn 0.0538 -0.9975 0.0458
vn 0.0818 -0.9947 0.0620
vn 0.1910 -0.9420 0.2759
vn 0.1876 -0.9284 0.3207
vn 0.1469 -0.9611 0.2341
vn 0.1464 -0.9503 0.2748
vn 0.2310 -0.9377 0.2596
vn 0.2386 -0.9205 0.3095
vn 0.2319 -0.9047 0.3574
vn 0.2117 -0.8911 0.4014
vn 0.1723 -0.9162 0.3617
vn 0.1357 -0.9403 0.3121
vn 0.1030 -0.9621 0.2525
vn 0.1098 -0.9694 0.2195
vn 0.1081 -0.9769 0.1842
vn 0.0976 -0.9841 0.1483
vn 0.1368 -0.9718 0.1919
vn 0.1820 -0.9562 0.2291
vn 0.1132 -0.8978 0.4256
vn 0.0734 -0.8921 0.4458
vn 0.0898 -0.9244 0.3706
vn 0.0582 -0.9194 0.3891
vn 0.1792 -0.8801 0.4396
vn 0.1383 -0.8716 0.4703
vn 0.0897 -0.8659 0.4921
vn 0.0325 -0.8631 0.5040
vn 0.0265 -0.8893 0.4566
vn 0.0209 -0.9167 0.3989
vn 0.0160 -0.9438 0.3300
vn 0.0447 -0.9460 0.3212
vn 0.0687 -0.9500 0.3046
vn 0.0884 -0.9555 0.2814
vn 0.1158 -0.9316 0.3446
vn 0.1464 -0.9060 0.3972
vn -0.0734 -0.8921 0.4458
vn -0.1132 -0.8978 0.4256
vn -0.0582 -0.9194 0.3891
vn -0.0898 -0.9244 0.3706
vn -0.0325 -0.8631 0.5040
vn -0.0897 -0.8659 0.4921
vn -0.1383 -0.8716 0.4703
vn -0.1792 -0.8801 0.4396
vn -0.1464 -0.9060 0.3972
vn -0.1158 -0.9316 0.3446
vn -0.0884 -0.9555 0.2814
vn -0.0687 -0.9500 0.3046
vn -0.0447 -0.9460 0.3212
vn -0.0160 -0.9438 0.3300
vn -0.0209 -0.9167 0.3989
vn -0.0265 -0.8893 0.4566
vn -0.1876 -0.9284 0.3207
vn -0.1910 -0.9420 0.2759
vn -0.1464 -0.9503 0.2748
vn -0.1469 -0.9611 0.2341
vn -0.2117 -0.8911 0.4014
vn -0.2319 -0.9047 0.3574
vn -0.2386 -0.9205 0.3095
vn -0.2310 -0.9377 0.2596
vn -0.1820 -0.9562 0.2291
vn -0.1368 -0.9718 0.1919
vn -0.0976 -0.9841 0.1483
vn -0.1081 -0.9769 0.1842
vn -0.1098 -0.9694 0.2195
vn -0.1030 -0.9621 0.2525
vn -0.1357 -0.9403 0.3121
vn -0.1723 -0.9162 0.3617
vn -0.1373 -0.9810 0.1373
vn -0.1106 -0.9892 0.0963
vn -0.0963 -0.9892 0.1106
vn -0.0750 -0.9944 0.0750
vn -0.2100 -0.9549 0.2100
vn -0.1825 -0.9698 0.1618
vn -0.1504 -0.9816 0.1175
vn -0.1138 -0.9903 0.0799
vn -0.0818 -0.9947 0.0620
vn -0.0538 -0.9975 0.0458
vn -0.0315 -0.9990 0.0315
vn -0.0458 -0.9975 0.0538
vn -0.0620 -0.9947 0.0818
vn -0.0799 -0.9903 0.1138
vn -0.1175 -0.9816 0.1504
vn -0.1618 -0.9698 0.1825
vn -0.0289 -0.9994 0.0195
vn -0.0126 -0.9999 0.0096
vn -0.0178 -0.9998 0.0116
vn -0.0071 -1.0000 0.0047
vn -0.0754 -0.9959 0.0509
vn -0.0435 -0.9986 0.0302
vn -0.0211 -0.9996 0.0167
vn -0.0084 -0.9999 0.0087
vn -0.0039 -1.0000 0.0046
vn -0.0016 -1.0000 0.0018
vn -0.0006 -1.0000 0.0004
vn -0.0037 -1.0000 0.0019
vn -0.0099 -0.9999 0.0063
vn -0.0193 -0.9997 0.0157
vn -0.0338 -0.9991 0.0247
vn -0.0526 -0.9979 0.0365
vn -0.0008 -1.0000 0.0008
vn -0.0003 -1.0000 0.0002
vn -0.0002 -1.0000 0.0003
vn -0.0001 -1.0000 0.0001
vn -0.0041 -1.0000 0.0041
vn -0.0021 -1.0000 0.0016
vn -0.0008 -1.0000 0.0004
vn -0.0004 -1.0000 0.0008
vn -0.0016 -1.0000 0.0021
vn 0.0007 -1.0000 0.0005
vn 0.0018 -1.0000 0.0018
vn 0.0002 -1.0000 0.0002
vn 0.0005 -1.0000 0.0007
vn 0.0003 -1.0000 0.0001
vn 0.0017 -1.0000 0.0009
vn 0.0048 -1.0000 0.0036
vn 0.0093 -0.9999 0.0093
vn 0.0036 -1.0000 0.0048
vn 0.0009 -1.0000 0.0017
vn 0.0001 -1.0000 0.0003
vn 0.0116 -0.9998 0.0178
vn 0.0195 -0.9994 0.0289
vn 0.0047 -1.0000 0.0071
vn 0.0096 -0.9999 0.0126
vn 0.0157 -0.9997 0.0193
vn 0.0247 -0.9991 0.0338
vn 0.0365 -0.9979 0.0526
vn 0.0509 -0.9959 0.0754
vn 0.0302 -0.9986 0.0435
vn 0.0167 -0.9996 0.0211
vn 0.0087 -0.9999 0.0084
vn 0.0046 -1.0000 0.0039
vn 0.0018 -1.0000 0.0016
vn 0.0004 -1.0000 0.0006
vn 0.0019 -1.0000 0.0037
vn 0.0063 -0.9999 0.0099
vn 0.0501 -0.9953 0.0829
vn 0.0530 -0.9930 0.1054
vn 0.0307 -0.9984 0.0478
vn 0.0330 -0.9974 0.0643
vn 0.0661 -0.9926 0.1014
vn 0.0760 -0.9886 0.1298
vn 0.0788 -0.9841 0.1589
vn 0.0749 -0.9796 0.1866
vn 0.0509 -0.9905 0.1275
vn 0.0320 -0.9962 0.0808
vn 0.0180 -0.9987 0.0481
vn 0.0185 -0.9992 0.0366
vn 0.0170 -0.9995 0.0253
vn 0.0135 -0.9998 0.0156
vn 0.0249 -0.9991 0.0329
vn 0.0420 -0.9972 0.0617
vn 0.0347 -0.9859 0.1637
vn 0.0226 -0.9842 0.1755
vn 0.0219 -0.9939 0.1085
vn 0.0143 -0.9930 0.1175
vn 0.0647 -0.9753 0.2112
vn 0.0505 -0.9716 0.2313
vn 0.0329 -0.9688 0.2456
vn 0.0118 -0.9673 0.2532
vn 0.0081 -0.9833 0.1817
vn 0.0052 -0.9925 0.1224
vn 0.0029 -0.9970 0.0773
vn 0.0081 -0.9972 0.0739
vn 0.0124 -0.9976 0.0675
vn 0.0158 -0.9982 0.0587
vn 0.0279 -0.9950 0.0960
vn 0.0442 -0.9881 0.1474
vn -0.0226 -0.9842 0.1755
vn -0.0347 -0.9859 0.1637
vn -0.0143 -0.9930 0.1175
vn -0.0219 -0.9939 0.1085
vn -0.0118 -0.9673 0.2532
vn -0.0329 -0.9688 0.2456
vn -0.0505 -0.9716 0.2313
vn -0.0647 -0.9753 0.2112
vn -0.0442 -0.9881 0.1474
vn -0.0279 -0.9950 0.0960
vn -0.0158 -0.9982 0.0587
vn -0.0124 -0.9976 0.0675
vn -0.0081 -0.9972 0.0739
vn -0.0029 -0.9970 0.0773
vn -0.0052 -0.9925 0.1224
vn -0.0081 -0.9833 0.1817
vn -0.0530 -0.9930 0.1054
vn -0.0501 -0.9953 0.0829
vn -0.0330 -0.9974 0.0643
vn -0.0307 -0.9984 0.0478
vn -0.0749 -0.9796 0.1866
vn -0.0788 -0.9841 0.1589
vn -0.0760 -0.9886 0.1298
vn -0.0661 -0.9926 0.1014
vn -0.0420 -0.9972 0.0617
vn -0.0249 -0.9991 0.0329
vn -0.0135 -0.9998 0.0156
vn -0.0170 -0.9995 0.0253
vn -0.0185 -0.9992 0.0366
vn -0.0180 -0.9987 0.0481
vn -0.0320 -0.9962 0.0808
vn -0.0509 -0.9905 0.1275
vn -0.0195 -0.9994 0.0289
vn -0.0116 -0.9998 0.0178
vn -0.0096 -0.9999 0.0126
vn -0.0047 -1.0000 0.0071
vn -0.0509 -0.9959 0.0754
vn -0.0365 -0.9979 0.0526
vn -0.0247 -0.9991 0.0338
vn -0.0157 -0.9997 0.0193
vn -0.0063 -0.9999 0.0099
vn -0.0019 -1.0000 0.0037
vn -0.0004 -1.0000 0.0006
vn -0.0018 -1.0000 0.0016
vn -0.0046 -1.0000 0.0039
vn -0.0087 -0.9999 0.0084
vn -0.0167 -0.9996 0.0211
vn -0.0302 -0.9986 0.0435
vn -0.0018 -1.0000 0.0018
vn -0.0007 -1.0000 0.0005
vn -0.0005 -1.0000 0.0007
vn -0.0002 -1.0000 0.0002
vn -0.0093 -0.9999 0.0093
vn -0.0048 -1.0000 0.0036
vn -0.0017 -1.0000 0.0009
vn -0.0003 -1.0000 0.0001
vn -0.0001 -1.0000 0.0003
vn -0.0009 -1.0000 0.0017
vn -0.0036 -1.0000 0.0048
vn 0.0031 -1.0000 0.0073
vn 0.0034 -0.9999 0.0108
vn 0.0008 -1.0000 0.0027
vn 0.0009 -1.0000 0.0040
vn 0.0064 -0.9999 0.0083
vn 0.0081 -0.9999 0.0142
vn 0.0089 -0.9997 0.0210
vn 0.0087 -0.9996 0.0280
vn 0.0034 -0.9999 0.0144
vn 0.0009 -1.0000 0.0053
vn 0.0001 -1.0000 0.0008
vn 0.0001 -1.0000 0.0006
vn 0.0001 -1.0000 0.0004
vn 0.0001 -1.0000 0.0002
vn 0.0006 -1.0000 0.0016
vn 0.0025 -1.0000 0.0042
vn 0.0023 -0.9998 0.0206
vn 0.0015 -0.9997 0.0226
vn 0.0006 -1.0000 0.0076
vn 0.0004 -1.0000 0.0084
vn 0.0076 -0.9994 0.0345
vn 0.0060 -0.9992 0.0399
vn 0.0039 -0.9990 0.0439
vn 0.0014 -0.9989 0.0460
vn 0.0006 -0.9997 0.0237
vn 0.0001 -1.0000 0.0088
vn -0.0000 -1.0000 0.0013
vn -0.0000 -1.0000 0.0012
vn 0.0001 -1.0000 0.0011
vn 0.0001 -1.0000 0.0010
vn 0.0008 -1.0000 0.0066
vn 0.0030 -0.9998 0.0177
vn -0.0015 -0.9997 0.0226
vn -0.0023 -0.9998 0.0206
vn -0.0004 -1.0000 0.0084
vn -0.0006 -1.0000 0.0076
vn -0.0014 -0.9989 0.0460
vn -0.0039 -0.9990 0.0439
vn -0.0060 -0.9992 0.0399
vn -0.0076 -0.9994 0.0345
vn -0.0030 -0.9998 0.0177
vn -0.0008 -1.0000 0.0066
vn -0.0001 -1.0000 0.0010
vn -0.0001 -1.0000 0.0011
vn -0.0001 -1.0000 0.0088
vn -0.0006 -0.9997 0.0237
vn -0.0034 -0.9999 0.0108
vn -0.0031 -1.0000 0.0073
vn -0.0009 -1.0000 0.0040
vn -0.0008 -1.0000 0.0027
vn -0.0087 -0.9996 0.0280
vn -0.0089 -0.9997 0.0210
vn -0.0081 -0.9999 0.0142
vn -0.0064 -0.9999 0.0083
vn -0.0025 -1.0000 0.0042
vn -0.0006 -1.0000 0.0016
vn -0.0001 -1.0000 0.0002
vn -0.0001 -1.0000 0.0004
vn -0.0001 -1.0000 0.0006
vn -0.0001 -1.0000 0.0008
vn -0.0009 -1.0000 0.0053
vn -0.0034 -0.9999 0.0144
vn -0.9999 -0.0000 0.0105
vn -0.9969 -0.0000 0.0784
vn -0.9709 -0.0000 0.2396
vn -0.8575 -0.0000 0.5145
vn -0.5145 -0.0000 0.8575
vn -0.2396 -0.0000 0.9709
vn -0.0784 -0.0000 0.9969
vn -0.0105 -0.0000 0.9999
vn -0.0000 -0.0000 1.0000
vn 0.0001 -0.0000 1.0000
vn 0.0002 -0.0001 1.0000
vn 0.0004 -0.0001 1.0000
vn 0.0005 -0.0002 1.0000
vn 0.0007 -0.0004 1.0000
vn 0.0007 -0.0006 1.0000
vn 0.0007 -0.0007 1.0000
vn 0.0006 -0.0009 1.0000
vn 0.0005 -0.0011 1.0000
vn 0.0003 -0.0012 1.0000
vn 0.0001 -0.0012 1.0000
vn -0.0001 -0.0012 1.0000
vn -0.0003 -0.0012 1.0000
vn -0.0005 -0.0011 1.0000
vn -0.0006 -0.0009 1.0000
vn -0.0007 -0.0007 1.0000
vn -0.0007 -0.0006 1.0000
vn -0.0007 -0.0004 1.0000
vn -0.0005 -0.0002 1.0000
vn -0.0004 -0.0001 1.0000
vn -0.0002 -0.0001 1.0000
vn -0.0001 -0.0000 1.0000
vn 0.0105 -0.0000 0.9999
vn 0.0784 -0.0000 0.9969
vn 0.2396 -0.0000 0.9709
vn 0.5145 -0.0000 0.8575
vn 0.8575 -0.0000 0.5145
vn 0.9709 -0.0000 0.2396
vn 0.9969 -0.0000 0.0784
vn 0.9999 -0.0000 0.0105
vn -1.0000 -0.0000 -0.0000
vn 1.0000 -0.0000 -0.0000
vn -1.0000 -0.0001 -0.0003
vn -1.0000 -0.0001 -0.0002
vn -1.0000 -0.0000 -0.0001
vn 1.0000 -0.0000 -0.0001
vn 1.0000 -0.0001 -0.0002
vn 1.0000 -0.0001 -0.0003
vn -1.0000 -0.0007 -0.0007
vn -1.0000 -0.0006 -0.0007
vn -1.0000 -0.0004 -0.0007
vn -1.0000 -0.0002 -0.0005
vn 1.0000 -0.0002 -0.0005
vn 1.0000 -0.0004 -0.0007
vn 1.0000 -0.0006 -0.0007
vn 1.0000 -0.0007 -0.0007
vn -1.0000 -0.0012 -0.0001
vn -1.0000 -0.0012 -0.0003
vn -1.0000 -0.0011 -0.0005
vn -1.0000 -0.0009 -0.0006
vn 1.0000 -0.0009 -0.0006
vn 1.0000 -0.0011 -0.0005
vn 1.0000 -0.0012 -0.0003
vn 1.0000 -0.0012 -0.0001
vn -1.0000 -0.0009 0.0006
vn -1.0000 -0.0011 0.0005
vn -1.0000 -0.0012 0.0003
vn -1.0000 -0.0012 0.0001
vn 1.0000 -0.0012 0.0001
vn 1.0000 -0.0012 0.0003
vn 1.0000 -0.0011 0.0005
vn 1.0000 -0.0009 0.0006
vn -1.0000 -0.0002 0.0005
vn -1.0000 -0.0004 0.0007
vn -1.0000 -0.0006 0.0007
vn -1.0000 -0.0007 0.0007
vn 1.0000 -0.0007 0.0007
vn 1.0000 -0.0006 0.0007
vn 1.0000 -0.0004 0.0007
vn 1.0000 -0.0002 0.0005
vn -1.0000 -0.0000 0.0001
vn -1.0000 -0.0001 0.0002
vn -1.0000 -0.0001 0.0003
vn 1.0000 -0.0001 0.0003
vn 1.0000 -0.0001 0.0002
vn 1.0000 -0.0000 0.0001
vn -0.8575 -0.0000 -0.5145
vn -0.9709 -0.0000 -0.2396
vn -0.9969 -0.0000 -0.0784
vn -0.9999 -0.0000 -0.0105
vn -0.0105 -0.0000 -0.9999
vn -0.0784 -0.0000 -0.9969
vn -0.2396 -0.0000 -0.9709
vn -0.5145 -0.0000 -0.8575
vn -0.0000 -0.0000 -1.0000
vn 0.0004 -0.0001 -1.0000
vn 0.0002 -0.0001 -1.0000
vn 0.0001 -0.0000 -1.0000
vn 0.0007 -0.0007 -1.0000
vn 0.0007 -0.0006 -1.0000
vn 0.0007 -0.0004 -1.0000
vn 0.0005 -0.0002 -1.0000
vn 0.0001 -0.0012 -1.0000
vn 0.0003 -0.0012 -1.0000
vn 0.0005 -0.0011 -1.0000
vn 0.0006 -0.0009 -1.0000
vn -0.0006 -0.0009 -1.0000
vn -0.0005 -0.0011 -1.0000
vn -0.0003 -0.0012 -1.0000
vn -0.0001 -0.0012 -1.0000
vn -0.0005 -0.0002 -1.0000
vn -0.0007 -0.0004 -1.0000
vn -0.0007 -0.0006 -1.0000
vn -0.0007 -0.0007 -1.0000
vn -0.0001 -0.0000 -1.0000
vn -0.0002 -0.0001 -1.0000
vn -0.0004 -0.0001 -1.0000
vn 0.9999 -0.0000 -0.0105
vn 0.9969 -0.0000 -0.0784
vn 0.9709 -0.0000 -0.2396
vn 0.8575 -0.0000 -0.5145
vn 0.5145 -0.0000 -0.8575
vn 0.2396 -0.0000 -0.9709
vn 0.0784 -0.0000 -0.9969
vn 0.0105 -0.0000 -0.9999
vt 0.025000 0.025000
vt 0.050000 0.025000
vt 0.050000 0.050000
vt 0.025000 0.050000
vt 0.075000 0.025000
vt 0.075000 0.050000
vt 0.050000 0.075000
vt 0.025000 0.075000
vt 0.075000 0.075000
vt 0.000000 0.000000
vt 0.025000 0.000000
vt 0.000000 0.025000
vt 0.050000 0.000000
vt 0.075000 0.000000
vt 0.100000 0.000000
vt 0.100000 0.025000
vt 0.100000 0.050000
vt 0.100000 0.075000
vt 0.100000 0.100000
vt 0.075000 0.100000
vt 0.050000 0.100000
vt 0.025000 0.100000
vt 0.000000 0.075000
vt 0.000000 0.100000
vt 0.000000 0.050000
vt 0.125000 0.025000
vt 0.150000 0.025000
vt 0.150000 0.050000
vt 0.125000 0.050000
vt 0.175000 0.025000
vt 0.175000 0.050000
vt 0.150000 0.075000
vt 0.125000 0.075000
vt 0.175000 0.075000
vt 0.125000 0.000000
vt 0.150000 0.000000
vt 0.175000 0.000000
vt 0.200000 0.000000
vt 0.200000 0.025000
vt 0.200000 0.050000
vt 0.200000 0.075000
vt 0.200000 0.100000
vt 0.175000 0.100000
vt 0.150000 0.100000
vt 0.125000 0.100000
vt 0.225000 0.025000
vt 0.250000 0.025000
vt 0.250000 0.050000
vt 0.225000 0.050000
vt 0.275000 0.025000
vt 0.275000 0.050000
vt 0.250000 0.075000
vt 0.225000 0.075000
vt 0.275000 0.075000
vt 0.225000 0.000000
vt 0.250000 0.000000
vt 0.275000 0.000000
vt 0.300000 0.000000
vt 0.300000 0.025000
vt 0.300000 0.050000
vt 0.300000 0.075000
vt 0.300000 0.100000
vt 0.275000 0.100000
vt 0.250000 0.100000
vt 0.225000 0.100000
vt 0.325000 0.025000
vt 0.350000 0.025000
vt 0.350000 0.050000
vt 0.325000 0.050000
vt 0.375000 0.025000
vt 0.375000 0.050000
vt 0.350000 0.075000
vt 0.325000 0.075000
vt 0.375000 0.075000
vt 0.325000 0.000000
vt 0.350000 0.000000
vt 0.375000 0.000000
vt 0.400000 0.000000
vt 0.400000 0.025000
vt 0.400000 0.050000
vt 0.400000 0.075000
vt 0.400000 0.100000
vt 0.375000 0.100000
vt 0.350000 0.100000
vt 0.325000 0.100000
vt 0.425000 0.025000
vt 0.450000 0.025000
vt 0.450000 0.050000
vt 0.425000 0.050000
vt 0.475000 0.025000
vt 0.475000 0.050000
vt 0.450000 0.075000
vt 0.425000 0.075000
vt 0.475000 0.075000
vt 0.425000 0.000000
vt 0.450000 0.000000
vt 0.475000 0.000000
vt 0.500000 0.000000
vt 0.500000 0.025000
vt 0.500000 0.050000
vt 0.500000 0.075000
vt 0.500000 0.100000
vt 0.475000 0.100000
vt 0.450000 0.100000
vt 0.425000 0.100000
vt 0.525000 0.025000
vt 0.550000 0.025000
vt 0.550000 0.050000
vt 0.525000 0.050000
vt 0.575000 0.025000
vt 0.575000 0.050000
vt 0.550000 0.075000
vt 0.525000 0.075000
vt 0.575000 0.075000
vt 0.525000 0.000000
vt 0.550000 0.000000
vt 0.575000 0.000000
vt 0.600000 0.000000
vt 0.600000 0.025000
vt 0.600000 0.050000
vt 0.600000 0.075000
vt 0.600000 0.100000
vt 0.575000 0.100000
vt 0.550000 0.100000
vt 0.525000 0.100000
vt 0.625000 0.025000
vt 0.650000 0.025000
vt 0.650000 0.050000
vt 0.625000 0.050000
vt 0.675000 0.025000
vt 0.675000 0.050000
vt 0.650000 0.075000
vt 0.625000 0.075000
vt 0.675000 0.075000
vt 0.625000 0.000000
vt 0.650000 0.000000
vt 0.675000 0.000000
vt 0.700000 0.000000
vt 0.700000 0.025000
vt 0.700000 0.050000
vt 0.700000 0.075000
vt 0.700000 0.100000
vt 0.675000 0.100000
vt 0.650000 0.100000
vt 0.625000 0.100000
vt 0.725000 0.025000
vt 0.750000 0.025000
vt 0.750000 0.050000
vt 0.725000 0.050000
vt 0.775000 0.025000
vt 0.775000 0.050000
vt 0.750000 0.075000
vt 0.725000 0.075000
vt 0.775000 0.075000
vt 0.725000 0.000000
vt 0.750000 0.000000
vt 0.775000 0.000000
vt 0.800000 0.000000
vt 0.800000 0.025000
vt 0.800000 0.050000
vt 0.800000 0.075000
vt 0.800000 0.100000
vt 0.775000 0.100000
vt 0.750000 0.100000
vt 0.725000 0.100000
vt 0.825000 0.025000
vt 0.850000 0.025000
vt 0.850000 0.050000
vt 0.825000 0.050000
vt 0.875000 0.025000
vt 0.875000 0.050000
vt 0.850000 0.075000
vt 0.825000 0.075000
vt 0.875000 0.075000
vt 0.825000 0.000000
vt 0.850000 0.000000
vt 0.875000 0.000000
vt 0.900000 0.000000
vt 0.900000 0.025000
vt 0.900000 0.050000
vt 0.900000 0.075000
vt 0.900000 0.100000
vt 0.875000 0.100000
vt 0.850000 0.100000
vt 0.825000 0.100000
vt 0.925000 0.025000
vt 0.950000 0.025000
vt 0.950000 0.050000
vt 0.925000 0.050000
vt 0.975000 0.025000
vt 0.975000 0.050000
vt 0.950000 0.075000
vt 0.925000 0.075000
vt 0.975000 0.075000
vt 0.925000 0.000000
vt 0.950000 0.000000
vt 0.975000 0.000000
vt 1.000000 0.000000
vt 1.000000 0.025000
vt 1.000000 0.050000
vt 1.000000 0.075000
vt 1.000000 0.100000
vt 0.975000 0.100000
vt 0.950000 0.100000
vt 0.925000 0.100000
vt 0.025000 0.125000
vt 0.050000 0.125000
vt 0.050000 0.150000
vt 0.025000 0.150000
vt 0.075000 0.125000
vt 0.075000 0.150000
vt 0.050000 0.175000
vt 0.025000 0.175000
vt 0.075000 0.175000
vt 0.000000 0.125000
vt 0.100000 0.125000
vt 0.100000 0.150000
vt 0.100000 0.175000
vt 0.100000 0.200000
vt 0.075000 0.200000
vt 0.050000 0.200000
vt 0.025000 0.200000
vt 0.000000 0.175000
vt 0.000000 0.200000
vt 0.000000 0.150000
vt 0.125000 0.125000
vt 0.150000 0.125000
vt 0.150000 0.150000
vt 0.125000 0.150000
vt 0.175000 0.125000
vt 0.175000 0.150000
vt 0.150000 0.175000
vt 0.125000 0.175000
vt 0.175000 0.175000
vt 0.100000 0.100000
vt 0.125000 0.100000
vt 0.100000 0.125000
vt 0.150000 0.100000
vt 0.175000 0.100000
vt 0.200000 0.100000
vt 0.200000 0.125000
vt 0.200000 0.150000
vt 0.200000 0.175000
vt 0.200000 0.200000
vt 0.175000 0.200000
vt 0.150000 0.200000
vt 0.125000 0.200000
vt 0.100000 0.175000
vt 0.100000 0.200000
vt 0.100000 0.150000
vt 0.225000 0.125000
vt 0.250000 0.125000
vt 0.250000 0.150000
vt 0.225000 0.150000
vt 0.275000 0.125000
vt 0.275000 0.150000
vt 0.250000 0.175000
vt 0.225000 0.175000
vt 0.275000 0.175000
vt 0.225000 0.100000
vt 0.250000 0.100000
vt 0.300000 0.100000
vt 0.300000 0.125000
vt 0.300000 0.150000
vt 0.300000 0.175000
vt 0.300000 0.200000
vt 0.275000 0.200000
vt 0.250000 0.200000
vt 0.225000 0.200000
vt 0.325000 0.125000
vt 0.350000 0.125000
vt 0.350000 0.150000
vt 0.325000 0.150000
vt 0.375000 0.125000
vt 0.375000 0.150000
vt 0.350000 0.175000
vt 0.325000 0.175000
vt 0.375000 0.175000
vt 0.325000 0.100000
vt 0.350000 0.100000
vt 0.375000 0.100000
vt 0.400000 0.100000
vt 0.400000 0.125000
vt 0.400000 0.150000
vt 0.400000 0.175000
vt 0.400000 0.200000
vt 0.375000 0.200000
vt 0.350000 0.200000
vt 0.325000 0.200000
vt 0.425000 0.125000
vt 0.450000 0.125000
vt 0.450000 0.150000
vt 0.425000 0.150000
vt 0.475000 0.125000
vt 0.475000 0.150000
vt 0.450000 0.175000
vt 0.425000 0.175000
vt 0.475000 0.175000
vt 0.425000 0.100000
vt 0.450000 0.100000
vt 0.475000 0.100000
vt 0.500000 0.100000
vt 0.500000 0.125000
vt 0.500000 0.150000
vt 0.500000 0.175000
vt 0.500000 0.200000
vt 0.475000 0.200000
vt 0.450000 0.200000
vt 0.425000 0.200000
vt 0.525000 0.125000
vt 0.550000 0.125000
vt 0.550000 0.150000
vt 0.525000 0.150000
vt 0.575000 0.125000
vt 0.575000 0.150000
vt 0.550000 0.175000
vt 0.525000 0.175000
vt 0.575000 0.175000
vt 0.525000 0.100000
vt 0.550000 0.100000
vt 0.575000 0.100000
vt 0.600000 0.100000
vt 0.600000 0.125000
vt 0.600000 0.150000
vt 0.600000 0.175000
vt 0.600000 0.200000
vt 0.575000 0.200000
vt 0.550000 0.200000
vt 0.525000 0.200000
vt 0.625000 0.125000
vt 0.650000 0.125000
vt 0.650000 0.150000
vt 0.625000 0.150000
vt 0.675000 0.125000
vt 0.675000 0.150000
vt 0.650000 0.175000
vt 0.625000 0.175000
vt 0.675000 0.175000
vt 0.625000 0.100000
vt 0.650000 0.100000
vt 0.700000 0.100000
vt 0.700000 0.125000
vt 0.700000 0.150000
vt 0.700000 0.175000
vt 0.700000 0.200000
vt 0.675000 0.200000
vt 0.650000 0.200000
vt 0.625000 0.200000
vt 0.725000 0.125000
vt 0.750000 0.125000
vt 0.750000 0.150000
vt 0.725000 0.150000
vt 0.775000 0.125000
vt 0.775000 0.150000
vt 0.750000 0.175000
vt 0.725000 0.175000
vt 0.775000 0.175000
vt 0.725000 0.100000
vt 0.750000 0.100000
vt 0.800000 0.100000
vt 0.800000 0.125000
vt 0.800000 0.150000
vt 0.800000 0.175000
vt 0.800000 0.200000
vt 0.775000 0.200000
vt 0.750000 0.200000
vt 0.725000 0.200000
vt 0.825000 0.125000
vt 0.850000 0.125000
vt 0.850000 0.150000
vt 0.825000 0.150000
vt 0.875000 0.125000
vt 0.875000 0.150000
vt 0.850000 0.175000
vt 0.825000 0.175000
vt 0.875000 0.175000
vt 0.825000 0.100000
vt 0.850000 0.100000
vt 0.875000 0.100000
vt 0.900000 0.100000
vt 0.900000 0.125000
vt 0.900000 0.150000
vt 0.900000 0.175000
vt 0.900000 0.200000
vt 0.875000 0.200000
vt 0.850000 0.200000
vt 0.825000 0.200000
vt 0.925000 0.125000
vt 0.950000 0.125000
vt 0.950000 0.150000
vt 0.925000 0.150000
vt 0.975000 0.125000
vt 0.975000 0.150000
vt 0.950000 0.175000
vt 0.925000 0.175000
vt 0.975000 0.175000
vt 0.900000 0.125000
vt 1.000000 0.125000
vt 1.000000 0.150000
vt 1.000000 0.175000
vt 1.000000 0.200000
vt 0.975000 0.200000
vt 0.950000 0.200000
vt 0.925000 0.200000
vt 0.900000 0.175000
vt 0.900000 0.150000
vt 0.025000 0.225000
vt 0.050000 0.225000
vt 0.050000 0.250000
vt 0.025000 0.250000
vt 0.075000 0.225000
vt 0.075000 0.250000
vt 0.050000 0.275000
vt 0.025000 0.275000
vt 0.075000 0.275000
vt 0.000000 0.225000
vt 0.100000 0.225000
vt 0.100000 0.250000
vt 0.100000 0.275000
vt 0.100000 0.300000
vt 0.075000 0.300000
vt 0.050000 0.300000
vt 0.025000 0.300000
vt 0.000000 0.275000
vt 0.000000 0.300000
vt 0.000000 0.250000
vt 0.125000 0.225000
vt 0.150000 0.225000
vt 0.150000 0.250000
vt 0.125000 0.250000
vt 0.175000 0.225000
vt 0.175000 0.250000
vt 0.150000 0.275000
vt 0.125000 0.275000
vt 0.175000 0.275000
vt 0.100000 0.225000
vt 0.200000 0.225000
vt 0.200000 0.250000
vt 0.200000 0.275000
vt 0.200000 0.300000
vt 0.175000 0.300000
vt 0.150000 0.300000
vt 0.125000 0.300000
vt 0.100000 0.275000
vt 0.100000 0.300000
vt 0.100000 0.250000
vt 0.225000 0.225000
vt 0.250000 0.225000
vt 0.250000 0.250000
vt 0.225000 0.250000
vt 0.275000 0.225000
vt 0.275000 0.250000
vt 0.250000 0.275000
vt 0.225000 0.275000
vt 0.275000 0.275000
vt 0.300000 0.225000
vt 0.300000 0.250000
vt 0.300000 0.275000
vt 0.300000 0.300000
vt 0.275000 0.300000
vt 0.250000 0.300000
vt 0.225000 0.300000
vt 0.325000 0.225000
vt 0.350000 0.225000
vt 0.350000 0.250000
vt 0.325000 0.250000
vt 0.375000 0.225000
vt 0.375000 0.250000
vt 0.350000 0.275000
vt 0.325000 0.275000
vt 0.375000 0.275000
vt 0.400000 0.225000
vt 0.400000 0.250000
vt 0.400000 0.275000
vt 0.400000 0.300000
vt 0.375000 0.300000
vt 0.350000 0.300000
vt 0.325000 0.300000
vt 0.425000 0.225000
vt 0.450000 0.225000
vt 0.450000 0.250000
vt 0.425000 0.250000
vt 0.475000 0.225000
vt 0.475000 0.250000
vt 0.450000 0.275000
vt 0.425000 0.275000
vt 0.475000 0.275000
vt 0.500000 0.225000
vt 0.500000 0.250000
vt 0.500000 0.275000
vt 0.500000 0.300000
vt 0.475000 0.300000
vt 0.450000 0.300000
vt 0.425000 0.300000
vt 0.525000 0.225000
vt 0.550000 0.225000
vt 0.550000 0.250000
vt 0.525000 0.250000
vt 0.575000 0.225000
vt 0.575000 0.250000
vt 0.550000 0.275000
vt 0.525000 0.275000
vt 0.575000 0.275000
vt 0.600000 0.225000
vt 0.600000 0.250000
vt 0.600000 0.275000
vt 0.600000 0.300000
vt 0.575000 0.300000
vt 0.550000 0.300000
vt 0.525000 0.300000
vt 0.625000 0.225000
vt 0.650000 0.225000
vt 0.650000 0.250000
vt 0.625000 0.250000
vt 0.675000 0.225000
vt 0.675000 0.250000
vt 0.650000 0.275000
vt 0.625000 0.275000
vt 0.675000 0.275000
vt 0.700000 0.225000
vt 0.700000 0.250000
vt 0.700000 0.275000
vt 0.700000 0.300000
vt 0.675000 0.300000
vt 0.650000 0.300000
vt 0.625000 0.300000
vt 0.725000 0.225000
vt 0.750000 0.225000
vt 0.750000 0.250000
vt 0.725000 0.250000
vt 0.775000 0.225000
vt 0.775000 0.250000
vt 0.750000 0.275000
vt 0.725000 0.275000
vt 0.775000 0.275000
vt 0.800000 0.225000
vt 0.800000 0.250000
vt 0.800000 0.275000
vt 0.800000 0.300000
vt 0.775000 0.300000
vt 0.750000 0.300000
vt 0.725000 0.300000
vt 0.825000 0.225000
vt 0.850000 0.225000
vt 0.850000 0.250000
vt 0.825000 0.250000
vt 0.875000 0.225000
vt 0.875000 0.250000
vt 0.850000 0.275000
vt 0.825000 0.275000
vt 0.875000 0.275000
vt 0.900000 0.225000
vt 0.900000 0.250000
vt 0.900000 0.275000
vt 0.900000 0.300000
vt 0.875000 0.300000
vt 0.850000 0.300000
vt 0.825000 0.300000
vt 0.925000 0.225000
vt 0.950000 0.225000
vt 0.950000 0.250000
vt 0.925000 0.250000
vt 0.975000 0.225000
vt 0.975000 0.250000
vt 0.950000 0.275000
vt 0.925000 0.275000
vt 0.975000 0.275000
vt 0.900000 0.225000
vt 1.000000 0.225000
vt 1.000000 0.250000
vt 1.000000 0.275000
vt 1.000000 0.300000
vt 0.975000 0.300000
vt 0.950000 0.300000
vt 0.925000 0.300000
vt 0.900000 0.275000
vt 0.900000 0.250000
vt 0.025000 0.325000
vt 0.050000 0.325000
vt 0.050000 0.350000
vt 0.025000 0.350000
vt 0.075000 0.325000
vt 0.075000 0.350000
vt 0.050000 0.375000
vt 0.025000 0.375000
vt 0.075000 0.375000
vt 0.000000 0.325000
vt 0.100000 0.325000
vt 0.100000 0.350000
vt 0.100000 0.375000
vt 0.100000 0.400000
vt 0.075000 0.400000
vt 0.050000 0.400000
vt 0.025000 0.400000
vt 0.000000 0.375000
vt 0.000000 0.400000
vt 0.000000 0.350000
vt 0.125000 0.325000
vt 0.150000 0.325000
vt 0.150000 0.350000
vt 0.125000 0.350000
vt 0.175000 0.325000
vt 0.175000 0.350000
vt 0.150000 0.375000
vt 0.125000 0.375000
vt 0.175000 0.375000
vt 0.100000 0.325000
vt 0.200000 0.325000
vt 0.200000 0.350000
vt 0.200000 0.375000
vt 0.200000 0.400000
vt 0.175000 0.400000
vt 0.150000 0.400000
vt 0.125000 0.400000
vt 0.100000 0.375000
vt 0.100000 0.400000
vt 0.100000 0.350000
vt 0.225000 0.325000
vt 0.250000 0.325000
vt 0.250000 0.350000
vt 0.225000 0.350000
vt 0.275000 0.325000
vt 0.275000 0.350000
vt 0.250000 0.375000
vt 0.225000 0.375000
vt 0.275000 0.375000
vt 0.300000 0.325000
vt 0.300000 0.350000
vt 0.300000 0.375000
vt 0.300000 0.400000
vt 0.275000 0.400000
vt 0.250000 0.400000
vt 0.225000 0.400000
vt 0.325000 0.325000
vt 0.350000 0.325000
vt 0.350000 0.350000
vt 0.325000 0.350000
vt 0.375000 0.325000
vt 0.375000 0.350000
vt 0.350000 0.375000
vt 0.325000 0.375000
vt 0.375000 0.375000
vt 0.400000 0.325000
vt 0.400000 0.350000
vt 0.400000 0.375000
vt 0.400000 0.400000
vt 0.375000 0.400000
vt 0.350000 0.400000
vt 0.325000 0.400000
vt 0.425000 0.325000
vt 0.450000 0.325000
vt 0.450000 0.350000
vt 0.425000 0.350000
vt 0.475000 0.325000
vt 0.475000 0.350000
vt 0.450000 0.375000
vt 0.425000 0.375000
vt 0.475000 0.375000
vt 0.500000 0.325000
vt 0.500000 0.350000
vt 0.500000 0.375000
vt 0.500000 0.400000
vt 0.475000 0.400000
vt 0.450000 0.400000
vt 0.425000 0.400000
vt 0.525000 0.325000
vt 0.550000 0.325000
vt 0.550000 0.350000
vt 0.525000 0.350000
vt 0.575000 0.325000
vt 0.575000 0.350000
vt 0.550000 0.375000
vt 0.525000 0.375000
vt 0.575000 0.375000
vt 0.600000 0.325000
vt 0.600000 0.350000
vt 0.600000 0.375000
vt 0.600000 0.400000
vt 0.575000 0.400000
vt 0.550000 0.400000
vt 0.525000 0.400000
vt 0.625000 0.325000
vt 0.650000 0.325000
vt 0.650000 0.350000
vt 0.625000 0.350000
vt 0.675000 0.325000
vt 0.675000 0.350000
vt 0.650000 0.375000
vt 0.625000 0.375000
vt 0.675000 0.375000
vt 0.700000 0.325000
vt 0.700000 0.350000
vt 0.700000 0.375000
vt 0.700000 0.400000
vt 0.675000 0.400000
vt 0.650000 0.400000
vt 0.625000 0.400000
vt 0.725000 0.325000
vt 0.750000 0.325000
vt 0.750000 0.350000
vt 0.725000 0.350000
vt 0.775000 0.325000
vt 0.775000 0.350000
vt 0.750000 0.375000
vt 0.725000 0.375000
vt 0.775000 0.375000
vt 0.800000 0.325000
vt 0.800000 0.350000
vt 0.800000 0.375000
vt 0.800000 0.400000
vt 0.775000 0.400000
vt 0.750000 0.400000
vt 0.725000 0.400000
vt 0.825000 0.325000
vt 0.850000 0.325000
vt 0.850000 0.350000
vt 0.825000 0.350000
vt 0.875000 0.325000
vt 0.875000 0.350000
vt 0.850000 0.375000
vt 0.825000 0.375000
vt 0.875000 0.375000
vt 0.900000 0.325000
vt 0.900000 0.350000
vt 0.900000 0.375000
vt 0.900000 0.400000
vt 0.875000 0.400000
vt 0.850000 0.400000
vt 0.825000 0.400000
vt 0.925000 0.325000
vt 0.950000 0.325000
vt 0.950000 0.350000
vt 0.925000 0.350000
vt 0.975000 0.325000
vt 0.975000 0.350000
vt 0.950000 0.375000
vt 0.925000 0.375000
vt 0.975000 0.375000
vt 0.900000 0.325000
vt 1.000000 0.325000
vt 1.000000 0.350000
vt 1.000000 0.375000
vt 1.000000 0.400000
vt 0.975000 0.400000
vt 0.950000 0.400000
vt 0.925000 0.400000
vt 0.900000 0.375000
vt 0.900000 0.400000
vt 0.900000 0.350000
vt 0.025000 0.425000
vt 0.050000 0.425000
vt 0.050000 0.450000
vt 0.025000 0.450000
vt 0.075000 0.425000
vt 0.075000 0.450000
vt 0.050000 0.475000
vt 0.025000 0.475000
vt 0.075000 0.475000
vt 0.000000 0.425000
vt 0.100000 0.425000
vt 0.100000 0.450000
vt 0.100000 0.475000
vt 0.100000 0.500000
vt 0.075000 0.500000
vt 0.050000 0.500000
vt 0.025000 0.500000
vt 0.000000 0.475000
vt 0.000000 0.500000
vt 0.000000 0.450000
vt 0.125000 0.425000
vt 0.150000 0.425000
vt 0.150000 0.450000
vt 0.125000 0.450000
vt 0.175000 0.425000
vt 0.175000 0.450000
vt 0.150000 0.475000
vt 0.125000 0.475000
vt 0.175000 0.475000
vt 0.100000 0.425000
vt 0.200000 0.425000
vt 0.200000 0.450000
vt 0.200000 0.475000
vt 0.200000 0.500000
vt 0.175000 0.500000
vt 0.150000 0.500000
vt 0.125000 0.500000
vt 0.100000 0.475000
vt 0.100000 0.500000
vt 0.100000 0.450000
vt 0.225000 0.425000
vt 0.250000 0.425000
vt 0.250000 0.450000
vt 0.225000 0.450000
vt 0.275000 0.425000
vt 0.275000 0.450000
vt 0.250000 0.475000
vt 0.225000 0.475000
vt 0.275000 0.475000
vt 0.300000 0.425000
vt 0.300000 0.450000
vt 0.300000 0.475000
vt 0.300000 0.500000
vt 0.275000 0.500000
vt 0.250000 0.500000
vt 0.225000 0.500000
vt 0.325000 0.425000
vt 0.350000 0.425000
vt 0.350000 0.450000
vt 0.325000 0.450000
vt 0.375000 0.425000
vt 0.375000 0.450000
vt 0.350000 0.475000
vt 0.325000 0.475000
vt 0.375000 0.475000
vt 0.400000 0.425000
vt 0.400000 0.450000
vt 0.400000 0.475000
vt 0.400000 0.500000
vt 0.375000 0.500000
vt 0.350000 0.500000
vt 0.325000 0.500000
vt 0.425000 0.425000
vt 0.450000 0.425000
vt 0.450000 0.450000
vt 0.425000 0.450000
vt 0.475000 0.425000
vt 0.475000 0.450000
vt 0.450000 0.475000
vt 0.425000 0.475000
vt 0.475000 0.475000
vt 0.500000 0.425000
vt 0.500000 0.450000
vt 0.500000 0.475000
vt 0.500000 0.500000
vt 0.475000 0.500000
vt 0.450000 0.500000
vt 0.425000 0.500000
vt 0.525000 0.425000
vt 0.550000 0.425000
vt 0.550000 0.450000
vt 0.525000 0.450000
vt 0.575000 0.425000
vt 0.575000 0.450000
vt 0.550000 0.475000
vt 0.525000 0.475000
vt 0.575000 0.475000
vt 0.600000 0.425000
vt 0.600000 0.450000
vt 0.600000 0.475000
vt 0.600000 0.500000
vt 0.575000 0.500000
vt 0.550000 0.500000
vt 0.525000 0.500000
vt 0.625000 0.425000
vt 0.650000 0.425000
vt 0.650000 0.450000
vt 0.625000 0.450000
vt 0.675000 0.425000
vt 0.675000 0.450000
vt 0.650000 0.475000
vt 0.625000 0.475000
vt 0.675000 0.475000
vt 0.700000 0.425000
vt 0.700000 0.450000
vt 0.700000 0.475000
vt 0.700000 0.500000
vt 0.675000 0.500000
vt 0.650000 0.500000
vt 0.625000 0.500000
vt 0.725000 0.425000
vt 0.750000 0.425000
vt 0.750000 0.450000
vt 0.725000 0.450000
vt 0.775000 0.425000
vt 0.775000 0.450000
vt 0.750000 0.475000
vt 0.725000 0.475000
vt 0.775000 0.475000
vt 0.800000 0.425000
vt 0.800000 0.450000
vt 0.800000 0.475000
vt 0.800000 0.500000
vt 0.775000 0.500000
vt 0.750000 0.500000
vt 0.725000 0.500000
vt 0.825000 0.425000
vt 0.850000 0.425000
vt 0.850000 0.450000
vt 0.825000 0.450000
vt 0.875000 0.425000
vt 0.875000 0.450000
vt 0.850000 0.475000
vt 0.825000 0.475000
vt 0.875000 0.475000
vt 0.900000 0.425000
vt 0.900000 0.450000
vt 0.900000 0.475000
vt 0.900000 0.500000
vt 0.875000 0.500000
vt 0.850000 0.500000
vt 0.825000 0.500000
vt 0.925000 0.425000
vt 0.950000 0.425000
vt 0.950000 0.450000
vt 0.925000 0.450000
vt 0.975000 0.425000
vt 0.975000 0.450000
vt 0.950000 0.475000
vt 0.925000 0.475000
vt 0.975000 0.475000
vt 0.900000 0.425000
vt 1.000000 0.425000
vt 1.000000 0.450000
vt 1.000000 0.475000
vt 1.000000 0.500000
vt 0.975000 0.500000
vt 0.950000 0.500000
vt 0.925000 0.500000
vt 0.900000 0.475000
vt 0.900000 0.500000
vt 0.900000 0.450000
vt 0.025000 0.525000
vt 0.050000 0.525000
vt 0.050000 0.550000
vt 0.025000 0.550000
vt 0.075000 0.525000
vt 0.075000 0.550000
vt 0.050000 0.575000
vt 0.025000 0.575000
vt 0.075000 0.575000
vt 0.000000 0.525000
vt 0.100000 0.525000
vt 0.100000 0.550000
vt 0.100000 0.575000
vt 0.100000 0.600000
vt 0.075000 0.600000
vt 0.050000 0.600000
vt 0.025000 0.600000
vt 0.000000 0.575000
vt 0.000000 0.600000
vt 0.000000 0.550000
vt 0.125000 0.525000
vt 0.150000 0.525000
vt 0.150000 0.550000
vt 0.125000 0.550000
vt 0.175000 0.525000
vt 0.175000 0.550000
vt 0.150000 0.575000
vt 0.125000 0.575000
vt 0.175000 0.575000
vt 0.100000 0.525000
vt 0.200000 0.525000
vt 0.200000 0.550000
vt 0.200000 0.575000
vt 0.200000 0.600000
vt 0.175000 0.600000
vt 0.150000 0.600000
vt 0.125000 0.600000
vt 0.100000 0.575000
vt 0.100000 0.600000
vt 0.100000 0.550000
vt 0.225000 0.525000
vt 0.250000 0.525000
vt 0.250000 0.550000
vt 0.225000 0.550000
vt 0.275000 0.525000
vt 0.275000 0.550000
vt 0.250000 0.575000
vt 0.225000 0.575000
vt 0.275000 0.575000
vt 0.300000 0.525000
vt 0.300000 0.550000
vt 0.300000 0.575000
vt 0.300000 0.600000
vt 0.275000 0.600000
vt 0.250000 0.600000
vt 0.225000 0.600000
vt 0.325000 0.525000
vt 0.350000 0.525000
vt 0.350000 0.550000
vt 0.325000 0.550000
vt 0.375000 0.525000
vt 0.375000 0.550000
vt 0.350000 0.575000
vt 0.325000 0.575000
vt 0.375000 0.575000
vt 0.400000 0.525000
vt 0.400000 0.550000
vt 0.400000 0.575000
vt 0.400000 0.600000
vt 0.375000 0.600000
vt 0.350000 0.600000
vt 0.325000 0.600000
vt 0.425000 0.525000
vt 0.450000 0.525000
vt 0.450000 0.550000
vt 0.425000 0.550000
vt 0.475000 0.525000
vt 0.475000 0.550000
vt 0.450000 0.575000
vt 0.425000 0.575000
vt 0.475000 0.575000
vt 0.500000 0.525000
vt 0.500000 0.550000
vt 0.500000 0.575000
vt 0.500000 0.600000
vt 0.475000 0.600000
vt 0.450000 0.600000
vt 0.425000 0.600000
vt 0.525000 0.525000
vt 0.550000 0.525000
vt 0.550000 0.550000
vt 0.525000 0.550000
vt 0.575000 0.525000
vt 0.575000 0.550000
vt 0.550000 0.575000
vt 0.525000 0.575000
vt 0.575000 0.575000
vt 0.600000 0.525000
vt 0.600000 0.550000
vt 0.600000 0.575000
vt 0.600000 0.600000
vt 0.575000 0.600000
vt 0.550000 0.600000
vt 0.525000 0.600000
vt 0.625000 0.525000
vt 0.650000 0.525000
vt 0.650000 0.550000
vt 0.625000 0.550000
vt 0.675000 0.525000
vt 0.675000 0.550000
vt 0.650000 0.575000
vt 0.625000 0.575000
vt 0.675000 0.575000
vt 0.700000 0.525000
vt 0.700000 0.550000
vt 0.700000 0.575000
vt 0.700000 0.600000
vt 0.675000 0.600000
vt 0.650000 0.600000
vt 0.625000 0.600000
vt 0.725000 0.525000
vt 0.750000 0.525000
vt 0.750000 0.550000
vt 0.725000 0.550000
vt 0.775000 0.525000
vt 0.775000 0.550000
vt 0.750000 0.575000
vt 0.725000 0.575000
vt 0.775000 0.575000
vt 0.800000 0.525000
vt 0.800000 0.550000
vt 0.800000 0.575000
vt 0.800000 0.600000
vt 0.775000 0.600000
vt 0.750000 0.600000
vt 0.725000 0.600000
vt 0.825000 0.525000
vt 0.850000 0.525000
vt 0.850000 0.550000
vt 0.825000 0.550000
vt 0.875000 0.525000
vt 0.875000 0.550000
vt 0.850000 0.575000
vt 0.825000 0.575000
vt 0.875000 0.575000
vt 0.900000 0.525000
vt 0.900000 0.550000
vt 0.900000 0.575000
vt 0.900000 0.600000
vt 0.875000 0.600000
vt 0.850000 0.600000
vt 0.825000 0.600000
vt 0.925000 0.525000
vt 0.950000 0.525000
vt 0.950000 0.550000
vt 0.925000 0.550000
vt 0.975000 0.525000
vt 0.975000 0.550000
vt 0.950000 0.575000
vt 0.925000 0.575000
vt 0.975000 0.575000
vt 0.900000 0.525000
vt 1.000000 0.525000
vt 1.000000 0.550000
vt 1.000000 0.575000
vt 1.000000 0.600000
vt 0.975000 0.600000
vt 0.950000 0.600000
vt 0.925000 0.600000
vt 0.900000 0.575000
vt 0.900000 0.600000
vt 0.900000 0.550000
vt 0.025000 0.625000
vt 0.050000 0.625000
vt 0.050000 0.650000
vt 0.025000 0.650000
vt 0.075000 0.625000
vt 0.075000 0.650000
vt 0.050000 0.675000
vt 0.025000 0.675000
vt 0.075000 0.675000
vt 0.000000 0.625000
vt 0.100000 0.625000
vt 0.100000 0.650000
vt 0.100000 0.675000
vt 0.100000 0.700000
vt 0.075000 0.700000
vt 0.050000 0.700000
vt 0.025000 0.700000
vt 0.000000 0.675000
vt 0.000000 0.700000
vt 0.000000 0.650000
vt 0.125000 0.625000
vt 0.150000 0.625000
vt 0.150000 0.650000
vt 0.125000 0.650000
vt 0.175000 0.625000
vt 0.175000 0.650000
vt 0.150000 0.675000
vt 0.125000 0.675000
vt 0.175000 0.675000
vt 0.100000 0.625000
vt 0.200000 0.625000
vt 0.200000 0.650000
vt 0.200000 0.675000
vt 0.200000 0.700000
vt 0.175000 0.700000
vt 0.150000 0.700000
vt 0.125000 0.700000
vt 0.100000 0.675000
vt 0.100000 0.700000
vt 0.100000 0.650000
vt 0.225000 0.625000
vt 0.250000 0.625000
vt 0.250000 0.650000
vt 0.225000 0.650000
vt 0.275000 0.625000
vt 0.275000 0.650000
vt 0.250000 0.675000
vt 0.225000 0.675000
vt 0.275000 0.675000
vt 0.300000 0.625000
vt 0.300000 0.650000
vt 0.300000 0.675000
vt 0.300000 0.700000
vt 0.275000 0.700000
vt 0.250000 0.700000
vt 0.225000 0.700000
vt 0.325000 0.625000
vt 0.350000 0.625000
vt 0.350000 0.650000
vt 0.325000 0.650000
vt 0.375000 0.625000
vt 0.375000 0.650000
vt 0.350000 0.675000
vt 0.325000 0.675000
vt 0.375000 0.675000
vt 0.400000 0.625000
vt 0.400000 0.650000
vt 0.400000 0.675000
vt 0.400000 0.700000
vt 0.375000 0.700000
vt 0.350000 0.700000
vt 0.325000 0.700000
vt 0.425000 0.625000
vt 0.450000 0.625000
vt 0.450000 0.650000
vt 0.425000 0.650000
vt 0.475000 0.625000
vt 0.475000 0.650000
vt 0.450000 0.675000
vt 0.425000 0.675000
vt 0.475000 0.675000
vt 0.500000 0.625000
vt 0.500000 0.650000
vt 0.500000 0.675000
vt 0.500000 0.700000
vt 0.475000 0.700000
vt 0.450000 0.700000
vt 0.425000 0.700000
vt 0.525000 0.625000
vt 0.550000 0.625000
vt 0.550000 0.650000
vt 0.525000 0.650000
vt 0.575000 0.625000
vt 0.575000 0.650000
vt 0.550000 0.675000
vt 0.525000 0.675000
vt 0.575000 0.675000
vt 0.600000 0.625000
vt 0.600000 0.650000
vt 0.600000 0.675000
vt 0.600000 0.700000
vt 0.575000 0.700000
vt 0.550000 0.700000
vt 0.525000 0.700000
vt 0.625000 0.625000
vt 0.650000 0.625000
vt 0.650000 0.650000
vt 0.625000 0.650000
vt 0.675000 0.625000
vt 0.675000 0.650000
vt 0.650000 0.675000
vt 0.625000 0.675000
vt 0.675000 0.675000
vt 0.700000 0.625000
vt 0.700000 0.650000
vt 0.700000 0.675000
vt 0.700000 0.700000
vt 0.675000 0.700000
vt 0.650000 0.700000
vt 0.625000 0.700000
vt 0.725000 0.625000
vt 0.750000 0.625000
vt 0.750000 0.650000
vt 0.725000 0.650000
vt 0.775000 0.625000
vt 0.775000 0.650000
vt 0.750000 0.675000
vt 0.725000 0.675000
vt 0.775000 0.675000
vt 0.800000 0.625000
vt 0.800000 0.650000
vt 0.800000 0.675000
vt 0.800000 0.700000
vt 0.775000 0.700000
vt 0.750000 0.700000
vt 0.725000 0.700000
vt 0.825000 0.625000
vt 0.850000 0.625000
vt 0.850000 0.650000
vt 0.825000 0.650000
vt 0.875000 0.625000
vt 0.875000 0.650000
vt 0.850000 0.675000
vt 0.825000 0.675000
vt 0.875000 0.675000
vt 0.900000 0.625000
vt 0.900000 0.650000
vt 0.900000 0.675000
vt 0.900000 0.700000
vt 0.875000 0.700000
vt 0.850000 0.700000
vt 0.825000 0.700000
vt 0.925000 0.625000
vt 0.950000 0.625000
vt 0.950000 0.650000
vt 0.925000 0.650000
vt 0.975000 0.625000
vt 0.975000 0.650000
vt 0.950000 0.675000
vt 0.925000 0.675000
vt 0.975000 0.675000
vt 0.900000 0.625000
vt 1.000000 0.625000
vt 1.000000 0.650000
vt 1.000000 0.675000
vt 1.000000 0.700000
vt 0.975000 0.700000
vt 0.950000 0.700000
vt 0.925000 0.700000
vt 0.900000 0.675000
vt 0.900000 0.700000
vt 0.900000 0.650000
vt 0.025000 0.725000
vt 0.050000 0.725000
vt 0.050000 0.750000
vt 0.025000 0.750000
vt 0.075000 0.725000
vt 0.075000 0.750000
vt 0.050000 0.775000
vt 0.025000 0.775000
vt 0.075000 0.775000
vt 0.000000 0.725000
vt 0.100000 0.725000
vt 0.100000 0.750000
vt 0.100000 0.775000
vt 0.100000 0.800000
vt 0.075000 0.800000
vt 0.050000 0.800000
vt 0.025000 0.800000
vt 0.000000 0.775000
vt 0.000000 0.800000
vt 0.000000 0.750000
vt 0.125000 0.725000
vt 0.150000 0.725000
vt 0.150000 0.750000
vt 0.125000 0.750000
vt 0.175000 0.725000
vt 0.175000 0.750000
vt 0.150000 0.775000
vt 0.125000 0.775000
vt 0.175000 0.775000
vt 0.100000 0.725000
vt 0.200000 0.725000
vt 0.200000 0.750000
vt 0.200000 0.775000
vt 0.200000 0.800000
vt 0.175000 0.800000
vt 0.150000 0.800000
vt 0.125000 0.800000
vt 0.100000 0.775000
vt 0.100000 0.800000
vt 0.100000 0.750000
vt 0.225000 0.725000
vt 0.250000 0.725000
vt 0.250000 0.750000
vt 0.225000 0.750000
vt 0.275000 0.725000
vt 0.275000 0.750000
vt 0.250000 0.775000
vt 0.225000 0.775000
vt 0.275000 0.775000
vt 0.300000 0.725000
vt 0.300000 0.750000
vt 0.300000 0.775000
vt 0.300000 0.800000
vt 0.275000 0.800000
vt 0.250000 0.800000
vt 0.225000 0.800000
vt 0.325000 0.725000
vt 0.350000 0.725000
vt 0.350000 0.750000
vt 0.325000 0.750000
vt 0.375000 0.725000
vt 0.375000 0.750000
vt 0.350000 0.775000
vt 0.325000 0.775000
vt 0.375000 0.775000
vt 0.400000 0.725000
vt 0.400000 0.750000
vt 0.400000 0.775000
vt 0.400000 0.800000
vt 0.375000 0.800000
vt 0.350000 0.800000
vt 0.325000 0.800000
vt 0.425000 0.725000
vt 0.450000 0.725000
vt 0.450000 0.750000
vt 0.425000 0.750000
vt 0.475000 0.725000
vt 0.475000 0.750000
vt 0.450000 0.775000
vt 0.425000 0.775000
vt 0.475000 0.775000
vt 0.500000 0.725000
vt 0.500000 0.750000
vt 0.500000 0.775000
vt 0.500000 0.800000
vt 0.475000 0.800000
vt 0.450000 0.800000
vt 0.425000 0.800000
vt 0.525000 0.725000
vt 0.550000 0.725000
vt 0.550000 0.750000
vt 0.525000 0.750000
vt 0.575000 0.725000
vt 0.575000 0.750000
vt 0.550000 0.775000
vt 0.525000 0.775000
vt 0.575000 0.775000
vt 0.600000 0.725000
vt 0.600000 0.750000
vt 0.600000 0.775000
vt 0.600000 0.800000
vt 0.575000 0.800000
vt 0.550000 0.800000
vt 0.525000 0.800000
vt 0.625000 0.725000
vt 0.650000 0.725000
vt 0.650000 0.750000
vt 0.625000 0.750000
vt 0.675000 0.725000
vt 0.675000 0.750000
vt 0.650000 0.775000
vt 0.625000 0.775000
vt 0.675000 0.775000
vt 0.700000 0.725000
vt 0.700000 0.750000
vt 0.700000 0.775000
vt 0.700000 0.800000
vt 0.675000 0.800000
vt 0.650000 0.800000
vt 0.625000 0.800000
vt 0.725000 0.725000
vt 0.750000 0.725000
vt 0.750000 0.750000
vt 0.725000 0.750000
vt 0.775000 0.725000
vt 0.775000 0.750000
vt 0.750000 0.775000
vt 0.725000 0.775000
vt 0.775000 0.775000
vt 0.800000 0.725000
vt 0.800000 0.750000
vt 0.800000 0.775000
vt 0.800000 0.800000
vt 0.775000 0.800000
vt 0.750000 0.800000
vt 0.725000 0.800000
vt 0.825000 0.725000
vt 0.850000 0.725000
vt 0.850000 0.750000
vt 0.825000 0.750000
vt 0.875000 0.725000
vt 0.875000 0.750000
vt 0.850000 0.775000
vt 0.825000 0.775000
vt 0.875000 0.775000
vt 0.900000 0.725000
vt 0.900000 0.750000
vt 0.900000 0.775000
vt 0.900000 0.800000
vt 0.875000 0.800000
vt 0.850000 0.800000
vt 0.825000 0.800000
vt 0.925000 0.725000
vt 0.950000 0.725000
vt 0.950000 0.750000
vt 0.925000 0.750000
vt 0.975000 0.725000
vt 0.975000 0.750000
vt 0.950000 0.775000
vt 0.925000 0.775000
vt 0.975000 0.775000
vt 0.900000 0.725000
vt 1.000000 0.725000
vt 1.000000 0.750000
vt 1.000000 0.775000
vt 1.000000 0.800000
vt 0.975000 0.800000
vt 0.950000 0.800000
vt 0.925000 0.800000
vt 0.900000 0.775000
vt 0.900000 0.800000
vt 0.900000 0.750000
vt 0.025000 0.825000
vt 0.050000 0.825000
vt 0.050000 0.850000
vt 0.025000 0.850000
vt 0.075000 0.825000
vt 0.075000 0.850000
vt 0.050000 0.875000
vt 0.025000 0.875000
vt 0.075000 0.875000
vt 0.000000 0.825000
vt 0.100000 0.825000
vt 0.100000 0.850000
vt 0.100000 0.875000
vt 0.100000 0.900000
vt 0.075000 0.900000
vt 0.050000 0.900000
vt 0.025000 0.900000
vt 0.000000 0.875000
vt 0.000000 0.900000
vt 0.000000 0.850000
vt 0.125000 0.825000
vt 0.150000 0.825000
vt 0.150000 0.850000
vt 0.125000 0.850000
vt 0.175000 0.825000
vt 0.175000 0.850000
vt 0.150000 0.875000
vt 0.125000 0.875000
vt 0.175000 0.875000
vt 0.100000 0.825000
vt 0.200000 0.825000
vt 0.200000 0.850000
vt 0.200000 0.875000
vt 0.200000 0.900000
vt 0.175000 0.900000
vt 0.150000 0.900000
vt 0.125000 0.900000
vt 0.100000 0.875000
vt 0.100000 0.900000
vt 0.100000 0.850000
vt 0.225000 0.825000
vt 0.250000 0.825000
vt 0.250000 0.850000
vt 0.225000 0.850000
vt 0.275000 0.825000
vt 0.275000 0.850000
vt 0.250000 0.875000
vt 0.225000 0.875000
vt 0.275000 0.875000
vt 0.300000 0.825000
vt 0.300000 0.850000
vt 0.300000 0.875000
vt 0.300000 0.900000
vt 0.275000 0.900000
vt 0.250000 0.900000
vt 0.225000 0.900000
vt 0.325000 0.825000
vt 0.350000 0.825000
vt 0.350000 0.850000
vt 0.325000 0.850000
vt 0.375000 0.825000
vt 0.375000 0.850000
vt 0.350000 0.875000
vt 0.325000 0.875000
vt 0.375000 0.875000
vt 0.400000 0.825000
vt 0.400000 0.850000
vt 0.400000 0.875000
vt 0.400000 0.900000
vt 0.375000 0.900000
vt 0.350000 0.900000
vt 0.325000 0.900000
vt 0.425000 0.825000
vt 0.450000 0.825000
vt 0.450000 0.850000
vt 0.425000 0.850000
vt 0.475000 0.825000
vt 0.475000 0.850000
vt 0.450000 0.875000
vt 0.425000 0.875000
vt 0.475000 0.875000
vt 0.500000 0.825000
vt 0.500000 0.850000
vt 0.500000 0.875000
vt 0.500000 0.900000
vt 0.475000 0.900000
vt 0.450000 0.900000
vt 0.425000 0.900000
vt 0.525000 0.825000
vt 0.550000 0.825000
vt 0.550000 0.850000
vt 0.525000 0.850000
vt 0.575000 0.825000
vt 0.575000 0.850000
vt 0.550000 0.875000
vt 0.525000 0.875000
vt 0.575000 0.875000
vt 0.600000 0.825000
vt 0.600000 0.850000
vt 0.600000 0.875000
vt 0.600000 0.900000
vt 0.575000 0.900000
vt 0.550000 0.900000
vt 0.525000 0.900000
vt 0.625000 0.825000
vt 0.650000 0.825000
vt 0.650000 0.850000
vt 0.625000 0.850000
vt 0.675000 0.825000
vt 0.675000 0.850000
vt 0.650000 0.875000
vt 0.625000 0.875000
vt 0.675000 0.875000
vt 0.700000 0.825000
vt 0.700000 0.850000
vt 0.700000 0.875000
vt 0.700000 0.900000
vt 0.675000 0.900000
vt 0.650000 0.900000
vt 0.625000 0.900000
vt 0.725000 0.825000
vt 0.750000 0.825000
vt 0.750000 0.850000
vt 0.725000 0.850000
vt 0.775000 0.825000
vt 0.775000 0.850000
vt 0.750000 0.875000
vt 0.725000 0.875000
vt 0.775000 0.875000
vt 0.800000 0.825000
vt 0.800000 0.850000
vt 0.800000 0.875000
vt 0.800000 0.900000
vt 0.775000 0.900000
vt 0.750000 0.900000
vt 0.725000 0.900000
vt 0.825000 0.825000
vt 0.850000 0.825000
vt 0.850000 0.850000
vt 0.825000 0.850000
vt 0.875000 0.825000
vt 0.875000 0.850000
vt 0.850000 0.875000
vt 0.825000 0.875000
vt 0.875000 0.875000
vt 0.900000 0.825000
vt 0.900000 0.850000
vt 0.900000 0.875000
vt 0.900000 0.900000
vt 0.875000 0.900000
vt 0.850000 0.900000
vt 0.825000 0.900000
vt 0.925000 0.825000
vt 0.950000 0.825000
vt 0.950000 0.850000
vt 0.925000 0.850000
vt 0.975000 0.825000
vt 0.975000 0.850000
vt 0.950000 0.875000
vt 0.925000 0.875000
vt 0.975000 0.875000
vt 0.900000 0.825000
vt 1.000000 0.825000
vt 1.000000 0.850000
vt 1.000000 0.875000
vt 1.000000 0.900000
vt 0.975000 0.900000
vt 0.950000 0.900000
vt 0.925000 0.900000
vt 0.900000 0.875000
vt 0.900000 0.900000
vt 0.900000 0.850000
vt 0.025000 0.925000
vt 0.050000 0.925000
vt 0.050000 0.950000
vt 0.025000 0.950000
vt 0.075000 0.925000
vt 0.075000 0.950000
vt 0.050000 0.975000
vt 0.025000 0.975000
vt 0.075000 0.975000
vt 0.000000 0.925000
vt 0.100000 0.925000
vt 0.100000 0.950000
vt 0.100000 0.975000
vt 0.100000 1.000000
vt 0.075000 1.000000
vt 0.050000 1.000000
vt 0.025000 1.000000
vt 0.000000 0.975000
vt 0.000000 1.000000
vt 0.000000 0.950000
vt 0.125000 0.925000
vt 0.150000 0.925000
vt 0.150000 0.950000
vt 0.125000 0.950000
vt 0.175000 0.925000
vt 0.175000 0.950000
vt 0.150000 0.975000
vt 0.125000 0.975000
vt 0.175000 0.975000
vt 0.125000 0.900000
vt 0.150000 0.900000
vt 0.175000 0.900000
vt 0.200000 0.900000
vt 0.200000 0.925000
vt 0.200000 0.950000
vt 0.200000 0.975000
vt 0.200000 1.000000
vt 0.175000 1.000000
vt 0.150000 1.000000
vt 0.125000 1.000000
vt 0.225000 0.925000
vt 0.250000 0.925000
vt 0.250000 0.950000
vt 0.225000 0.950000
vt 0.275000 0.925000
vt 0.275000 0.950000
vt 0.250000 0.975000
vt 0.225000 0.975000
vt 0.275000 0.975000
vt 0.225000 0.900000
vt 0.250000 0.900000
vt 0.275000 0.900000
vt 0.300000 0.900000
vt 0.300000 0.925000
vt 0.300000 0.950000
vt 0.300000 0.975000
vt 0.300000 1.000000
vt 0.275000 1.000000
vt 0.250000 1.000000
vt 0.225000 1.000000
vt 0.325000 0.925000
vt 0.350000 0.925000
vt 0.350000 0.950000
vt 0.325000 0.950000
vt 0.375000 0.925000
vt 0.375000 0.950000
vt 0.350000 0.975000
vt 0.325000 0.975000
vt 0.375000 0.975000
vt 0.325000 0.900000
vt 0.350000 0.900000
vt 0.375000 0.900000
vt 0.400000 0.900000
vt 0.400000 0.925000
vt 0.400000 0.950000
vt 0.400000 0.975000
vt 0.400000 1.000000
vt 0.375000 1.000000
vt 0.350000 1.000000
vt 0.325000 1.000000
vt 0.425000 0.925000
vt 0.450000 0.925000
vt 0.450000 0.950000
vt 0.425000 0.950000
vt 0.475000 0.925000
vt 0.475000 0.950000
vt 0.450000 0.975000
vt 0.425000 0.975000
vt 0.475000 0.975000
vt 0.425000 0.900000
vt 0.450000 0.900000
vt 0.475000 0.900000
vt 0.500000 0.900000
vt 0.500000 0.925000
vt 0.500000 0.950000
vt 0.500000 0.975000
vt 0.500000 1.000000
vt 0.475000 1.000000
vt 0.450000 1.000000
vt 0.425000 1.000000
vt 0.525000 0.925000
vt 0.550000 0.925000
vt 0.550000 0.950000
vt 0.525000 0.950000
vt 0.575000 0.925000
vt 0.575000 0.950000
vt 0.550000 0.975000
vt 0.525000 0.975000
vt 0.575000 0.975000
vt 0.525000 0.900000
vt 0.550000 0.900000
vt 0.575000 0.900000
vt 0.600000 0.900000
vt 0.600000 0.925000
vt 0.600000 0.950000
vt 0.600000 0.975000
vt 0.600000 1.000000
vt 0.575000 1.000000
vt 0.550000 1.000000
vt 0.525000 1.000000
vt 0.625000 0.925000
vt 0.650000 0.925000
vt 0.650000 0.950000
vt 0.625000 0.950000
vt 0.675000 0.925000
vt 0.675000 0.950000
vt 0.650000 0.975000
vt 0.625000 0.975000
vt 0.675000 0.975000
vt 0.625000 0.900000
vt 0.650000 0.900000
vt 0.675000 0.900000
vt 0.700000 0.900000
vt 0.700000 0.925000
vt 0.700000 0.950000
vt 0.700000 0.975000
vt 0.700000 1.000000
vt 0.675000 1.000000
vt 0.650000 1.000000
vt 0.625000 1.000000
vt 0.725000 0.925000
vt 0.750000 0.925000
vt 0.750000 0.950000
vt 0.725000 0.950000
vt 0.775000 0.925000
vt 0.775000 0.950000
vt 0.750000 0.975000
vt 0.725000 0.975000
vt 0.775000 0.975000
vt 0.725000 0.900000
vt 0.750000 0.900000
vt 0.775000 0.900000
vt 0.800000 0.900000
vt 0.800000 0.925000
vt 0.800000 0.950000
vt 0.800000 0.975000
vt 0.800000 1.000000
vt 0.775000 1.000000
vt 0.750000 1.000000
vt 0.725000 1.000000
vt 0.825000 0.925000
vt 0.850000 0.925000
vt 0.850000 0.950000
vt 0.825000 0.950000
vt 0.875000 0.925000
vt 0.875000 0.950000
vt 0.850000 0.975000
vt 0.825000 0.975000
vt 0.875000 0.975000
vt 0.825000 0.900000
vt 0.850000 0.900000
vt 0.875000 0.900000
vt 0.900000 0.925000
vt 0.900000 0.950000
vt 0.900000 0.975000
vt 0.900000 1.000000
vt 0.875000 1.000000
vt 0.850000 1.000000
vt 0.825000 1.000000
vt 0.925000 0.925000
vt 0.950000 0.925000
vt 0.950000 0.950000
vt 0.925000 0.950000
vt 0.975000 0.925000
vt 0.975000 0.950000
vt 0.950000 0.975000
vt 0.925000 0.975000
vt 0.975000 0.975000
vt 1.000000 0.925000
vt 1.000000 0.950000
vt 1.000000 0.975000
vt 1.000000 1.000000
vt 0.975000 1.000000
vt 0.950000 1.000000
vt 0.925000 1.000000
s 0
f 782/1/1 783/2/1 786/3/1 785/4/1
f 783/2/1 784/5/1 787/6/1 786/3/1
f 785/4/1 786/3/1 789/7/1 788/8/1
f 786/3/1 787/6/1 790/9/1 789/7/1
f 1/10/1 125/11/1 782/1/1 124/12/1
f 125/11/1 126/13/1 783/2/1 782/1/1
f 126/13/1 127/14/1 784/5/1 783/2/1
f 127/14/1 2/15/1 128/16/1 784/5/1
f 784/5/1 128/16/1 129/17/1 787/6/1
f 787/6/1 129/17/1 130/18/1 790/9/1
f 790/9/1 130/18/1 13/19/1 131/20/1
f 789/7/1 790/9/1 131/20/1 132/21/1
f 788/8/1 789/7/1 132/21/1 133/22/1
f 122/23/1 788/8/1 133/22/1 12/24/1
f 123/25/1 785/4/1 788/8/1 122/23/1
f 124/12/1 782/1/1 785/4/1 123/25/1
f 791/26/1 792/27/1 795/28/1 794/29/1
f 792/27/1 793/30/1 796/31/1 795/28/1
f 794/29/1 795/28/1 798/32/1 797/33/1
f 795/28/1 796/31/1 799/34/1 798/32/1
f 2/15/1 134/35/1 791/26/1 128/16/1
f 134/35/1 135/36/1 792/27/1 791/26/1
f 135/36/1 136/37/1 793/30/1 792/27/1
f 136/37/1 3/38/1 137/39/1 793/30/1
f 793/30/1 137/39/1 138/40/1 796/31/1
f 796/31/1 138/40/1 139/41/1 799/34/1
f 799/34/1 139/41/1 14/42/1 140/43/1
f 798/32/1 799/34/1 140/43/1 141/44/1
f 797/33/1 798/32/1 141/44/1 142/45/1
f 130/18/1 797/33/1 142/45/1 13/19/1
f 129/17/1 794/29/1 797/33/1 130/18/1
f 128/16/1 791/26/1 794/29/1 129/17/1
f 800/46/2 801/47/2 804/48/2 803/49/2
f 801/47/3 802/50/3 805/51/3 804/48/3
f 803/49/4 804/48/4 807/52/4 806/53/4
f 804/48/5 805/51/5 808/54/5 807/52/5
f 3/38/1 143/55/1 800/46/1 137/39/1
f 143/55/1 144/56/1 801/47/1 800/46/1
f 144/56/1 145/57/1 802/50/1 801/47/1
f 145/57/6 4/58/6 146/59/6 802/50/6
f 802/50/7 146/59/7 147/60/7 805/51/7
f 805/51/8 147/60/8 148/61/8 808/54/8
f 808/54/9 148/61/9 15/62/9 149/63/9
f 807/52/10 808/54/10 149/63/10 150/64/10
f 806/53/11 807/52/11 150/64/11 151/65/11
f 139/41/12 806/53/12 151/65/12 14/42/12
f 138/40/1 803/49/1 806/53/1 139/41/1
f 137/39/1 800/46/1 803/49/1 138/40/1
f 809/66/13 810/67/13 813/68/13 812/69/13
f 810/67/14 811/70/14 814/71/14 813/68/14
f 812/69/15 813/68/15 816/72/15 815/73/15
f 813/68/16 814/71/16 817/74/16 816/72/16
f 4/58/17 152/75/17 809/66/17 146/59/17
f 152/75/18 153/76/18 810/67/18 809/66/18
f 153/76/19 154/77/19 811/70/19 810/67/19
f 154/77/20 5/78/20 155/79/20 811/70/20
f 811/70/21 155/79/21 156/80/21 814/71/21
f 814/71/22 156/80/22 157/81/22 817/74/22
f 817/74/23 157/81/23 16/82/23 158/83/23
f 816/72/24 817/74/24 158/83/24 159/84/24
f 815/73/25 816/72/25 159/84/25 160/85/25
f 148/61/26 815/73/26 160/85/26 15/62/26
f 147/60/27 812/69/27 815/73/27 148/61/27
f 146/59/28 809/66/28 812/69/28 147/60/28
f 818/86/29 819/87/29 822/88/29 821/89/29
f 819/87/30 820/90/30 823/91/30 822/88/30
f 821/89/31 822/88/31 825/92/31 824/93/31
f 822/88/32 823/91/32 826/94/32 825/92/32
f 5/78/33 161/95/33 818/86/33 155/79/33
f 161/95/34 162/96/34 819/87/34 818/86/34
f 162/96/35 163/97/35 820/90/35 819/87/35
f 163/97/35 6/98/35 164/99/35 820/90/35
f 820/90/36 164/99/36 165/100/36 823/91/36
f 823/91/37 165/100/37 166/101/37 826/94/37
f 826/94/38 166/101/38 17/102/38 167/103/38
f 825/92/39 826/94/39 167/103/39 168/104/39
f 824/93/40 825/92/40 168/104/40 169/105/40
f 157/81/41 824/93/41 169/105/41 16/82/41
f 156/80/42 821/89/42 824/93/42 157/81/42
f 155/79/43 818/86/43 821/89/43 156/80/43
f 827/106/44 828/107/44 831/108/44 830/109/44
f 828/107/45 829/110/45 832/111/45 831/108/45
f 830/109/46 831/108/46 834/112/46 833/113/46
f 831/108/47 832/111/47 835/114/47 834/112/47
f 6/98/35 170/115/35 827/106/35 164/99/35
f 170/115/35 171/116/35 828/107/35 827/106/35
f 171/116/48 172/117/48 829/110/48 828/107/48
f 172/117/49 7/118/49 173/119/49 829/110/49
f 829/110/50 173/119/50 174/120/50 832/111/50
f 832/111/51 174/120/51 175/121/51 835/114/51
f 835/114/52 175/121/52 18/122/52 176/123/52
f 834/112/53 835/114/53 176/123/53 177/124/53
f 833/113/54 834/112/54 177/124/54 178/125/54
f 166/101/55 833/113/55 178/125/55 17/102/55
f 165/100/56 830/109/56 833/113/56 166/101/56
f 164/99/57 827/106/57 830/109/57 165/100/57
f 836/126/58 837/127/58 840/128/58 839/129/58
f 837/127/59 838/130/59 841/131/59 840/128/59
f 839/129/60 840/128/60 843/132/60 842/133/60
f 840/128/61 841/131/61 844/134/61 843/132/61
f 7/118/62 179/135/62 836/126/62 173/119/62
f 179/135/63 180/136/63 837/127/63 836/126/63
f 180/136/64 181/137/64 838/130/64 837/127/64
f 181/137/65 8/138/65 182/139/65 838/130/65
f 838/130/66 182/139/66 183/140/66 841/131/66
f 841/131/67 183/140/67 184/141/67 844/134/67
f 844/134/68 184/141/68 19/142/68 185/143/68
f 843/132/69 844/134/69 185/143/69 186/144/69
f 842/133/70 843/132/70 186/144/70 187/145/70
f 175/121/71 842/133/71 187/145/71 18/122/71
f 174/120/72 839/129/72 842/133/72 175/121/72
f 173/119/73 836/126/73 839/129/73 174/120/73
f 845/146/74 846/147/74 849/148/74 848/149/74
f 846/147/75 847/150/75 850/151/75 849/148/75
f 848/149/76 849/148/76 852/152/76 851/153/76
f 849/148/77 850/151/77 853/154/77 852/152/77
f 8/138/6 188/155/6 845/146/6 182/139/6
f 188/155/1 189/156/1 846/147/1 845/146/1
f 189/156/1 190/157/1 847/150/1 846/147/1
f 190/157/1 9/158/1 191/159/1 847/150/1
f 847/150/1 191/159/1 192/160/1 850/151/1
f 850/151/1 192/160/1 193/161/1 853/154/1
f 853/154/78 193/161/78 20/162/78 194/163/78
f 852/152/79 853/154/79 194/163/79 195/164/79
f 851/153/80 852/152/80 195/164/80 196/165/80
f 184/141/81 851/153/81 196/165/81 19/142/81
f 183/140/82 848/149/82 851/153/82 184/141/82
f 182/139/83 845/146/83 848/149/83 183/140/83
f 854/166/1 855/167/1 858/168/1 857/169/1
f 855/167/1 856/170/1 859/171/1 858/168/1
f 857/169/1 858/168/1 861/172/1 860/173/1
f 858/168/1 859/171/1 862/174/1 861/172/1
f 9/158/1 197/175/1 854/166/1 191/159/1
f 197/175/1 198/176/1 855/167/1 854/166/1
f 198/176/1 199/177/1 856/170/1 855/167/1
f 199/177/1 10/178/1 200/179/1 856/170/1
f 856/170/1 200/179/1 201/180/1 859/171/1
f 859/171/1 201/180/1 202/181/1 862/174/1
f 862/174/1 202/181/1 21/182/1 203/183/1
f 861/172/1 862/174/1 203/183/1 204/184/1
f 860/173/1 861/172/1 204/184/1 205/185/1
f 193/161/1 860/173/1 205/185/1 20/162/1
f 192/160/1 857/169/1 860/173/1 193/161/1
f 191/159/1 854/166/1 857/169/1 192/160/1
f 863/186/1 864/187/1 867/188/1 866/189/1
f 864/187/1 865/190/1 868/191/1 867/188/1
f 866/189/1 867/188/1 870/192/1 869/193/1
f 867/188/1 868/191/1 871/194/1 870/192/1
f 10/178/1 206/195/1 863/186/1 200/179/1
f 206/195/1 207/196/1 864/187/1 863/186/1
f 207/196/1 208/197/1 865/190/1 864/187/1
f 208/197/1 11/198/1 209/199/1 865/190/1
f 865/190/1 209/199/1 210/200/1 868/191/1
f 868/191/1 210/200/1 211/201/1 871/194/1
f 871/194/1 211/201/1 22/202/1 212/203/1
f 870/192/1 871/194/1 212/203/1 213/204/1
f 869/193/1 870/192/1 213/204/1 214/205/1
f 202/181/1 869/193/1 214/205/1 21/182/1
f 201/180/1 866/189/1 869/193/1 202/181/1
f 200/179/1 863/186/1 866/189/1 201/180/1
f 872/206/1 873/207/1 876/208/1 875/209/1
f 873/207/1 874/210/1 877/211/1 876/208/1
f 875/209/1 876/208/1 879/212/1 878/213/1
f 876/208/1 877/211/1 880/214/1 879/212/1
f 12/24/1 133/22/1 872/206/1 217/215/1
f 133/22/1 132/21/1 873/207/1 872/206/1
f 132/21/1 131/20/1 874/210/1 873/207/1
f 131/20/1 13/19/1 218/216/1 874/210/1
f 874/210/1 218/216/1 219/217/1 877/211/1
f 877/211/1 219/217/1 220/218/1 880/214/1
f 880/214/1 220/218/1 24/219/1 221/220/1
f 879/212/1 880/214/1 221/220/1 222/221/1
f 878/213/1 879/212/1 222/221/1 223/222/1
f 215/223/1 878/213/1 223/222/1 23/224/1
f 216/225/1 875/209/1 878/213/1 215/223/1
f 217/215/1 872/206/1 875/209/1 216/225/1
f 881/226/84 882/227/84 885/228/84 884/229/84
f 882/227/85 883/230/85 886/231/85 885/228/85
f 884/229/86 885/228/86 888/232/86 887/233/86
f 885/228/87 886/231/87 889/234/87 888/232/87
f 13/235/1 142/236/1 881/226/1 218/237/1
f 142/236/1 141/238/1 882/227/1 881/226/1
f 141/238/2 140/239/2 883/230/2 882/227/2
f 140/239/17 14/240/17 224/241/17 883/230/17
f 883/230/88 224/241/88 225/242/88 886/231/88
f 886/231/89 225/242/89 226/243/89 889/234/89
f 889/234/90 226/243/90 25/244/90 227/245/90
f 888/232/91 889/234/91 227/245/91 228/246/91
f 887/233/92 888/232/92 228/246/92 229/247/92
f 220/248/93 887/233/93 229/247/93 24/249/93
f 219/250/2 884/229/2 887/233/2 220/248/2
f 218/237/1 881/226/1 884/229/1 219/250/1
f 890/251/94 891/252/94 894/253/94 893/254/94
f 891/252/95 892/255/95 895/256/95 894/253/95
f 893/254/96 894/253/96 897/257/96 896/258/96
f 894/253/97 895/256/97 898/259/97 897/257/97
f 14/240/98 151/260/98 890/251/98 224/241/98
f 151/260/99 150/261/99 891/252/99 890/251/99
f 150/261/100 149/63/100 892/255/100 891/252/100
f 149/63/101 15/262/101 230/263/101 892/255/101
f 892/255/102 230/263/102 231/264/102 895/256/102
f 895/256/103 231/264/103 232/265/103 898/259/103
f 898/259/104 232/265/104 26/266/104 233/267/104
f 897/257/105 898/259/105 233/267/105 234/268/105
f 896/258/106 897/257/106 234/268/106 235/269/106
f 226/243/107 896/258/107 235/269/107 25/244/107
f 225/242/108 893/254/108 896/258/108 226/243/108
f 224/241/109 890/251/109 893/254/109 225/242/109
f 899/270/110 900/271/110 903/272/110 902/273/110
f 900/271/111 901/274/111 904/275/111 903/272/111
f 902/273/112 903/272/112 906/276/112 905/277/112
f 903/272/113 904/275/113 907/278/113 906/276/113
f 15/262/114 160/279/114 899/270/114 230/263/114
f 160/279/115 159/280/115 900/271/115 899/270/115
f 159/280/116 158/281/116 901/274/116 900/271/116
f 158/281/117 16/282/117 236/283/117 901/274/117
f 901/274/118 236/283/118 237/284/118 904/275/118
f 904/275/119 237/284/119 238/285/119 907/278/119
f 907/278/120 238/285/120 27/286/120 239/287/120
f 906/276/121 907/278/121 239/287/121 240/288/121
f 905/277/122 906/276/122 240/288/122 241/289/122
f 232/265/123 905/277/123 241/289/123 26/266/123
f 231/264/124 902/273/124 905/277/124 232/265/124
f 230/263/125 899/270/125 902/273/125 231/264/125
f 908/290/126 909/291/126 912/292/126 911/293/126
f 909/291/127 910/294/127 913/295/127 912/292/127
f 911/293/128 912/292/128 915/296/128 914/297/128
f 912/292/129 913/295/129 916/298/129 915/296/129
f 16/282/130 169/299/130 908/290/130 236/283/130
f 169/299/131 168/300/131 909/291/131 908/290/131
f 168/300/132 167/301/132 910/294/132 909/291/132
f 167/301/133 17/302/133 242/303/133 910/294/133
f 910/294/134 242/303/134 243/304/134 913/295/134
f 913/295/135 243/304/135 244/305/135 916/298/135
f 916/298/136 244/305/136 28/306/136 245/307/136
f 915/296/137 916/298/137 245/307/137 246/308/137
f 914/297/138 915/296/138 246/308/138 247/309/138
f 238/285/139 914/297/139 247/309/139 27/286/139
f 237/284/140 911/293/140 914/297/140 238/285/140
f 236/283/141 908/290/141 911/293/141 237/284/141
f 917/310/142 918/311/142 921/312/142 920/313/142
f 918/311/143 919/314/143 922/315/143 921/312/143
f 920/313/144 921/312/144 924/316/144 923/317/144
f 921/312/145 922/315/145 925/318/145 924/316/145
f 17/302/146 178/319/146 917/310/146 242/303/146
f 178/319/147 177/320/147 918/311/147 917/310/147
f 177/320/148 176/321/148 919/314/148 918/311/148
f 176/321/149 18/322/149 248/323/149 919/314/149
f 919/314/150 248/323/150 249/324/150 922/315/150
f 922/315/151 249/324/151 250/325/151 925/318/151
f 925/318/152 250/325/152 29/326/152 251/327/152
f 924/316/153 925/318/153 251/327/153 252/328/153
f 923/317/154 924/316/154 252/328/154 253/329/154
f 244/305/155 923/317/155 253/329/155 28/306/155
f 243/304/156 920/313/156 923/317/156 244/305/156
f 242/303/157 917/310/157 920/313/157 243/304/157
f 926/330/158 927/331/158 930/332/158 929/333/158
f 927/331/159 928/334/159 931/335/159 930/332/159
f 929/333/160 930/332/160 933/336/160 932/337/160
f 930/332/161 931/335/161 934/338/161 933/336/161
f 18/322/162 187/339/162 926/330/162 248/323/162
f 187/339/163 186/340/163 927/331/163 926/330/163
f 186/340/164 185/143/164 928/334/164 927/331/164
f 185/143/165 19/341/165 254/342/165 928/334/165
f 928/334/166 254/342/166 255/343/166 931/335/166
f 931/335/167 255/343/167 256/344/167 934/338/167
f 934/338/168 256/344/168 30/345/168 257/346/168
f 933/336/169 934/338/169 257/346/169 258/347/169
f 932/337/170 933/336/170 258/347/170 259/348/170
f 250/325/171 932/337/171 259/348/171 29/326/171
f 249/324/172 929/333/172 932/337/172 250/325/172
f 248/323/173 926/330/173 929/333/173 249/324/173
f 935/349/174 936/350/174 939/351/174 938/352/174
f 936/350/175 937/353/175 940/354/175 939/351/175
f 938/352/176 939/351/176 942/355/176 941/356/176
f 939/351/177 940/354/177 943/357/177 942/355/177
f 19/341/178 196/358/178 935/349/178 254/342/178
f 196/358/179 195/359/179 936/350/179 935/349/179
f 195/359/180 194/163/180 937/353/180 936/350/180
f 194/163/181 20/360/181 260/361/181 937/353/181
f 937/353/182 260/361/182 261/362/182 940/354/182
f 940/354/183 261/362/183 262/363/183 943/357/183
f 943/357/184 262/363/184 31/364/184 263/365/184
f 942/355/185 943/357/185 263/365/185 264/366/185
f 941/356/186 942/355/186 264/366/186 265/367/186
f 256/344/187 941/356/187 265/367/187 30/345/187
f 255/343/188 938/352/188 941/356/188 256/344/188
f 254/342/189 935/349/189 938/352/189 255/343/189
f 944/368/190 945/369/190 948/370/190 947/371/190
f 945/369/191 946/372/191 949/373/191 948/370/191
f 947/371/192 948/370/192 951/374/192 950/375/192
f 948/370/193 949/373/193 952/376/193 951/374/193
f 20/360/65 205/377/65 944/368/65 260/361/65
f 205/377/75 204/378/75 945/369/75 944/368/75
f 204/378/1 203/379/1 946/372/1 945/369/1
f 203/379/1 21/380/1 266/381/1 946/372/1
f 946/372/1 266/381/1 267/382/1 949/373/1
f 949/373/75 267/382/75 268/383/75 952/376/75
f 952/376/194 268/383/194 32/384/194 269/385/194
f 951/374/195 952/376/195 269/385/195 270/386/195
f 950/375/196 951/374/196 270/386/196 271/387/196
f 262/363/197 950/375/197 271/387/197 31/364/197
f 261/362/198 947/371/198 950/375/198 262/363/198
f 260/361/199 944/368/199 947/371/199 261/362/199
f 953/388/1 954/389/1 957/390/1 956/391/1
f 954/389/1 955/392/1 958/393/1 957/390/1
f 956/391/1 957/390/1 960/394/1 959/395/1
f 957/390/1 958/393/1 961/396/1 960/394/1
f 21/182/1 214/205/1 953/388/1 266/397/1
f 214/205/1 213/204/1 954/389/1 953/388/1
f 213/204/1 212/203/1 955/392/1 954/389/1
f 212/203/1 22/202/1 272/398/1 955/392/1
f 955/392/1 272/398/1 273/399/1 958/393/1
f 958/393/1 273/399/1 274/400/1 961/396/1
f 961/396/1 274/400/1 33/401/1 275/402/1
f 960/394/1 961/396/1 275/402/1 276/403/1
f 959/395/1 960/394/1 276/403/1 277/404/1
f 268/405/1 959/395/1 277/404/1 32/384/1
f 267/406/1 956/391/1 959/395/1 268/405/1
f 266/397/1 953/388/1 956/391/1 267/406/1
f 962/407/2 963/408/2 966/409/2 965/410/2
f 963/408/3 964/411/3 967/412/3 966/409/3
f 965/410/4 966/409/4 969/413/4 968/414/4
f 966/409/5 967/412/5 970/415/5 969/413/5
f 23/224/1 223/222/1 962/407/1 280/416/1
f 223/222/1 222/221/1 963/408/1 962/407/1
f 222/221/1 221/220/1 964/411/1 963/408/1
f 221/220/6 24/219/6 281/417/6 964/411/6
f 964/411/7 281/417/7 282/418/7 967/412/7
f 967/412/8 282/418/8 283/419/8 970/415/8
f 970/415/9 283/419/9 35/420/9 284/421/9
f 969/413/10 970/415/10 284/421/10 285/422/10
f 968/414/11 969/413/11 285/422/11 286/423/11
f 278/424/12 968/414/12 286/423/12 34/425/12
f 279/426/1 965/410/1 968/414/1 278/424/1
f 280/416/1 962/407/1 965/410/1 279/426/1
f 971/427/200 972/428/200 975/429/200 974/430/200
f 972/428/201 973/431/201 976/432/201 975/429/201
f 974/430/202 975/429/202 978/433/202 977/434/202
f 975/429/203 976/432/203 979/435/203 978/433/203
f 24/249/204 229/247/204 971/427/204 281/436/204
f 229/247/205 228/246/205 972/428/205 971/427/205
f 228/246/206 227/245/206 973/431/206 972/428/206
f 227/245/207 25/244/207 287/437/207 973/431/207
f 973/431/208 287/437/208 288/438/208 976/432/208
f 976/432/209 288/438/209 289/439/209 979/435/209
f 979/435/210 289/439/210 36/440/210 290/441/210
f 978/433/211 979/435/211 290/441/211 291/442/211
f 977/434/212 978/433/212 291/442/212 292/443/212
f 283/444/213 977/434/213 292/443/213 35/445/213
f 282/446/214 974/430/214 977/434/214 283/444/214
f 281/436/215 971/427/215 974/430/215 282/446/215
f 980/447/216 981/448/216 984/449/216 983/450/216
f 981/448/217 982/451/217 985/452/217 984/449/217
f 983/450/218 984/449/218 987/453/218 986/454/218
f 984/449/219 985/452/219 988/455/219 987/453/219
f 25/244/220 235/269/220 980/447/220 287/437/220
f 235/269/221 234/268/221 981/448/221 980/447/221
f 234/268/222 233/267/222 982/451/222 981/448/222
f 233/267/223 26/266/223 293/456/223 982/451/223
f 982/451/224 293/456/224 294/457/224 985/452/224
f 985/452/225 294/457/225 295/458/225 988/455/225
f 988/455/226 295/458/226 37/459/226 296/460/226
f 987/453/227 988/455/227 296/460/227 297/461/227
f 986/454/228 987/453/228 297/461/228 298/462/228
f 289/439/229 986/454/229 298/462/229 36/440/229
f 288/438/230 983/450/230 986/454/230 289/439/230
f 287/437/231 980/447/231 983/450/231 288/438/231
f 989/463/232 990/464/232 993/465/232 992/466/232
f 990/464/233 991/467/233 994/468/233 993/465/233
f 992/466/234 993/465/234 996/469/234 995/470/234
f 993/465/235 994/468/235 997/471/235 996/469/235
f 26/266/236 241/289/236 989/463/236 293/456/236
f 241/289/237 240/288/237 990/464/237 989/463/237
f 240/288/238 239/287/238 991/467/238 990/464/238
f 239/287/239 27/286/239 299/472/239 991/467/239
f 991/467/240 299/472/240 300/473/240 994/468/240
f 994/468/241 300/473/241 301/474/241 997/471/241
f 997/471/242 301/474/242 38/475/242 302/476/242
f 996/469/243 997/471/243 302/476/243 303/477/243
f 995/470/244 996/469/244 303/477/244 304/478/244
f 295/458/245 995/470/245 304/478/245 37/459/245
f 294/457/246 992/466/246 995/470/246 295/458/246
f 293/456/247 989/463/247 992/466/247 294/457/247
f 998/479/248 999/480/248 1002/481/248 1001/482/248
f 999/480/249 1000/483/249 1003/484/249 1002/481/249
f 1001/482/250 1002/481/250 1005/485/250 1004/486/250
f 1002/481/251 1003/484/251 1006/487/251 1005/485/251
f 27/286/252 247/309/252 998/479/252 299/472/252
f 247/309/253 246/308/253 999/480/253 998/479/253
f 246/308/254 245/307/254 1000/483/254 999/480/254
f 245/307/255 28/306/255 305/488/255 1000/483/255
f 1000/483/256 305/488/256 306/489/256 1003/484/256
f 1003/484/257 306/489/257 307/490/257 1006/487/257
f 1006/487/258 307/490/258 39/491/258 308/492/258
f 1005/485/259 1006/487/259 308/492/259 309/493/259
f 1004/486/260 1005/485/260 309/493/260 310/494/260
f 301/474/261 1004/486/261 310/494/261 38/475/261
f 300/473/262 1001/482/262 1004/486/262 301/474/262
f 299/472/263 998/479/263 1001/482/263 300/473/263
f 1007/495/264 1008/496/264 1011/497/264 1010/498/264
f 1008/496/265 1009/499/265 1012/500/265 1011/497/265
f 1010/498/266 1011/497/266 1014/501/266 1013/502/266
f 1011/497/267 1012/500/267 1015/503/267 1014/501/267
f 28/306/268 253/329/268 1007/495/268 305/488/268
f 253/329/269 252/328/269 1008/496/269 1007/495/269
f 252/328/270 251/327/270 1009/499/270 1008/496/270
f 251/327/271 29/326/271 311/504/271 1009/499/271
f 1009/499/272 311/504/272 312/505/272 1012/500/272
f 1012/500/273 312/505/273 313/506/273 1015/503/273
f 1015/503/274 313/506/274 40/507/274 314/508/274
f 1014/501/275 1015/503/275 314/508/275 315/509/275
f 1013/502/276 1014/501/276 315/509/276 316/510/276
f 307/490/277 1013/502/277 316/510/277 39/491/277
f 306/489/278 1010/498/278 1013/502/278 307/490/278
f 305/488/279 1007/495/279 1010/498/279 306/489/279
f 1016/511/280 1017/512/280 1020/513/280 1019/514/280
f 1017/512/281 1018/515/281 1021/516/281 1020/513/281
f 1019/514/282 1020/513/282 1023/517/282 1022/518/282
f 1020/513/283 1021/516/283 1024/519/283 1023/517/283
f 29/326/284 259/348/284 1016/511/284 311/504/284
f 259/348/285 258/347/285 1017/512/285 1016/511/285
f 258/347/286 257/346/286 1018/515/286 1017/512/286
f 257/346/287 30/345/287 317/520/287 1018/515/287
f 1018/515/288 317/520/288 318/521/288 1021/516/288
f 1021/516/289 318/521/289 319/522/289 1024/519/289
f 1024/519/290 319/522/290 41/523/290 320/524/290
f 1023/517/291 1024/519/291 320/524/291 321/525/291
f 1022/518/292 1023/517/292 321/525/292 322/526/292
f 313/506/293 1022/518/293 322/526/293 40/507/293
f 312/505/294 1019/514/294 1022/518/294 313/506/294
f 311/504/295 1016/511/295 1019/514/295 312/505/295
f 1025/527/296 1026/528/296 1029/529/296 1028/530/296
f 1026/528/297 1027/531/297 1030/532/297 1029/529/297
f 1028/530/298 1029/529/298 1032/533/298 1031/534/298
f 1029/529/299 1030/532/299 1033/535/299 1032/533/299
f 30/345/300 265/367/300 1025/527/300 317/520/300
f 265/367/301 264/366/301 1026/528/301 1025/527/301
f 264/366/302 263/365/302 1027/531/302 1026/528/302
f 263/365/303 31/364/303 323/536/303 1027/531/303
f 1027/531/304 323/536/304 324/537/304 1030/532/304
f 1030/532/305 324/537/305 325/538/305 1033/535/305
f 1033/535/306 325/538/306 42/539/306 326/540/306
f 1032/533/307 1033/535/307 326/540/307 327/541/307
f 1031/534/308 1032/533/308 327/541/308 328/542/308
f 319/522/309 1031/534/309 328/542/309 41/523/309
f 318/521/310 1028/530/310 1031/534/310 319/522/310
f 317/520/311 1025/527/311 1028/530/311 318/521/311
f 1034/543/312 1035/544/312 1038/545/312 1037/546/312
f 1035/544/313 1036/547/313 1039/548/313 1038/545/313
f 1037/546/314 1038/545/314 1041/549/314 1040/550/314
f 1038/545/315 1039/548/315 1042/551/315 1041/549/315
f 31/364/316 271/387/316 1034/543/316 323/536/316
f 271/387/317 270/386/317 1035/544/317 1034/543/317
f 270/386/318 269/385/318 1036/547/318 1035/544/318
f 269/385/319 32/384/319 329/552/319 1036/547/319
f 1036/547/320 329/552/320 330/553/320 1039/548/320
f 1039/548/321 330/553/321 331/554/321 1042/551/321
f 1042/551/322 331/554/322 43/555/322 332/556/322
f 1041/549/323 1042/551/323 332/556/323 333/557/323
f 1040/550/324 1041/549/324 333/557/324 334/558/324
f 325/538/325 1040/550/325 334/558/325 42/539/325
f 324/537/326 1037/546/326 1040/550/326 325/538/326
f 323/536/327 1034/543/327 1037/546/327 324/537/327
f 1043/559/74 1044/560/74 1047/561/74 1046/562/74
f 1044/560/75 1045/563/75 1048/564/75 1047/561/75
f 1046/562/76 1047/561/76 1050/565/76 1049/566/76
f 1047/561/77 1048/564/77 1051/567/77 1050/565/77
f 32/384/6 277/404/6 1043/559/6 329/568/6
f 277/404/1 276/403/1 1044/560/1 1043/559/1
f 276/403/1 275/402/1 1045/563/1 1044/560/1
f 275/402/1 33/401/1 335/569/1 1045/563/1
f 1045/563/1 335/569/1 336/570/1 1048/564/1
f 1048/564/1 336/570/1 337/571/1 1051/567/1
f 1051/567/78 337/571/78 44/572/78 338/573/78
f 1050/565/79 1051/567/79 338/573/79 339/574/79
f 1049/566/80 1050/565/80 339/574/80 340/575/80
f 331/576/81 1049/566/81 340/575/81 43/555/81
f 330/577/82 1046/562/82 1049/566/82 331/576/82
f 329/568/83 1043/559/83 1046/562/83 330/577/83
f 1052/578/328 1053/579/328 1056/580/328 1055/581/328
f 1053/579/329 1054/582/329 1057/583/329 1056/580/329
f 1055/581/330 1056/580/330 1059/584/330 1058/585/330
f 1056/580/331 1057/583/331 1060/586/331 1059/584/331
f 34/425/93 286/423/93 1052/578/93 343/587/93
f 286/423/332 285/422/332 1053/579/332 1052/578/332
f 285/422/333 284/421/333 1054/582/333 1053/579/333
f 284/421/334 35/420/334 344/588/334 1054/582/334
f 1054/582/335 344/588/335 345/589/335 1057/583/335
f 1057/583/336 345/589/336 346/590/336 1060/586/336
f 1060/586/337 346/590/337 46/591/337 347/592/337
f 1059/584/338 1060/586/338 347/592/338 348/593/338
f 1058/585/339 1059/584/339 348/593/339 349/594/339
f 341/595/340 1058/585/340 349/594/340 45/596/340
f 342/597/341 1055/581/341 1058/585/341 341/595/341
f 343/587/342 1052/578/342 1055/581/342 342/597/342
f 1061/598/343 1062/599/343 1065/600/343 1064/601/343
f 1062/599/344 1063/602/344 1066/603/344 1065/600/344
f 1064/601/345 1065/600/345 1068/604/345 1067/605/345
f 1065/600/346 1066/603/346 1069/606/346 1068/604/346
f 35/445/347 292/443/347 1061/598/347 344/607/347
f 292/443/348 291/442/348 1062/599/348 1061/598/348
f 291/442/349 290/441/349 1063/602/349 1062/599/349
f 290/441/350 36/440/350 350/608/350 1063/602/350
f 1063/602/351 350/608/351 351/609/351 1066/603/351
f 1066/603/352 351/609/352 352/610/352 1069/606/352
f 1069/606/353 352/610/353 47/611/353 353/612/353
f 1068/604/354 1069/606/354 353/612/354 354/613/354
f 1067/605/355 1068/604/355 354/613/355 355/614/355
f 346/615/356 1067/605/356 355/614/356 46/616/356
f 345/617/357 1064/601/357 1067/605/357 346/615/357
f 344/607/358 1061/598/358 1064/601/358 345/617/358
f 1070/618/359 1071/619/359 1074/620/359 1073/621/359
f 1071/619/360 1072/622/360 1075/623/360 1074/620/360
f 1073/621/361 1074/620/361 1077/624/361 1076/625/361
f 1074/620/362 1075/623/362 1078/626/362 1077/624/362
f 36/440/363 298/462/363 1070/618/363 350/608/363
f 298/462/364 297/461/364 1071/619/364 1070/618/364
f 297/461/365 296/460/365 1072/622/365 1071/619/365
f 296/460/366 37/459/366 356/627/366 1072/622/366
f 1072/622/367 356/627/367 357/628/367 1075/623/367
f 1075/623/368 357/628/368 358/629/368 1078/626/368
f 1078/626/369 358/629/369 48/630/369 359/631/369
f 1077/624/370 1078/626/370 359/631/370 360/632/370
f 1076/625/371 1077/624/371 360/632/371 361/633/371
f 352/610/372 1076/625/372 361/633/372 47/611/372
f 351/609/373 1073/621/373 1076/625/373 352/610/373
f 350/608/374 1070/618/374 1073/621/374 351/609/374
f 1079/634/375 1080/635/375 1083/636/375 1082/637/375
f 1080/635/376 1081/638/376 1084/639/376 1083/636/376
f 1082/637/377 1083/636/377 1086/640/377 1085/641/377
f 1083/636/378 1084/639/378 1087/642/378 1086/640/378
f 37/459/379 304/478/379 1079/634/379 356/627/379
f 304/478/380 303/477/380 1080/635/380 1079/634/380
f 303/477/381 302/476/381 1081/638/381 1080/635/381
f 302/476/382 38/475/382 362/643/382 1081/638/382
f 1081/638/383 362/643/383 363/644/383 1084/639/383
f 1084/639/384 363/644/384 364/645/384 1087/642/384
f 1087/642/385 364/645/385 49/646/385 365/647/385
f 1086/640/386 1087/642/386 365/647/386 366/648/386
f 1085/641/387 1086/640/387 366/648/387 367/649/387
f 358/629/388 1085/641/388 367/649/388 48/630/388
f 357/628/389 1082/637/389 1085/641/389 358/629/389
f 356/627/390 1079/634/390 1082/637/390 357/628/390
f 1088/650/391 1089/651/391 1092/652/391 1091/653/391
f 1089/651/392 1090/654/392 1093/655/392 1092/652/392
f 1091/653/393 1092/652/393 1095/656/393 1094/657/393
f 1092/652/394 1093/655/394 1096/658/394 1095/656/394
f 38/475/395 310/494/395 1088/650/395 362/643/395
f 310/494/396 309/493/396 1089/651/396 1088/650/396
f 309/493/397 308/492/397 1090/654/397 1089/651/397
f 308/492/398 39/491/398 368/659/398 1090/654/398
f 1090/654/399 368/659/399 369/660/399 1093/655/399
f 1093/655/400 369/660/400 370/661/400 1096/658/400
f 1096/658/401 370/661/401 50/662/401 371/663/401
f 1095/656/402 1096/658/402 371/663/402 372/664/402
f 1094/657/403 1095/656/403 372/664/403 373/665/403
f 364/645/404 1094/657/404 373/665/404 49/646/404
f 363/644/405 1091/653/405 1094/657/405 364/645/405
f 362/643/406 1088/650/406 1091/653/406 363/644/406
f 1097/666/407 1098/667/407 1101/668/407 1100/669/407
f 1098/667/408 1099/670/408 1102/671/408 1101/668/408
f 1100/669/409 1101/668/409 1104/672/409 1103/673/409
f 1101/668/410 1102/671/410 1105/674/410 1104/672/410
f 39/491/411 316/510/411 1097/666/411 368/659/411
f 316/510/412 315/509/412 1098/667/412 1097/666/412
f 315/509/413 314/508/413 1099/670/413 1098/667/413
f 314/508/414 40/507/414 374/675/414 1099/670/414
f 1099/670/415 374/675/415 375/676/415 1102/671/415
f 1102/671/416 375/676/416 376/677/416 1105/674/416
f 1105/674/417 376/677/417 51/678/417 377/679/417
f 1104/672/418 1105/674/418 377/679/418 378/680/418
f 1103/673/419 1104/672/419 378/680/419 379/681/419
f 370/661/420 1103/673/420 379/681/420 50/662/420
f 369/660/421 1100/669/421 1103/673/421 370/661/421
f 368/659/422 1097/666/422 1100/669/422 369/660/422
f 1106/682/423 1107/683/423 1110/684/423 1109/685/423
f 1107/683/424 1108/686/424 1111/687/424 1110/684/424
f 1109/685/425 1110/684/425 1113/688/425 1112/689/425
f 1110/684/426 1111/687/426 1114/690/426 1113/688/426
f 40/507/427 322/526/427 1106/682/427 374/675/427
f 322/526/428 321/525/428 1107/683/428 1106/682/428
f 321/525/429 320/524/429 1108/686/429 1107/683/429
f 320/524/430 41/523/430 380/691/430 1108/686/430
f 1108/686/431 380/691/431 381/692/431 1111/687/431
f 1111/687/432 381/692/432 382/693/432 1114/690/432
f 1114/690/433 382/693/433 52/694/433 383/695/433
f 1113/688/434 1114/690/434 383/695/434 384/696/434
f 1112/689/435 1113/688/435 384/696/435 385/697/435
f 376/677/436 1112/689/436 385/697/436 51/678/436
f 375/676/437 1109/685/437 1112/689/437 376/677/437
f 374/675/438 1106/682/438 1109/685/438 375/676/438
f 1115/698/439 1116/699/439 1119/700/439 1118/701/439
f 1116/699/440 1117/702/440 1120/703/440 1119/700/440
f 1118/701/441 1119/700/441 1122/704/441 1121/705/441
f 1119/700/442 1120/703/442 1123/706/442 1122/704/442
f 41/523/443 328/542/443 1115/698/443 380/691/443
f 328/542/444 327/541/444 1116/699/444 1115/698/444
f 327/541/445 326/540/445 1117/702/445 1116/699/445
f 326/540/446 42/539/446 386/707/446 1117/702/446
f 1117/702/447 386/707/447 387/708/447 1120/703/447
f 1120/703/448 387/708/448 388/709/448 1123/706/448
f 1123/706/449 388/709/449 53/710/449 389/711/449
f 1122/704/450 1123/706/450 389/711/450 390/712/450
f 1121/705/451 1122/704/451 390/712/451 391/713/451
f 382/693/452 1121/705/452 391/713/452 52/694/452
f 381/692/453 1118/701/453 1121/705/453 382/693/453
f 380/691/454 1115/698/454 1118/701/454 381/692/454
f 1124/714/455 1125/715/455 1128/716/455 1127/717/455
f 1125/715/456 1126/718/456 1129/719/456 1128/716/456
f 1127/717/457 1128/716/457 1131/720/457 1130/721/457
f 1128/716/458 1129/719/458 1132/722/458 1131/720/458
f 42/539/459 334/558/459 1124/714/459 386/707/459
f 334/558/460 333/557/460 1125/715/460 1124/714/460
f 333/557/461 332/556/461 1126/718/461 1125/715/461
f 332/556/462 43/555/462 392/723/462 1126/718/462
f 1126/718/463 392/723/463 393/724/463 1129/719/463
f 1129/719/464 393/724/464 394/725/464 1132/722/464
f 1132/722/465 394/725/465 54/726/465 395/727/465
f 1131/720/466 1132/722/466 395/727/466 396/728/466
f 1130/721/467 1131/720/467 396/728/467 397/729/467
f 388/709/468 1130/721/468 397/729/468 53/710/468
f 387/708/469 1127/717/469 1130/721/469 388/709/469
f 386/707/470 1124/714/470 1127/717/470 387/708/470
f 1133/730/471 1134/731/471 1137/732/471 1136/733/471
f 1134/731/472 1135/734/472 1138/735/472 1137/732/472
f 1136/733/473 1137/732/473 1140/736/473 1139/737/473
f 1137/732/474 1138/735/474 1141/738/474 1140/736/474
f 43/555/475 340/575/475 1133/730/475 392/739/475
f 340/575/476 339/574/476 1134/731/476 1133/730/476
f 339/574/477 338/573/477 1135/734/477 1134/731/477
f 338/573/194 44/572/194 398/740/194 1135/734/194
f 1135/734/478 398/740/478 399/741/478 1138/735/478
f 1138/735/479 399/741/479 400/742/479 1141/738/479
f 1141/738/480 400/742/480 55/743/480 401/744/480
f 1140/736/481 1141/738/481 401/744/481 402/745/481
f 1139/737/482 1140/736/482 402/745/482 403/746/482
f 394/747/483 1139/737/483 403/746/483 54/748/483
f 393/749/484 1136/733/484 1139/737/484 394/747/484
f 392/739/485 1133/730/485 1136/733/485 393/749/485
f 1142/750/486 1143/751/486 1146/752/486 1145/753/486
f 1143/751/487 1144/754/487 1147/755/487 1146/752/487
f 1145/753/488 1146/752/488 1149/756/488 1148/757/488
f 1146/752/489 1147/755/489 1150/758/489 1149/756/489
f 45/596/490 349/594/490 1142/750/490 406/759/490
f 349/594/491 348/593/491 1143/751/491 1142/750/491
f 348/593/492 347/592/492 1144/754/492 1143/751/492
f 347/592/493 46/591/493 407/760/493 1144/754/493
f 1144/754/494 407/760/494 408/761/494 1147/755/494
f 1147/755/495 408/761/495 409/762/495 1150/758/495
f 1150/758/496 409/762/496 57/763/496 410/764/496
f 1149/756/497 1150/758/497 410/764/497 411/765/497
f 1148/757/498 1149/756/498 411/765/498 412/766/498
f 404/767/499 1148/757/499 412/766/499 56/768/499
f 405/769/499 1145/753/499 1148/757/499 404/767/499
f 406/759/500 1142/750/500 1145/753/500 405/769/500
f 1151/770/501 1152/771/501 1155/772/501 1154/773/501
f 1152/771/502 1153/774/502 1156/775/502 1155/772/502
f 1154/773/503 1155/772/503 1158/776/503 1157/777/503
f 1155/772/504 1156/775/504 1159/778/504 1158/776/504
f 46/616/505 355/614/505 1151/770/505 407/779/505
f 355/614/506 354/613/506 1152/771/506 1151/770/506
f 354/613/507 353/612/507 1153/774/507 1152/771/507
f 353/612/508 47/611/508 413/780/508 1153/774/508
f 1153/774/509 413/780/509 414/781/509 1156/775/509
f 1156/775/510 414/781/510 415/782/510 1159/778/510
f 1159/778/511 415/782/511 58/783/511 416/784/511
f 1158/776/512 1159/778/512 416/784/512 417/785/512
f 1157/777/513 1158/776/513 417/785/513 418/786/513
f 409/787/514 1157/777/514 418/786/514 57/788/514
f 408/789/515 1154/773/515 1157/777/515 409/787/515
f 407/779/516 1151/770/516 1154/773/516 408/789/516
f 1160/790/517 1161/791/517 1164/792/517 1163/793/517
f 1161/791/518 1162/794/518 1165/795/518 1164/792/518
f 1163/793/519 1164/792/519 1167/796/519 1166/797/519
f 1164/792/520 1165/795/520 1168/798/520 1167/796/520
f 47/611/521 361/633/521 1160/790/521 413/780/521
f 361/633/522 360/632/522 1161/791/522 1160/790/522
f 360/632/523 359/631/523 1162/794/523 1161/791/523
f 359/631/524 48/630/524 419/799/524 1162/794/524
f 1162/794/525 419/799/525 420/800/525 1165/795/525
f 1165/795/526 420/800/526 421/801/526 1168/798/526
f 1168/798/527 421/801/527 59/802/527 422/803/527
f 1167/796/528 1168/798/528 422/803/528 423/804/528
f 1166/797/529 1167/796/529 423/804/529 424/805/529
f 415/782/530 1166/797/530 424/805/530 58/783/530
f 414/781/531 1163/793/531 1166/797/531 415/782/531
f 413/780/532 1160/790/532 1163/793/532 414/781/532
f 1169/806/533 1170/807/533 1173/808/533 1172/809/533
f 1170/807/534 1171/810/534 1174/811/534 1173/808/534
f 1172/809/535 1173/808/535 1176/812/535 1175/813/535
f 1173/808/536 1174/811/536 1177/814/536 1176/812/536
f 48/630/537 367/649/537 1169/806/537 419/799/537
f 367/649/538 366/648/538 1170/807/538 1169/806/538
f 366/648/539 365/647/539 1171/810/539 1170/807/539
f 365/647/540 49/646/540 425/815/540 1171/810/540
f 1171/810/541 425/815/541 426/816/541 1174/811/541
f 1174/811/542 426/816/542 427/817/542 1177/814/542
f 1177/814/543 427/817/543 60/818/543 428/819/543
f 1176/812/544 1177/814/544 428/819/544 429/820/544
f 1175/813/545 1176/812/545 429/820/545 430/821/545
f 421/801/546 1175/813/546 430/821/546 59/802/546
f 420/800/547 1172/809/547 1175/813/547 421/801/547
f 419/799/548 1169/806/548 1172/809/548 420/800/548
f 1178/822/549 1179/823/549 1182/824/549 1181/825/549
f 1179/823/550 1180/826/550 1183/827/550 1182/824/550
f 1181/825/551 1182/824/551 1185/828/551 1184/829/551
f 1182/824/552 1183/827/552 1186/830/552 1185/828/552
f 49/646/553 373/665/553 1178/822/553 425/815/553
f 373/665/554 372/664/554 1179/823/554 1178/822/554
f 372/664/555 371/663/555 1180/826/555 1179/823/555
f 371/663/556 50/662/556 431/831/556 1180/826/556
f 1180/826/557 431/831/557 432/832/557 1183/827/557
f 1183/827/558 432/832/558 433/833/558 1186/830/558
f 1186/830/559 433/833/559 61/834/559 434/835/559
f 1185/828/560 1186/830/560 434/835/560 435/836/560
f 1184/829/561 1185/828/561 435/836/561 436/837/561
f 427/817/562 1184/829/562 436/837/562 60/818/562
f 426/816/563 1181/825/563 1184/829/563 427/817/563
f 425/815/564 1178/822/564 1181/825/564 426/816/564
f 1187/838/565 1188/839/565 1191/840/565 1190/841/565
f 1188/839/566 1189/842/566 1192/843/566 1191/840/566
f 1190/841/567 1191/840/567 1194/844/567 1193/845/567
f 1191/840/568 1192/843/568 1195/846/568 1194/844/568
f 50/662/569 379/681/569 1187/838/569 431/831/569
f 379/681/570 378/680/570 1188/839/570 1187/838/570
f 378/680/571 377/679/571 1189/842/571 1188/839/571
f 377/679/572 51/678/572 437/847/572 1189/842/572
f 1189/842/573 437/847/573 438/848/573 1192/843/573
f 1192/843/574 438/848/574 439/849/574 1195/846/574
f 1195/846/575 439/849/575 62/850/575 440/851/575
f 1194/844/576 1195/846/576 440/851/576 441/852/576
f 1193/845/577 1194/844/577 441/852/577 442/853/577
f 433/833/578 1193/845/578 442/853/578 61/834/578
f 432/832/579 1190/841/579 1193/845/579 433/833/579
f 431/831/580 1187/838/580 1190/841/580 432/832/580
f 1196/854/581 1197/855/581 1200/856/581 1199/857/581
f 1197/855/582 1198/858/582 1201/859/582 1200/856/582
f 1199/857/583 1200/856/583 1203/860/583 1202/861/583
f 1200/856/584 1201/859/584 1204/862/584 1203/860/584
f 51/678/585 385/697/585 1196/854/585 437/847/585
f 385/697/586 384/696/586 1197/855/586 1196/854/586
f 384/696/587 383/695/587 1198/858/587 1197/855/587
f 383/695/588 52/694/588 443/863/588 1198/858/588
f 1198/858/589 443/863/589 444/864/589 1201/859/589
f 1201/859/590 444/864/590 445/865/590 1204/862/590
f 1204/862/591 445/865/591 63/866/591 446/867/591
f 1203/860/592 1204/862/592 446/867/592 447/868/592
f 1202/861/593 1203/860/593 447/868/593 448/869/593
f 439/849/594 1202/861/594 448/869/594 62/850/594
f 438/848/595 1199/857/595 1202/861/595 439/849/595
f 437/847/596 1196/854/596 1199/857/596 438/848/596
f 1205/870/597 1206/871/597 1209/872/597 1208/873/597
f 1206/871/598 1207/874/598 1210/875/598 1209/872/598
f 1208/873/599 1209/872/599 1212/876/599 1211/877/599
f 1209/872/600 1210/875/600 1213/878/600 1212/876/600
f 52/694/601 391/713/601 1205/870/601 443/863/601
f 391/713/602 390/712/602 1206/871/602 1205/870/602
f 390/712/603 389/711/603 1207/874/603 1206/871/603
f 389/711/604 53/710/604 449/879/604 1207/874/604
f 1207/874/605 449/879/605 450/880/605 1210/875/605
f 1210/875/606 450/880/606 451/881/606 1213/878/606
f 1213/878/607 451/881/607 64/882/607 452/883/607
f 1212/876/608 1213/878/608 452/883/608 453/884/608
f 1211/877/609 1212/876/609 453/884/609 454/885/609
f 445/865/610 1211/877/610 454/885/610 63/866/610
f 444/864/611 1208/873/611 1211/877/611 445/865/611
f 443/863/612 1205/870/612 1208/873/612 444/864/612
f 1214/886/613 1215/887/613 1218/888/613 1217/889/613
f 1215/887/614 1216/890/614 1219/891/614 1218/888/614
f 1217/889/615 1218/888/615 1221/892/615 1220/893/615
f 1218/888/616 1219/891/616 1222/894/616 1221/892/616
f 53/710/617 397/729/617 1214/886/617 449/879/617
f 397/729/618 396/728/618 1215/887/618 1214/886/618
f 396/728/619 395/727/619 1216/890/619 1215/887/619
f 395/727/620 54/726/620 455/895/620 1216/890/620
f 1216/890/621 455/895/621 456/896/621 1219/891/621
f 1219/891/622 456/896/622 457/897/622 1222/894/622
f 1222/894/623 457/897/623 65/898/623 458/899/623
f 1221/892/624 1222/894/624 458/899/624 459/900/624
f 1220/893/625 1221/892/625 459/900/625 460/901/625
f 451/881/626 1220/893/626 460/901/626 64/882/626
f 450/880/627 1217/889/627 1220/893/627 451/881/627
f 449/879/628 1214/886/628 1217/889/628 450/880/628
f 1223/902/629 1224/903/629 1227/904/629 1226/905/629
f 1224/903/630 1225/906/630 1228/907/630 1227/904/630
f 1226/905/631 1227/904/631 1230/908/631 1229/909/631
f 1227/904/632 1228/907/632 1231/910/632 1230/908/632
f 54/748/633 403/746/633 1223/902/633 455/911/633
f 403/746/634 402/745/634 1224/903/634 1223/902/634
f 402/745/635 401/744/635 1225/906/635 1224/903/635
f 401/744/636 55/743/636 461/912/636 1225/906/636
f 1225/906/637 461/912/637 462/913/637 1228/907/637
f 1228/907/638 462/913/638 463/914/638 1231/910/638
f 1231/910/638 463/914/638 66/915/638 464/916/638
f 1230/908/639 1231/910/639 464/916/639 465/917/639
f 1229/909/640 1230/908/640 465/917/640 466/918/640
f 457/919/641 1229/909/641 466/918/641 65/920/641
f 456/921/642 1226/905/642 1229/909/642 457/919/642
f 455/911/643 1223/902/643 1226/905/643 456/921/643
f 1232/922/644 1233/923/644 1236/924/644 1235/925/644
f 1233/923/645 1234/926/645 1237/927/645 1236/924/645
f 1235/925/646 1236/924/646 1239/928/646 1238/929/646
f 1236/924/647 1237/927/647 1240/930/647 1239/928/647
f 56/768/499 412/766/499 1232/922/499 469/931/499
f 412/766/648 411/765/648 1233/923/648 1232/922/648
f 411/765/649 410/764/649 1234/926/649 1233/923/649
f 410/764/650 57/763/650 470/932/650 1234/926/650
f 1234/926/651 470/932/651 471/933/651 1237/927/651
f 1237/927/652 471/933/652 472/934/652 1240/930/652
f 1240/930/653 472/934/653 68/935/653 473/936/653
f 1239/928/654 1240/930/654 473/936/654 474/937/654
f 1238/929/655 1239/928/655 474/937/655 475/938/655
f 467/939/656 1238/929/656 475/938/656 67/940/656
f 468/941/657 1235/925/657 1238/929/657 467/939/657
f 469/931/499 1232/922/499 1235/925/499 468/941/499
f 1241/942/658 1242/943/658 1245/944/658 1244/945/658
f 1242/943/659 1243/946/659 1246/947/659 1245/944/659
f 1244/945/660 1245/944/660 1248/948/660 1247/949/660
f 1245/944/661 1246/947/661 1249/950/661 1248/948/661
f 57/788/662 418/786/662 1241/942/662 470/951/662
f 418/786/663 417/785/663 1242/943/663 1241/942/663
f 417/785/664 416/784/664 1243/946/664 1242/943/664
f 416/784/665 58/783/665 476/952/665 1243/946/665
f 1243/946/666 476/952/666 477/953/666 1246/947/666
f 1246/947/667 477/953/667 478/954/667 1249/950/667
f 1249/950/668 478/954/668 69/955/668 479/956/668
f 1248/948/669 1249/950/669 479/956/669 480/957/669
f 1247/949/670 1248/948/670 480/957/670 481/958/670
f 472/959/671 1247/949/671 481/958/671 68/960/671
f 471/961/672 1244/945/672 1247/949/672 472/959/672
f 470/951/673 1241/942/673 1244/945/673 471/961/673
f 1250/962/674 1251/963/674 1254/964/674 1253/965/674
f 1251/963/675 1252/966/675 1255/967/675 1254/964/675
f 1253/965/676 1254/964/676 1257/968/676 1256/969/676
f 1254/964/677 1255/967/677 1258/970/677 1257/968/677
f 58/783/678 424/805/678 1250/962/678 476/952/678
f 424/805/679 423/804/679 1251/963/679 1250/962/679
f 423/804/680 422/803/680 1252/966/680 1251/963/680
f 422/803/681 59/802/681 482/971/681 1252/966/681
f 1252/966/682 482/971/682 483/972/682 1255/967/682
f 1255/967/683 483/972/683 484/973/683 1258/970/683
f 1258/970/684 484/973/684 70/974/684 485/975/684
f 1257/968/685 1258/970/685 485/975/685 486/976/685
f 1256/969/686 1257/968/686 486/976/686 487/977/686
f 478/954/687 1256/969/687 487/977/687 69/955/687
f 477/953/688 1253/965/688 1256/969/688 478/954/688
f 476/952/689 1250/962/689 1253/965/689 477/953/689
f 1259/978/690 1260/979/690 1263/980/690 1262/981/690
f 1260/979/691 1261/982/691 1264/983/691 1263/980/691
f 1262/981/692 1263/980/692 1266/984/692 1265/985/692
f 1263/980/693 1264/983/693 1267/986/693 1266/984/693
f 59/802/694 430/821/694 1259/978/694 482/971/694
f 430/821/695 429/820/695 1260/979/695 1259/978/695
f 429/820/696 428/819/696 1261/982/696 1260/979/696
f 428/819/697 60/818/697 488/987/697 1261/982/697
f 1261/982/698 488/987/698 489/988/698 1264/983/698
f 1264/983/699 489/988/699 490/989/699 1267/986/699
f 1267/986/700 490/989/700 71/990/700 491/991/700
f 1266/984/701 1267/986/701 491/991/701 492/992/701
f 1265/985/702 1266/984/702 492/992/702 493/993/702
f 484/973/703 1265/985/703 493/993/703 70/974/703
f 483/972/704 1262/981/704 1265/985/704 484/973/704
f 482/971/705 1259/978/705 1262/981/705 483/972/705
f 1268/994/706 1269/995/706 1272/996/706 1271/997/706
f 1269/995/707 1270/998/707 1273/999/707 1272/996/707
f 1271/997/708 1272/996/708 1275/1000/708 1274/1001/708
f 1272/996/709 1273/999/709 1276/1002/709 1275/1000/709
f 60/818/710 436/837/710 1268/994/710 488/987/710
f 436/837/711 435/836/711 1269/995/711 1268/994/711
f 435/836/712 434/835/712 1270/998/712 1269/995/712
f 434/835/713 61/834/713 494/1003/713 1270/998/713
f 1270/998/714 494/1003/714 495/1004/714 1273/999/714
f 1273/999/715 495/1004/715 496/1005/715 1276/1002/715
f 1276/1002/716 496/1005/716 72/1006/716 497/1007/716
f 1275/1000/717 1276/1002/717 497/1007/717 498/1008/717
f 1274/1001/718 1275/1000/718 498/1008/718 499/1009/718
f 490/989/719 1274/1001/719 499/1009/719 71/990/719
f 489/988/720 1271/997/720 1274/1001/720 490/989/720
f 488/987/721 1268/994/721 1271/997/721 489/988/721
f 1277/1010/722 1278/1011/722 1281/1012/722 1280/1013/722
f 1278/1011/723 1279/1014/723 1282/1015/723 1281/1012/723
f 1280/1013/724 1281/1012/724 1284/1016/724 1283/1017/724
f 1281/1012/725 1282/1015/725 1285/1018/725 1284/1016/725
f 61/834/726 442/853/726 1277/1010/726 494/1003/726
f 442/853/727 441/852/727 1278/1011/727 1277/1010/727
f 441/852/728 440/851/728 1279/1014/728 1278/1011/728
f 440/851/729 62/850/729 500/1019/729 1279/1014/729
f 1279/1014/730 500/1019/730 501/1020/730 1282/1015/730
f 1282/1015/731 501/1020/731 502/1021/731 1285/1018/731
f 1285/1018/732 502/1021/732 73/1022/732 503/1023/732
f 1284/1016/733 1285/1018/733 503/1023/733 504/1024/733
f 1283/1017/734 1284/1016/734 504/1024/734 505/1025/734
f 496/1005/735 1283/1017/735 505/1025/735 72/1006/735
f 495/1004/736 1280/1013/736 1283/1017/736 496/1005/736
f 494/1003/737 1277/1010/737 1280/1013/737 495/1004/737
f 1286/1026/738 1287/1027/738 1290/1028/738 1289/1029/738
f 1287/1027/739 1288/1030/739 1291/1031/739 1290/1028/739
f 1289/1029/740 1290/1028/740 1293/1032/740 1292/1033/740
f 1290/1028/741 1291/1031/741 1294/1034/741 1293/1032/741
f 62/850/742 448/869/742 1286/1026/742 500/1019/742
f 448/869/743 447/868/743 1287/1027/743 1286/1026/743
f 447/868/744 446/867/744 1288/1030/744 1287/1027/744
f 446/867/745 63/866/745 506/1035/745 1288/1030/745
f 1288/1030/746 506/1035/746 507/1036/746 1291/1031/746
f 1291/1031/747 507/1036/747 508/1037/747 1294/1034/747
f 1294/1034/748 508/1037/748 74/1038/748 509/1039/748
f 1293/1032/749 1294/1034/749 509/1039/749 510/1040/749
f 1292/1033/750 1293/1032/750 510/1040/750 511/1041/750
f 502/1021/751 1292/1033/751 511/1041/751 73/1022/751
f 501/1020/752 1289/1029/752 1292/1033/752 502/1021/752
f 500/1019/753 1286/1026/753 1289/1029/753 501/1020/753
f 1295/1042/754 1296/1043/754 1299/1044/754 1298/1045/754
f 1296/1043/755 1297/1046/755 1300/1047/755 1299/1044/755
f 1298/1045/756 1299/1044/756 1302/1048/756 1301/1049/756
f 1299/1044/757 1300/1047/757 1303/1050/757 1302/1048/757
f 63/866/758 454/885/758 1295/1042/758 506/1035/758
f 454/885/759 453/884/759 1296/1043/759 1295/1042/759
f 453/884/760 452/883/760 1297/1046/760 1296/1043/760
f 452/883/761 64/882/761 512/1051/761 1297/1046/761
f 1297/1046/762 512/1051/762 513/1052/762 1300/1047/762
f 1300/1047/763 513/1052/763 514/1053/763 1303/1050/763
f 1303/1050/764 514/1053/764 75/1054/764 515/1055/764
f 1302/1048/765 1303/1050/765 515/1055/765 516/1056/765
f 1301/1049/766 1302/1048/766 516/1056/766 517/1057/766
f 508/1037/767 1301/1049/767 517/1057/767 74/1038/767
f 507/1036/768 1298/1045/768 1301/1049/768 508/1037/768
f 506/1035/769 1295/1042/769 1298/1045/769 507/1036/769
f 1304/1058/770 1305/1059/770 1308/1060/770 1307/1061/770
f 1305/1059/771 1306/1062/771 1309/1063/771 1308/1060/771
f 1307/1061/772 1308/1060/772 1311/1064/772 1310/1065/772
f 1308/1060/773 1309/1063/773 1312/1066/773 1311/1064/773
f 64/882/774 460/901/774 1304/1058/774 512/1051/774
f 460/901/775 459/900/775 1305/1059/775 1304/1058/775
f 459/900/776 458/899/776 1306/1062/776 1305/1059/776
f 458/899/777 65/898/777 518/1067/777 1306/1062/777
f 1306/1062/778 518/1067/778 519/1068/778 1309/1063/778
f 1309/1063/779 519/1068/779 520/1069/779 1312/1066/779
f 1312/1066/780 520/1069/780 76/1070/780 521/1071/780
f 1311/1064/781 1312/1066/781 521/1071/781 522/1072/781
f 1310/1065/782 1311/1064/782 522/1072/782 523/1073/782
f 514/1053/783 1310/1065/783 523/1073/783 75/1054/783
f 513/1052/784 1307/1061/784 1310/1065/784 514/1053/784
f 512/1051/785 1304/1058/785 1307/1061/785 513/1052/785
f 1313/1074/786 1314/1075/786 1317/1076/786 1316/1077/786
f 1314/1075/787 1315/1078/787 1318/1079/787 1317/1076/787
f 1316/1077/788 1317/1076/788 1320/1080/788 1319/1081/788
f 1317/1076/789 1318/1079/789 1321/1082/789 1320/1080/789
f 65/920/790 466/918/790 1313/1074/790 518/1083/790
f 466/918/791 465/917/791 1314/1075/791 1313/1074/791
f 465/917/792 464/916/792 1315/1078/792 1314/1075/792
f 464/916/638 66/915/638 524/1084/638 1315/1078/638
f 1315/1078/638 524/1084/638 525/1085/638 1318/1079/638
f 1318/1079/793 525/1085/793 526/1086/793 1321/1082/793
f 1321/1082/794 526/1086/794 77/1087/794 527/1088/794
f 1320/1080/795 1321/1082/795 527/1088/795 528/1089/795
f 1319/1081/796 1320/1080/796 528/1089/796 529/1090/796
f 520/1091/797 1319/1081/797 529/1090/797 76/1092/797
f 519/1093/798 1316/1077/798 1319/1081/798 520/1091/798
f 518/1083/799 1313/1074/799 1316/1077/799 519/1093/799
f 1322/1094/800 1323/1095/800 1326/1096/800 1325/1097/800
f 1323/1095/801 1324/1098/801 1327/1099/801 1326/1096/801
f 1325/1097/802 1326/1096/802 1329/1100/802 1328/1101/802
f 1326/1096/803 1327/1099/803 1330/1102/803 1329/1100/803
f 67/940/804 475/938/804 1322/1094/804 532/1103/804
f 475/938/805 474/937/805 1323/1095/805 1322/1094/805
f 474/937/806 473/936/806 1324/1098/806 1323/1095/806
f 473/936/807 68/935/807 533/1104/807 1324/1098/807
f 1324/1098/808 533/1104/808 534/1105/808 1327/1099/808
f 1327/1099/809 534/1105/809 535/1106/809 1330/1102/809
f 1330/1102/810 535/1106/810 79/1107/810 536/1108/810
f 1329/1100/811 1330/1102/811 536/1108/811 537/1109/811
f 1328/1101/812 1329/1100/812 537/1109/812 538/1110/812
f 530/1111/813 1328/1101/813 538/1110/813 78/1112/813
f 531/1113/814 1325/1097/814 1328/1101/814 530/1111/814
f 532/1103/815 1322/1094/815 1325/1097/815 531/1113/815
f 1331/1114/816 1332/1115/816 1335/1116/816 1334/1117/816
f 1332/1115/817 1333/1118/817 1336/1119/817 1335/1116/817
f 1334/1117/818 1335/1116/818 1338/1120/818 1337/1121/818
f 1335/1116/819 1336/1119/819 1339/1122/819 1338/1120/819
f 68/960/820 481/958/820 1331/1114/820 533/1123/820
f 481/958/821 480/957/821 1332/1115/821 1331/1114/821
f 480/957/822 479/956/822 1333/1118/822 1332/1115/822
f 479/956/823 69/955/823 539/1124/823 1333/1118/823
f 1333/1118/824 539/1124/824 540/1125/824 1336/1119/824
f 1336/1119/825 540/1125/825 541/1126/825 1339/1122/825
f 1339/1122/826 541/1126/826 80/1127/826 542/1128/826
f 1338/1120/827 1339/1122/827 542/1128/827 543/1129/827
f 1337/1121/828 1338/1120/828 543/1129/828 544/1130/828
f 535/1131/829 1337/1121/829 544/1130/829 79/1132/829
f 534/1133/830 1334/1117/830 1337/1121/830 535/1131/830
f 533/1123/831 1331/1114/831 1334/1117/831 534/1133/831
f 1340/1134/832 1341/1135/832 1344/1136/832 1343/1137/832
f 1341/1135/833 1342/1138/833 1345/1139/833 1344/1136/833
f 1343/1137/834 1344/1136/834 1347/1140/834 1346/1141/834
f 1344/1136/835 1345/1139/835 1348/1142/835 1347/1140/835
f 69/955/836 487/977/836 1340/1134/836 539/1124/836
f 487/977/837 486/976/837 1341/1135/837 1340/1134/837
f 486/976/838 485/975/838 1342/1138/838 1341/1135/838
f 485/975/839 70/974/839 545/1143/839 1342/1138/839
f 1342/1138/840 545/1143/840 546/1144/840 1345/1139/840
f 1345/1139/841 546/1144/841 547/1145/841 1348/1142/841
f 1348/1142/842 547/1145/842 81/1146/842 548/1147/842
f 1347/1140/843 1348/1142/843 548/1147/843 549/1148/843
f 1346/1141/844 1347/1140/844 549/1148/844 550/1149/844
f 541/1126/845 1346/1141/845 550/1149/845 80/1127/845
f 540/1125/846 1343/1137/846 1346/1141/846 541/1126/846
f 539/1124/847 1340/1134/847 1343/1137/847 540/1125/847
f 1349/1150/848 1350/1151/848 1353/1152/848 1352/1153/848
f 1350/1151/849 1351/1154/849 1354/1155/849 1353/1152/849
f 1352/1153/850 1353/1152/850 1356/1156/850 1355/1157/850
f 1353/1152/851 1354/1155/851 1357/1158/851 1356/1156/851
f 70/974/852 493/993/852 1349/1150/852 545/1143/852
f 493/993/853 492/992/853 1350/1151/853 1349/1150/853
f 492/992/854 491/991/854 1351/1154/854 1350/1151/854
f 491/991/855 71/990/855 551/1159/855 1351/1154/855
f 1351/1154/856 551/1159/856 552/1160/856 1354/1155/856
f 1354/1155/857 552/1160/857 553/1161/857 1357/1158/857
f 1357/1158/858 553/1161/858 82/1162/858 554/1163/858
f 1356/1156/859 1357/1158/859 554/1163/859 555/1164/859
f 1355/1157/860 1356/1156/860 555/1164/860 556/1165/860
f 547/1145/861 1355/1157/861 556/1165/861 81/1146/861
f 546/1144/862 1352/1153/862 1355/1157/862 547/1145/862
f 545/1143/863 1349/1150/863 1352/1153/863 546/1144/863
f 1358/1166/864 1359/1167/864 1362/1168/864 1361/1169/864
f 1359/1167/865 1360/1170/865 1363/1171/865 1362/1168/865
f 1361/1169/866 1362/1168/866 1365/1172/866 1364/1173/866
f 1362/1168/867 1363/1171/867 1366/1174/867 1365/1172/867
f 71/990/868 499/1009/868 1358/1166/868 551/1159/868
f 499/1009/869 498/1008/869 1359/1167/869 1358/1166/869
f 498/1008/870 497/1007/870 1360/1170/870 1359/1167/870
f 497/1007/871 72/1006/871 557/1175/871 1360/1170/871
f 1360/1170/872 557/1175/872 558/1176/872 1363/1171/872
f 1363/1171/873 558/1176/873 559/1177/873 1366/1174/873
f 1366/1174/874 559/1177/874 83/1178/874 560/1179/874
f 1365/1172/875 1366/1174/875 560/1179/875 561/1180/875
f 1364/1173/876 1365/1172/876 561/1180/876 562/1181/876
f 553/1161/877 1364/1173/877 562/1181/877 82/1162/877
f 552/1160/878 1361/1169/878 1364/1173/878 553/1161/878
f 551/1159/879 1358/1166/879 1361/1169/879 552/1160/879
f 1367/1182/880 1368/1183/880 1371/1184/880 1370/1185/880
f 1368/1183/881 1369/1186/881 1372/1187/881 1371/1184/881
f 1370/1185/882 1371/1184/882 1374/1188/882 1373/1189/882
f 1371/1184/883 1372/1187/883 1375/1190/883 1374/1188/883
f 72/1006/884 505/1025/884 1367/1182/884 557/1175/884
f 505/1025/885 504/1024/885 1368/1183/885 1367/1182/885
f 504/1024/886 503/1023/886 1369/1186/886 1368/1183/886
f 503/1023/887 73/1022/887 563/1191/887 1369/1186/887
f 1369/1186/888 563/1191/888 564/1192/888 1372/1187/888
f 1372/1187/889 564/1192/889 565/1193/889 1375/1190/889
f 1375/1190/890 565/1193/890 84/1194/890 566/1195/890
f 1374/1188/891 1375/1190/891 566/1195/891 567/1196/891
f 1373/1189/892 1374/1188/892 567/1196/892 568/1197/892
f 559/1177/893 1373/1189/893 568/1197/893 83/1178/893
f 558/1176/894 1370/1185/894 1373/1189/894 559/1177/894
f 557/1175/895 1367/1182/895 1370/1185/895 558/1176/895
f 1376/1198/896 1377/1199/896 1380/1200/896 1379/1201/896
f 1377/1199/897 1378/1202/897 1381/1203/897 1380/1200/897
f 1379/1201/898 1380/1200/898 1383/1204/898 1382/1205/898
f 1380/1200/899 1381/1203/899 1384/1206/899 1383/1204/899
f 73/1022/900 511/1041/900 1376/1198/900 563/1191/900
f 511/1041/901 510/1040/901 1377/1199/901 1376/1198/901
f 510/1040/902 509/1039/902 1378/1202/902 1377/1199/902
f 509/1039/903 74/1038/903 569/1207/903 1378/1202/903
f 1378/1202/904 569/1207/904 570/1208/904 1381/1203/904
f 1381/1203/905 570/1208/905 571/1209/905 1384/1206/905
f 1384/1206/906 571/1209/906 85/1210/906 572/1211/906
f 1383/1204/907 1384/1206/907 572/1211/907 573/1212/907
f 1382/1205/908 1383/1204/908 573/1212/908 574/1213/908
f 565/1193/909 1382/1205/909 574/1213/909 84/1194/909
f 564/1192/910 1379/1201/910 1382/1205/910 565/1193/910
f 563/1191/911 1376/1198/911 1379/1201/911 564/1192/911
f 1385/1214/912 1386/1215/912 1389/1216/912 1388/1217/912
f 1386/1215/913 1387/1218/913 1390/1219/913 1389/1216/913
f 1388/1217/914 1389/1216/914 1392/1220/914 1391/1221/914
f 1389/1216/915 1390/1219/915 1393/1222/915 1392/1220/915
f 74/1038/916 517/1057/916 1385/1214/916 569/1207/916
f 517/1057/917 516/1056/917 1386/1215/917 1385/1214/917
f 516/1056/918 515/1055/918 1387/1218/918 1386/1215/918
f 515/1055/919 75/1054/919 575/1223/919 1387/1218/919
f 1387/1218/920 575/1223/920 576/1224/920 1390/1219/920
f 1390/1219/921 576/1224/921 577/1225/921 1393/1222/921
f 1393/1222/922 577/1225/922 86/1226/922 578/1227/922
f 1392/1220/923 1393/1222/923 578/1227/923 579/1228/923
f 1391/1221/924 1392/1220/924 579/1228/924 580/1229/924
f 571/1209/925 1391/1221/925 580/1229/925 85/1210/925
f 570/1208/926 1388/1217/926 1391/1221/926 571/1209/926
f 569/1207/927 1385/1214/927 1388/1217/927 570/1208/927
f 1394/1230/928 1395/1231/928 1398/1232/928 1397/1233/928
f 1395/1231/929 1396/1234/929 1399/1235/929 1398/1232/929
f 1397/1233/930 1398/1232/930 1401/1236/930 1400/1237/930
f 1398/1232/931 1399/1235/931 1402/1238/931 1401/1236/931
f 75/1054/932 523/1073/932 1394/1230/932 575/1223/932
f 523/1073/933 522/1072/933 1395/1231/933 1394/1230/933
f 522/1072/934 521/1071/934 1396/1234/934 1395/1231/934
f 521/1071/935 76/1070/935 581/1239/935 1396/1234/935
f 1396/1234/936 581/1239/936 582/1240/936 1399/1235/936
f 1399/1235/937 582/1240/937 583/1241/937 1402/1238/937
f 1402/1238/938 583/1241/938 87/1242/938 584/1243/938
f 1401/1236/939 1402/1238/939 584/1243/939 585/1244/939
f 1400/1237/940 1401/1236/940 585/1244/940 586/1245/940
f 577/1225/941 1400/1237/941 586/1245/941 86/1226/941
f 576/1224/942 1397/1233/942 1400/1237/942 577/1225/942
f 575/1223/943 1394/1230/943 1397/1233/943 576/1224/943
f 1403/1246/944 1404/1247/944 1407/1248/944 1406/1249/944
f 1404/1247/945 1405/1250/945 1408/1251/945 1407/1248/945
f 1406/1249/946 1407/1248/946 1410/1252/946 1409/1253/946
f 1407/1248/947 1408/1251/947 1411/1254/947 1410/1252/947
f 76/1092/948 529/1090/948 1403/1246/948 581/1255/948
f 529/1090/949 528/1089/949 1404/1247/949 1403/1246/949
f 528/1089/950 527/1088/950 1405/1250/950 1404/1247/950
f 527/1088/951 77/1087/951 587/1256/951 1405/1250/951
f 1405/1250/952 587/1256/952 588/1257/952 1408/1251/952
f 1408/1251/953 588/1257/953 589/1258/953 1411/1254/953
f 1411/1254/954 589/1258/954 88/1259/954 590/1260/954
f 1410/1252/955 1411/1254/955 590/1260/955 591/1261/955
f 1409/1253/956 1410/1252/956 591/1261/956 592/1262/956
f 583/1263/957 1409/1253/957 592/1262/957 87/1264/957
f 582/1265/958 1406/1249/958 1409/1253/958 583/1263/958
f 581/1255/959 1403/1246/959 1406/1249/959 582/1265/959
f 1412/1266/960 1413/1267/960 1416/1268/960 1415/1269/960
f 1413/1267/961 1414/1270/961 1417/1271/961 1416/1268/961
f 1415/1269/962 1416/1268/962 1419/1272/962 1418/1273/962
f 1416/1268/963 1417/1271/963 1420/1274/963 1419/1272/963
f 78/1112/12 538/1110/12 1412/1266/12 595/1275/12
f 538/1110/964 537/1109/964 1413/1267/964 1412/1266/964
f 537/1109/965 536/1108/965 1414/1270/965 1413/1267/965
f 536/1108/966 79/1107/966 596/1276/966 1414/1270/966
f 1414/1270/967 596/1276/967 597/1277/967 1417/1271/967
f 1417/1271/968 597/1277/968 598/1278/968 1420/1274/968
f 1420/1274/969 598/1278/969 90/1279/969 599/1280/969
f 1419/1272/1 1420/1274/1 599/1280/1 600/1281/1
f 1418/1273/1 1419/1272/1 600/1281/1 601/1282/1
f 593/1283/1 1418/1273/1 601/1282/1 89/1284/1
f 594/1285/1 1415/1269/1 1418/1273/1 593/1283/1
f 595/1275/1 1412/1266/1 1415/1269/1 594/1285/1
f 1421/1286/970 1422/1287/970 1425/1288/970 1424/1289/970
f 1422/1287/971 1423/1290/971 1426/1291/971 1425/1288/971
f 1424/1289/972 1425/1288/972 1428/1292/972 1427/1293/972
f 1425/1288/973 1426/1291/973 1429/1294/973 1428/1292/973
f 79/1132/974 544/1130/974 1421/1286/974 596/1295/974
f 544/1130/975 543/1129/975 1422/1287/975 1421/1286/975
f 543/1129/976 542/1128/976 1423/1290/976 1422/1287/976
f 542/1128/977 80/1127/977 602/1296/977 1423/1290/977
f 1423/1290/978 602/1296/978 603/1297/978 1426/1291/978
f 1426/1291/979 603/1297/979 604/1298/979 1429/1294/979
f 1429/1294/980 604/1298/980 91/1299/980 605/1300/980
f 1428/1292/981 1429/1294/981 605/1300/981 606/1301/981
f 1427/1293/982 1428/1292/982 606/1301/982 607/1302/982
f 598/1303/983 1427/1293/983 607/1302/983 90/1304/983
f 597/1305/984 1424/1289/984 1427/1293/984 598/1303/984
f 596/1295/985 1421/1286/985 1424/1289/985 597/1305/985
f 1430/1306/986 1431/1307/986 1434/1308/986 1433/1309/986
f 1431/1307/987 1432/1310/987 1435/1311/987 1434/1308/987
f 1433/1309/988 1434/1308/988 1437/1312/988 1436/1313/988
f 1434/1308/989 1435/1311/989 1438/1314/989 1437/1312/989
f 80/1127/990 550/1149/990 1430/1306/990 602/1296/990
f 550/1149/991 549/1148/991 1431/1307/991 1430/1306/991
f 549/1148/992 548/1147/992 1432/1310/992 1431/1307/992
f 548/1147/993 81/1146/993 608/1315/993 1432/1310/993
f 1432/1310/994 608/1315/994 609/1316/994 1435/1311/994
f 1435/1311/995 609/1316/995 610/1317/995 1438/1314/995
f 1438/1314/996 610/1317/996 92/1318/996 611/1319/996
f 1437/1312/997 1438/1314/997 611/1319/997 612/1320/997
f 1436/1313/998 1437/1312/998 612/1320/998 613/1321/998
f 604/1298/999 1436/1313/999 613/1321/999 91/1299/999
f 603/1297/1000 1433/1309/1000 1436/1313/1000 604/1298/1000
f 602/1296/1001 1430/1306/1001 1433/1309/1001 603/1297/1001
f 1439/1322/1002 1440/1323/1002 1443/1324/1002 1442/1325/1002
f 1440/1323/1003 1441/1326/1003 1444/1327/1003 1443/1324/1003
f 1442/1325/1004 1443/1324/1004 1446/1328/1004 1445/1329/1004
f 1443/1324/1005 1444/1327/1005 1447/1330/1005 1446/1328/1005
f 81/1146/1006 556/1165/1006 1439/1322/1006 608/1315/1006
f 556/1165/1007 555/1164/1007 1440/1323/1007 1439/1322/1007
f 555/1164/1008 554/1163/1008 1441/1326/1008 1440/1323/1008
f 554/1163/1009 82/1162/1009 614/1331/1009 1441/1326/1009
f 1441/1326/1010 614/1331/1010 615/1332/1010 1444/1327/1010
f 1444/1327/1011 615/1332/1011 616/1333/1011 1447/1330/1011
f 1447/1330/1012 616/1333/1012 93/1334/1012 617/1335/1012
f 1446/1328/1013 1447/1330/1013 617/1335/1013 618/1336/1013
f 1445/1329/1014 1446/1328/1014 618/1336/1014 619/1337/1014
f 610/1317/1015 1445/1329/1015 619/1337/1015 92/1318/1015
f 609/1316/1016 1442/1325/1016 1445/1329/1016 610/1317/1016
f 608/1315/1017 1439/1322/1017 1442/1325/1017 609/1316/1017
f 1448/1338/1018 1449/1339/1018 1452/1340/1018 1451/1341/1018
f 1449/1339/1019 1450/1342/1019 1453/1343/1019 1452/1340/1019
f 1451/1341/1020 1452/1340/1020 1455/1344/1020 1454/1345/1020
f 1452/1340/1021 1453/1343/1021 1456/1346/1021 1455/1344/1021
f 82/1162/1022 562/1181/1022 1448/1338/1022 614/1331/1022
f 562/1181/1023 561/1180/1023 1449/1339/1023 1448/1338/1023
f 561/1180/1024 560/1179/1024 1450/1342/1024 1449/1339/1024
f 560/1179/1025 83/1178/1025 620/1347/1025 1450/1342/1025
f 1450/1342/1026 620/1347/1026 621/1348/1026 1453/1343/1026
f 1453/1343/1027 621/1348/1027 622/1349/1027 1456/1346/1027
f 1456/1346/1028 622/1349/1028 94/1350/1028 623/1351/1028
f 1455/1344/1029 1456/1346/1029 623/1351/1029 624/1352/1029
f 1454/1345/1030 1455/1344/1030 624/1352/1030 625/1353/1030
f 616/1333/1031 1454/1345/1031 625/1353/1031 93/1334/1031
f 615/1332/1032 1451/1341/1032 1454/1345/1032 616/1333/1032
f 614/1331/1033 1448/1338/1033 1451/1341/1033 615/1332/1033
f 1457/1354/1034 1458/1355/1034 1461/1356/1034 1460/1357/1034
f 1458/1355/1035 1459/1358/1035 1462/1359/1035 1461/1356/1035
f 1460/1357/1036 1461/1356/1036 1464/1360/1036 1463/1361/1036
f 1461/1356/1037 1462/1359/1037 1465/1362/1037 1464/1360/1037
f 83/1178/1038 568/1197/1038 1457/1354/1038 620/1347/1038
f 568/1197/1039 567/1196/1039 1458/1355/1039 1457/1354/1039
f 567/1196/1040 566/1195/1040 1459/1358/1040 1458/1355/1040
f 566/1195/1041 84/1194/1041 626/1363/1041 1459/1358/1041
f 1459/1358/1042 626/1363/1042 627/1364/1042 1462/1359/1042
f 1462/1359/1043 627/1364/1043 628/1365/1043 1465/1362/1043
f 1465/1362/1044 628/1365/1044 95/1366/1044 629/1367/1044
f 1464/1360/1045 1465/1362/1045 629/1367/1045 630/1368/1045
f 1463/1361/1046 1464/1360/1046 630/1368/1046 631/1369/1046
f 622/1349/1047 1463/1361/1047 631/1369/1047 94/1350/1047
f 621/1348/1048 1460/1357/1048 1463/1361/1048 622/1349/1048
f 620/1347/1049 1457/1354/1049 1460/1357/1049 621/1348/1049
f 1466/1370/1050 1467/1371/1050 1470/1372/1050 1469/1373/1050
f 1467/1371/1051 1468/1374/1051 1471/1375/1051 1470/1372/1051
f 1469/1373/1052 1470/1372/1052 1473/1376/1052 1472/1377/1052
f 1470/1372/1053 1471/1375/1053 1474/1378/1053 1473/1376/1053
f 84/1194/1054 574/1213/1054 1466/1370/1054 626/1363/1054
f 574/1213/1055 573/1212/1055 1467/1371/1055 1466/1370/1055
f 573/1212/1056 572/1211/1056 1468/1374/1056 1467/1371/1056
f 572/1211/1057 85/1210/1057 632/1379/1057 1468/1374/1057
f 1468/1374/1058 632/1379/1058 633/1380/1058 1471/1375/1058
f 1471/1375/1059 633/1380/1059 634/1381/1059 1474/1378/1059
f 1474/1378/1060 634/1381/1060 96/1382/1060 635/1383/1060
f 1473/1376/1061 1474/1378/1061 635/1383/1061 636/1384/1061
f 1472/1377/1062 1473/1376/1062 636/1384/1062 637/1385/1062
f 628/1365/1063 1472/1377/1063 637/1385/1063 95/1366/1063
f 627/1364/1064 1469/1373/1064 1472/1377/1064 628/1365/1064
f 626/1363/1065 1466/1370/1065 1469/1373/1065 627/1364/1065
f 1475/1386/1066 1476/1387/1066 1479/1388/1066 1478/1389/1066
f 1476/1387/1067 1477/1390/1067 1480/1391/1067 1479/1388/1067
f 1478/1389/1068 1479/1388/1068 1482/1392/1068 1481/1393/1068
f 1479/1388/1069 1480/1391/1069 1483/1394/1069 1482/1392/1069
f 85/1210/1070 580/1229/1070 1475/1386/1070 632/1379/1070
f 580/1229/1071 579/1228/1071 1476/1387/1071 1475/1386/1071
f 579/1228/1072 578/1227/1072 1477/1390/1072 1476/1387/1072
f 578/1227/1073 86/1226/1073 638/1395/1073 1477/1390/1073
f 1477/1390/1074 638/1395/1074 639/1396/1074 1480/1391/1074
f 1480/1391/1075 639/1396/1075 640/1397/1075 1483/1394/1075
f 1483/1394/1076 640/1397/1076 97/1398/1076 641/1399/1076
f 1482/1392/1077 1483/1394/1077 641/1399/1077 642/1400/1077
f 1481/1393/1078 1482/1392/1078 642/1400/1078 643/1401/1078
f 634/1381/1079 1481/1393/1079 643/1401/1079 96/1382/1079
f 633/1380/1080 1478/1389/1080 1481/1393/1080 634/1381/1080
f 632/1379/1081 1475/1386/1081 1478/1389/1081 633/1380/1081
f 1484/1402/1082 1485/1403/1082 1488/1404/1082 1487/1405/1082
f 1485/1403/1083 1486/1406/1083 1489/1407/1083 1488/1404/1083
f 1487/1405/1084 1488/1404/1084 1491/1408/1084 1490/1409/1084
f 1488/1404/1085 1489/1407/1085 1492/1410/1085 1491/1408/1085
f 86/1226/1086 586/1245/1086 1484/1402/1086 638/1395/1086
f 586/1245/1087 585/1244/1087 1485/1403/1087 1484/1402/1087
f 585/1244/1088 584/1243/1088 1486/1406/1088 1485/1403/1088
f 584/1243/1089 87/1242/1089 644/1411/1089 1486/1406/1089
f 1486/1406/1090 644/1411/1090 645/1412/1090 1489/1407/1090
f 1489/1407/1091 645/1412/1091 646/1413/1091 1492/1410/1091
f 1492/1410/1092 646/1413/1092 98/1414/1092 647/1415/1092
f 1491/1408/1093 1492/1410/1093 647/1415/1093 648/1416/1093
f 1490/1409/1094 1491/1408/1094 648/1416/1094 649/1417/1094
f 640/1397/1095 1490/1409/1095 649/1417/1095 97/1398/1095
f 639/1396/1096 1487/1405/1096 1490/1409/1096 640/1397/1096
f 638/1395/1097 1484/1402/1097 1487/1405/1097 639/1396/1097
f 1493/1418/1098 1494/1419/1098 1497/1420/1098 1496/1421/1098
f 1494/1419/1099 1495/1422/1099 1498/1423/1099 1497/1420/1099
f 1496/1421/1100 1497/1420/1100 1500/1424/1100 1499/1425/1100
f 1497/1420/1101 1498/1423/1101 1501/1426/1101 1500/1424/1101
f 87/1264/1102 592/1262/1102 1493/1418/1102 644/1427/1102
f 592/1262/1103 591/1261/1103 1494/1419/1103 1493/1418/1103
f 591/1261/1104 590/1260/1104 1495/1422/1104 1494/1419/1104
f 590/1260/78 88/1259/78 650/1428/78 1495/1422/78
f 1495/1422/1 650/1428/1 651/1429/1 1498/1423/1
f 1498/1423/1 651/1429/1 652/1430/1 1501/1426/1
f 1501/1426/1 652/1430/1 99/1431/1 653/1432/1
f 1500/1424/1 1501/1426/1 653/1432/1 654/1433/1
f 1499/1425/1 1500/1424/1 654/1433/1 655/1434/1
f 646/1435/969 1499/1425/969 655/1434/969 98/1436/969
f 645/1437/1105 1496/1421/1105 1499/1425/1105 646/1435/1105
f 644/1427/1106 1493/1418/1106 1496/1421/1106 645/1437/1106
f 1502/1438/1 1503/1439/1 1506/1440/1 1505/1441/1
f 1503/1439/1 1504/1442/1 1507/1443/1 1506/1440/1
f 1505/1441/1 1506/1440/1 1509/1444/1 1508/1445/1
f 1506/1440/1 1507/1443/1 1510/1446/1 1509/1444/1
f 89/1284/1 601/1282/1 1502/1438/1 658/1447/1
f 601/1282/1 600/1281/1 1503/1439/1 1502/1438/1
f 600/1281/1 599/1280/1 1504/1442/1 1503/1439/1
f 599/1280/1 90/1279/1 659/1448/1 1504/1442/1
f 1504/1442/1 659/1448/1 660/1449/1 1507/1443/1
f 1507/1443/1 660/1449/1 661/1450/1 1510/1446/1
f 1510/1446/1 661/1450/1 101/1451/1 662/1452/1
f 1509/1444/1 1510/1446/1 662/1452/1 663/1453/1
f 1508/1445/1 1509/1444/1 663/1453/1 664/1454/1
f 656/1455/1 1508/1445/1 664/1454/1 100/1456/1
f 657/1457/1 1505/1441/1 1508/1445/1 656/1455/1
f 658/1447/1 1502/1438/1 1505/1441/1 657/1457/1
f 1511/1458/1107 1512/1459/1107 1515/1460/1107 1514/1461/1107
f 1512/1459/1108 1513/1462/1108 1516/1463/1108 1515/1460/1108
f 1514/1461/1109 1515/1460/1109 1518/1464/1109 1517/1465/1109
f 1515/1460/1110 1516/1463/1110 1519/1466/1110 1518/1464/1110
f 90/1304/813 607/1302/813 1511/1458/813 659/1467/813
f 607/1302/1111 606/1301/1111 1512/1459/1111 1511/1458/1111
f 606/1301/1112 605/1300/1112 1513/1462/1112 1512/1459/1112
f 605/1300/1113 91/1299/1113 665/1468/1113 1513/1462/1113
f 1513/1462/1114 665/1468/1114 666/1469/1114 1516/1463/1114
f 1516/1463/1115 666/1469/1115 667/1470/1115 1519/1466/1115
f 1519/1466/1116 667/1470/1116 102/1471/1116 668/1472/1116
f 1518/1464/962 1519/1466/962 668/1472/962 669/1473/962
f 1517/1465/1 1518/1464/1 669/1473/1 670/1474/1
f 661/1475/1 1517/1465/1 670/1474/1 101/1476/1
f 660/1477/1 1514/1461/1 1517/1465/1 661/1475/1
f 659/1467/962 1511/1458/962 1514/1461/962 660/1477/962
f 1520/1478/1117 1521/1479/1117 1524/1480/1117 1523/1481/1117
f 1521/1479/1118 1522/1482/1118 1525/1483/1118 1524/1480/1118
f 1523/1481/1119 1524/1480/1119 1527/1484/1119 1526/1485/1119
f 1524/1480/1120 1525/1483/1120 1528/1486/1120 1527/1484/1120
f 91/1299/1121 613/1321/1121 1520/1478/1121 665/1468/1121
f 613/1321/1122 612/1320/1122 1521/1479/1122 1520/1478/1122
f 612/1320/1123 611/1319/1123 1522/1482/1123 1521/1479/1123
f 611/1319/1124 92/1318/1124 671/1487/1124 1522/1482/1124
f 1522/1482/1125 671/1487/1125 672/1488/1125 1525/1483/1125
f 1525/1483/1126 672/1488/1126 673/1489/1126 1528/1486/1126
f 1528/1486/1127 673/1489/1127 103/1490/1127 674/1491/1127
f 1527/1484/1128 1528/1486/1128 674/1491/1128 675/1492/1128
f 1526/1485/1129 1527/1484/1129 675/1492/1129 676/1493/1129
f 667/1470/1130 1526/1485/1130 676/1493/1130 102/1471/1130
f 666/1469/1131 1523/1481/1131 1526/1485/1131 667/1470/1131
f 665/1468/1132 1520/1478/1132 1523/1481/1132 666/1469/1132
f 1529/1494/1133 1530/1495/1133 1533/1496/1133 1532/1497/1133
f 1530/1495/1134 1531/1498/1134 1534/1499/1134 1533/1496/1134
f 1532/1497/1135 1533/1496/1135 1536/1500/1135 1535/1501/1135
f 1533/1496/1136 1534/1499/1136 1537/1502/1136 1536/1500/1136
f 92/1318/1137 619/1337/1137 1529/1494/1137 671/1487/1137
f 619/1337/1138 618/1336/1138 1530/1495/1138 1529/1494/1138
f 618/1336/1139 617/1335/1139 1531/1498/1139 1530/1495/1139
f 617/1335/1140 93/1334/1140 677/1503/1140 1531/1498/1140
f 1531/1498/1141 677/1503/1141 678/1504/1141 1534/1499/1141
f 1534/1499/1142 678/1504/1142 679/1505/1142 1537/1502/1142
f 1537/1502/1143 679/1505/1143 104/1506/1143 680/1507/1143
f 1536/1500/1144 1537/1502/1144 680/1507/1144 681/1508/1144
f 1535/1501/1145 1536/1500/1145 681/1508/1145 682/1509/1145
f 673/1489/1146 1535/1501/1146 682/1509/1146 103/1490/1146
f 672/1488/1147 1532/1497/1147 1535/1501/1147 673/1489/1147
f 671/1487/1148 1529/1494/1148 1532/1497/1148 672/1488/1148
f 1538/1510/1149 1539/1511/1149 1542/1512/1149 1541/1513/1149
f 1539/1511/1150 1540/1514/1150 1543/1515/1150 1542/1512/1150
f 1541/1513/1151 1542/1512/1151 1545/1516/1151 1544/1517/1151
f 1542/1512/1152 1543/1515/1152 1546/1518/1152 1545/1516/1152
f 93/1334/1153 625/1353/1153 1538/1510/1153 677/1503/1153
f 625/1353/1154 624/1352/1154 1539/1511/1154 1538/1510/1154
f 624/1352/1155 623/1351/1155 1540/1514/1155 1539/1511/1155
f 623/1351/1156 94/1350/1156 683/1519/1156 1540/1514/1156
f 1540/1514/1157 683/1519/1157 684/1520/1157 1543/1515/1157
f 1543/1515/1158 684/1520/1158 685/1521/1158 1546/1518/1158
f 1546/1518/1159 685/1521/1159 105/1522/1159 686/1523/1159
f 1545/1516/1160 1546/1518/1160 686/1523/1160 687/1524/1160
f 1544/1517/1161 1545/1516/1161 687/1524/1161 688/1525/1161
f 679/1505/1162 1544/1517/1162 688/1525/1162 104/1506/1162
f 678/1504/1163 1541/1513/1163 1544/1517/1163 679/1505/1163
f 677/1503/1164 1538/1510/1164 1541/1513/1164 678/1504/1164
f 1547/1526/1165 1548/1527/1165 1551/1528/1165 1550/1529/1165
f 1548/1527/1166 1549/1530/1166 1552/1531/1166 1551/1528/1166
f 1550/1529/1167 1551/1528/1167 1554/1532/1167 1553/1533/1167
f 1551/1528/1168 1552/1531/1168 1555/1534/1168 1554/1532/1168
f 94/1350/1169 631/1369/1169 1547/1526/1169 683/1519/1169
f 631/1369/1170 630/1368/1170 1548/1527/1170 1547/1526/1170
f 630/1368/1171 629/1367/1171 1549/1530/1171 1548/1527/1171
f 629/1367/1172 95/1366/1172 689/1535/1172 1549/1530/1172
f 1549/1530/1173 689/1535/1173 690/1536/1173 1552/1531/1173
f 1552/1531/1174 690/1536/1174 691/1537/1174 1555/1534/1174
f 1555/1534/1175 691/1537/1175 106/1538/1175 692/1539/1175
f 1554/1532/1176 1555/1534/1176 692/1539/1176 693/1540/1176
f 1553/1533/1177 1554/1532/1177 693/1540/1177 694/1541/1177
f 685/1521/1178 1553/1533/1178 694/1541/1178 105/1522/1178
f 684/1520/1179 1550/1529/1179 1553/1533/1179 685/1521/1179
f 683/1519/1180 1547/1526/1180 1550/1529/1180 684/1520/1180
f 1556/1542/1181 1557/1543/1181 1560/1544/1181 1559/1545/1181
f 1557/1543/1182 1558/1546/1182 1561/1547/1182 1560/1544/1182
f 1559/1545/1183 1560/1544/1183 1563/1548/1183 1562/1549/1183
f 1560/1544/1184 1561/1547/1184 1564/1550/1184 1563/1548/1184
f 95/1366/1185 637/1385/1185 1556/1542/1185 689/1535/1185
f 637/1385/1186 636/1384/1186 1557/1543/1186 1556/1542/1186
f 636/1384/1187 635/1383/1187 1558/1546/1187 1557/1543/1187
f 635/1383/1188 96/1382/1188 695/1551/1188 1558/1546/1188
f 1558/1546/1189 695/1551/1189 696/1552/1189 1561/1547/1189
f 1561/1547/1190 696/1552/1190 697/1553/1190 1564/1550/1190
f 1564/1550/1191 697/1553/1191 107/1554/1191 698/1555/1191
f 1563/1548/1192 1564/1550/1192 698/1555/1192 699/1556/1192
f 1562/1549/1193 1563/1548/1193 699/1556/1193 700/1557/1193
f 691/1537/1194 1562/1549/1194 700/1557/1194 106/1538/1194
f 690/1536/1195 1559/1545/1195 1562/1549/1195 691/1537/1195
f 689/1535/1196 1556/1542/1196 1559/1545/1196 690/1536/1196
f 1565/1558/1197 1566/1559/1197 1569/1560/1197 1568/1561/1197
f 1566/1559/1198 1567/1562/1198 1570/1563/1198 1569/1560/1198
f 1568/1561/1199 1569/1560/1199 1572/1564/1199 1571/1565/1199
f 1569/1560/1200 1570/1563/1200 1573/1566/1200 1572/1564/1200
f 96/1382/1201 643/1401/1201 1565/1558/1201 695/1551/1201
f 643/1401/1202 642/1400/1202 1566/1559/1202 1565/1558/1202
f 642/1400/1203 641/1399/1203 1567/1562/1203 1566/1559/1203
f 641/1399/1204 97/1398/1204 701/1567/1204 1567/1562/1204
f 1567/1562/1205 701/1567/1205 702/1568/1205 1570/1563/1205
f 1570/1563/1206 702/1568/1206 703/1569/1206 1573/1566/1206
f 1573/1566/1207 703/1569/1207 108/1570/1207 704/1571/1207
f 1572/1564/1208 1573/1566/1208 704/1571/1208 705/1572/1208
f 1571/1565/1209 1572/1564/1209 705/1572/1209 706/1573/1209
f 697/1553/1210 1571/1565/1210 706/1573/1210 107/1554/1210
f 696/1552/1211 1568/1561/1211 1571/1565/1211 697/1553/1211
f 695/1551/1212 1565/1558/1212 1568/1561/1212 696/1552/1212
f 1574/1574/1213 1575/1575/1213 1578/1576/1213 1577/1577/1213
f 1575/1575/1214 1576/1578/1214 1579/1579/1214 1578/1576/1214
f 1577/1577/1215 1578/1576/1215 1581/1580/1215 1580/1581/1215
f 1578/1576/1216 1579/1579/1216 1582/1582/1216 1581/1580/1216
f 97/1398/1217 649/1417/1217 1574/1574/1217 701/1567/1217
f 649/1417/1218 648/1416/1218 1575/1575/1218 1574/1574/1218
f 648/1416/1219 647/1415/1219 1576/1578/1219 1575/1575/1219
f 647/1415/954 98/1414/954 707/1583/954 1576/1578/954
f 1576/1578/1101 707/1583/1101 708/1584/1101 1579/1579/1101
f 1579/1579/1 708/1584/1 709/1585/1 1582/1582/1
f 1582/1582/1 709/1585/1 109/1586/1 710/1587/1
f 1581/1580/1 1582/1582/1 710/1587/1 711/1588/1
f 1580/1581/1101 1581/1580/1101 711/1588/1101 712/1589/1101
f 703/1569/1220 1580/1581/1220 712/1589/1220 108/1570/1220
f 702/1568/1221 1577/1577/1221 1580/1581/1221 703/1569/1221
f 701/1567/1222 1574/1574/1222 1577/1577/1222 702/1568/1222
f 1583/1590/1 1584/1591/1 1587/1592/1 1586/1593/1
f 1584/1591/1 1585/1594/1 1588/1595/1 1587/1592/1
f 1586/1593/1 1587/1592/1 1590/1596/1 1589/1597/1
f 1587/1592/1 1588/1595/1 1591/1598/1 1590/1596/1
f 98/1436/1 655/1434/1 1583/1590/1 707/1599/1
f 655/1434/1 654/1433/1 1584/1591/1 1583/1590/1
f 654/1433/1 653/1432/1 1585/1594/1 1584/1591/1
f 653/1432/1 99/1431/1 713/1600/1 1585/1594/1
f 1585/1594/1 713/1600/1 714/1601/1 1588/1595/1
f 1588/1595/1 714/1601/1 715/1602/1 1591/1598/1
f 1591/1598/1 715/1602/1 110/1603/1 716/1604/1
f 1590/1596/1 1591/1598/1 716/1604/1 717/1605/1
f 1589/1597/1 1590/1596/1 717/1605/1 718/1606/1
f 709/1607/1 1589/1597/1 718/1606/1 109/1608/1
f 708/1609/1 1586/1593/1 1589/1597/1 709/1607/1
f 707/1599/1 1583/1590/1 1586/1593/1 708/1609/1
f 1592/1610/1 1593/1611/1 1596/1612/1 1595/1613/1
f 1593/1611/1 1594/1614/1 1597/1615/1 1596/1612/1
f 1595/1613/1 1596/1612/1 1599/1616/1 1598/1617/1
f 1596/1612/1 1597/1615/1 1600/1618/1 1599/1616/1
f 100/1456/1 664/1454/1 1592/1610/1 721/1619/1
f 664/1454/1 663/1453/1 1593/1611/1 1592/1610/1
f 663/1453/1 662/1452/1 1594/1614/1 1593/1611/1
f 662/1452/1 101/1451/1 722/1620/1 1594/1614/1
f 1594/1614/1 722/1620/1 723/1621/1 1597/1615/1
f 1597/1615/1 723/1621/1 724/1622/1 1600/1618/1
f 1600/1618/1 724/1622/1 112/1623/1 725/1624/1
f 1599/1616/1 1600/1618/1 725/1624/1 726/1625/1
f 1598/1617/1 1599/1616/1 726/1625/1 727/1626/1
f 719/1627/1 1598/1617/1 727/1626/1 111/1628/1
f 720/1629/1 1595/1613/1 1598/1617/1 719/1627/1
f 721/1619/1 1592/1610/1 1595/1613/1 720/1629/1
f 1601/1630/1 1602/1631/1 1605/1632/1 1604/1633/1
f 1602/1631/1 1603/1634/1 1606/1635/1 1605/1632/1
f 1604/1633/1 1605/1632/1 1608/1636/1 1607/1637/1
f 1605/1632/1 1606/1635/1 1609/1638/1 1608/1636/1
f 101/1451/1 670/1639/1 1601/1630/1 722/1620/1
f 670/1639/1 669/1640/1 1602/1631/1 1601/1630/1
f 669/1640/1 668/1641/1 1603/1634/1 1602/1631/1
f 668/1641/1 102/1642/1 728/1643/1 1603/1634/1
f 1603/1634/1 728/1643/1 729/1644/1 1606/1635/1
f 1606/1635/1 729/1644/1 730/1645/1 1609/1638/1
f 1609/1638/1 730/1645/1 113/1646/1 731/1647/1
f 1608/1636/1 1609/1638/1 731/1647/1 732/1648/1
f 1607/1637/1 1608/1636/1 732/1648/1 733/1649/1
f 724/1622/1 1607/1637/1 733/1649/1 112/1623/1
f 723/1621/1 1604/1633/1 1607/1637/1 724/1622/1
f 722/1620/1 1601/1630/1 1604/1633/1 723/1621/1
f 1610/1650/960 1611/1651/960 1614/1652/960 1613/1653/960
f 1611/1651/961 1612/1654/961 1615/1655/961 1614/1652/961
f 1613/1653/962 1614/1652/962 1617/1656/962 1616/1657/962
f 1614/1652/963 1615/1655/963 1618/1658/963 1617/1656/963
f 102/1642/12 676/1659/12 1610/1650/12 728/1643/12
f 676/1659/964 675/1660/964 1611/1651/964 1610/1650/964
f 675/1660/965 674/1661/965 1612/1654/965 1611/1651/965
f 674/1661/966 103/1662/966 734/1663/966 1612/1654/966
f 1612/1654/967 734/1663/967 735/1664/967 1615/1655/967
f 1615/1655/968 735/1664/968 736/1665/968 1618/1658/968
f 1618/1658/969 736/1665/969 114/1666/969 737/1667/969
f 1617/1656/1 1618/1658/1 737/1667/1 738/1668/1
f 1616/1657/1 1617/1656/1 738/1668/1 739/1669/1
f 730/1645/1 1616/1657/1 739/1669/1 113/1646/1
f 729/1644/1 1613/1653/1 1616/1657/1 730/1645/1
f 728/1643/1 1610/1650/1 1613/1653/1 729/1644/1
f 1619/1670/1223 1620/1671/1223 1623/1672/1223 1622/1673/1223
f 1620/1671/1224 1621/1674/1224 1624/1675/1224 1623/1672/1224
f 1622/1673/1225 1623/1672/1225 1626/1676/1225 1625/1677/1225
f 1623/1672/1226 1624/1675/1226 1627/1678/1226 1626/1676/1226
f 103/1662/1227 682/1679/1227 1619/1670/1227 734/1663/1227
f 682/1679/1228 681/1680/1228 1620/1671/1228 1619/1670/1228
f 681/1680/1229 680/1681/1229 1621/1674/1229 1620/1671/1229
f 680/1681/1230 104/1682/1230 740/1683/1230 1621/1674/1230
f 1621/1674/1231 740/1683/1231 741/1684/1231 1624/1675/1231
f 1624/1675/1232 741/1684/1232 742/1685/1232 1627/1678/1232
f 1627/1678/1233 742/1685/1233 115/1686/1233 743/1687/1233
f 1626/1676/1234 1627/1678/1234 743/1687/1234 744/1688/1234
f 1625/1677/1235 1626/1676/1235 744/1688/1235 745/1689/1235
f 736/1665/1116 1625/1677/1116 745/1689/1116 114/1666/1116
f 735/1664/1236 1622/1673/1236 1625/1677/1236 736/1665/1236
f 734/1663/1237 1619/1670/1237 1622/1673/1237 735/1664/1237
f 1628/1690/1238 1629/1691/1238 1632/1692/1238 1631/1693/1238
f 1629/1691/1239 1630/1694/1239 1633/1695/1239 1632/1692/1239
f 1631/1693/1240 1632/1692/1240 1635/1696/1240 1634/1697/1240
f 1632/1692/1241 1633/1695/1241 1636/1698/1241 1635/1696/1241
f 104/1682/1242 688/1699/1242 1628/1690/1242 740/1683/1242
f 688/1699/1243 687/1700/1243 1629/1691/1243 1628/1690/1243
f 687/1700/1244 686/1701/1244 1630/1694/1244 1629/1691/1244
f 686/1701/1245 105/1702/1245 746/1703/1245 1630/1694/1245
f 1630/1694/1246 746/1703/1246 747/1704/1246 1633/1695/1246
f 1633/1695/1247 747/1704/1247 748/1705/1247 1636/1698/1247
f 1636/1698/1248 748/1705/1248 116/1706/1248 749/1707/1248
f 1635/1696/1248 1636/1698/1248 749/1707/1248 750/1708/1248
f 1634/1697/1249 1635/1696/1249 750/1708/1249 751/1709/1249
f 742/1685/1250 1634/1697/1250 751/1709/1250 115/1686/1250
f 741/1684/1251 1631/1693/1251 1634/1697/1251 742/1685/1251
f 740/1683/1252 1628/1690/1252 1631/1693/1252 741/1684/1252
f 1637/1710/1253 1638/1711/1253 1641/1712/1253 1640/1713/1253
f 1638/1711/1254 1639/1714/1254 1642/1715/1254 1641/1712/1254
f 1640/1713/1255 1641/1712/1255 1644/1716/1255 1643/1717/1255
f 1641/1712/1256 1642/1715/1256 1645/1718/1256 1644/1716/1256
f 105/1702/1257 694/1719/1257 1637/1710/1257 746/1703/1257
f 694/1719/1258 693/1720/1258 1638/1711/1258 1637/1710/1258
f 693/1720/1259 692/1721/1259 1639/1714/1259 1638/1711/1259
f 692/1721/1260 106/1722/1260 752/1723/1260 1639/1714/1260
f 1639/1714/1261 752/1723/1261 753/1724/1261 1642/1715/1261
f 1642/1715/1262 753/1724/1262 754/1725/1262 1645/1718/1262
f 1645/1718/1263 754/1725/1263 117/1726/1263 755/1727/1263
f 1644/1716/1264 1645/1718/1264 755/1727/1264 756/1728/1264
f 1643/1717/1248 1644/1716/1248 756/1728/1248 757/1729/1248
f 748/1705/1248 1643/1717/1248 757/1729/1248 116/1706/1248
f 747/1704/1265 1640/1713/1265 1643/1717/1265 748/1705/1265
f 746/1703/1266 1637/1710/1266 1640/1713/1266 747/1704/1266
f 1646/1730/1267 1647/1731/1267 1650/1732/1267 1649/1733/1267
f 1647/1731/1268 1648/1734/1268 1651/1735/1268 1650/1732/1268
f 1649/1733/1269 1650/1732/1269 1653/1736/1269 1652/1737/1269
f 1650/1732/1270 1651/1735/1270 1654/1738/1270 1653/1736/1270
f 106/1722/1271 700/1739/1271 1646/1730/1271 752/1723/1271
f 700/1739/1272 699/1740/1272 1647/1731/1272 1646/1730/1272
f 699/1740/1273 698/1741/1273 1648/1734/1273 1647/1731/1273
f 698/1741/1274 107/1742/1274 758/1743/1274 1648/1734/1274
f 1648/1734/1275 758/1743/1275 759/1744/1275 1651/1735/1275
f 1651/1735/1276 759/1744/1276 760/1745/1276 1654/1738/1276
f 1654/1738/1220 760/1745/1220 118/1746/1220 761/1747/1220
f 1653/1736/1277 1654/1738/1277 761/1747/1277 762/1748/1277
f 1652/1737/1278 1653/1736/1278 762/1748/1278 763/1749/1278
f 754/1725/1279 1652/1737/1279 763/1749/1279 117/1726/1279
f 753/1724/1280 1649/1733/1280 1652/1737/1280 754/1725/1280
f 752/1723/1281 1646/1730/1281 1649/1733/1281 753/1724/1281
f 1655/1750/1098 1656/1751/1098 1659/1752/1098 1658/1753/1098
f 1656/1751/1099 1657/1754/1099 1660/1755/1099 1659/1752/1099
f 1658/1753/1100 1659/1752/1100 1662/1756/1100 1661/1757/1100
f 1659/1752/1101 1660/1755/1101 1663/1758/1101 1662/1756/1101
f 107/1742/1102 706/1759/1102 1655/1750/1102 758/1743/1102
f 706/1759/1103 705/1760/1103 1656/1751/1103 1655/1750/1103
f 705/1760/1104 704/1761/1104 1657/1754/1104 1656/1751/1104
f 704/1761/78 108/1762/78 764/1763/78 1657/1754/78
f 1657/1754/1 764/1763/1 765/1764/1 1660/1755/1
f 1660/1755/1 765/1764/1 766/1765/1 1663/1758/1
f 1663/1758/1 766/1765/1 119/1766/1 767/1767/1
f 1662/1756/1 1663/1758/1 767/1767/1 768/1768/1
f 1661/1757/1 1662/1756/1 768/1768/1 769/1769/1
f 760/1745/969 1661/1757/969 769/1769/969 118/1746/969
f 759/1744/1105 1658/1753/1105 1661/1757/1105 760/1745/1105
f 758/1743/1106 1655/1750/1106 1658/1753/1106 759/1744/1106
f 1664/1770/1 1665/1771/1 1668/1772/1 1667/1773/1
f 1665/1771/1 1666/1774/1 1669/1775/1 1668/1772/1
f 1667/1773/1 1668/1772/1 1671/1776/1 1670/1777/1
f 1668/1772/1 1669/1775/1 1672/1778/1 1671/1776/1
f 108/1762/1 712/1779/1 1664/1770/1 764/1763/1
f 712/1779/1 711/1780/1 1665/1771/1 1664/1770/1
f 711/1780/1 710/1781/1 1666/1774/1 1665/1771/1
f 710/1781/1 109/1608/1 770/1782/1 1666/1774/1
f 1666/1774/1 770/1782/1 771/1783/1 1669/1775/1
f 1669/1775/1 771/1783/1 772/1784/1 1672/1778/1
f 1672/1778/1 772/1784/1 120/1785/1 773/1786/1
f 1671/1776/1 1672/1778/1 773/1786/1 774/1787/1
f 1670/1777/1 1671/1776/1 774/1787/1 775/1788/1
f 766/1765/1 1670/1777/1 775/1788/1 119/1766/1
f 765/1764/1 1667/1773/1 1670/1777/1 766/1765/1
f 764/1763/1 1664/1770/1 1667/1773/1 765/1764/1
f 1673/1789/1 1674/1790/1 1677/1791/1 1676/1792/1
f 1674/1790/1 1675/1793/1 1678/1794/1 1677/1791/1
f 1676/1792/1 1677/1791/1 1680/1795/1 1679/1796/1
f 1677/1791/1 1678/1794/1 1681/1797/1 1680/1795/1
f 109/1608/1 718/1606/1 1673/1789/1 770/1782/1
f 718/1606/1 717/1605/1 1674/1790/1 1673/1789/1
f 717/1605/1 716/1604/1 1675/1793/1 1674/1790/1
f 716/1604/1 110/1603/1 776/1798/1 1675/1793/1
f 1675/1793/1 776/1798/1 777/1799/1 1678/1794/1
f 1678/1794/1 777/1799/1 778/1800/1 1681/1797/1
f 1681/1797/1 778/1800/1 121/1801/1 779/1802/1
f 1680/1795/1 1681/1797/1 779/1802/1 780/1803/1
f 1679/1796/1 1680/1795/1 780/1803/1 781/1804/1
f 772/1784/1 1679/1796/1 781/1804/1 120/1785/1
f 771/1783/1 1676/1792/1 1679/1796/1 772/1784/1
f 770/1782/1 1673/1789/1 1676/1792/1 771/1783/1
f 2463/1/1282 2466/4/1282 2467/3/1282 2464/2/1282
f 2464/2/1282 2467/3/1282 2468/6/1282 2465/5/1282
f 2466/4/1282 2469/8/1282 2470/7/1282 2467/3/1282
f 2467/3/1282 2470/7/1282 2471/9/1282 2468/6/1282
f 1682/10/1282 1805/12/1282 2463/1/1282 1806/11/1282
f 1806/11/1282 2463/1/1282 2464/2/1282 1807/13/1282
f 1807/13/1282 2464/2/1282 2465/5/1282 1808/14/1282
f 1808/14/1282 2465/5/1282 1809/16/1282 1683/15/1282
f 2465/5/1282 2468/6/1282 1810/17/1282 1809/16/1282
f 2468/6/1282 2471/9/1282 1811/18/1282 1810/17/1282
f 2471/9/1282 1812/20/1282 1694/19/1282 1811/18/1282
f 2470/7/1282 1813/21/1282 1812/20/1282 2471/9/1282
f 2469/8/1282 1814/22/1282 1813/21/1282 2470/7/1282
f 1803/23/1282 1693/24/1282 1814/22/1282 2469/8/1282
f 1804/25/1282 1803/23/1282 2469/8/1282 2466/4/1282
f 1805/12/1282 1804/25/1282 2466/4/1282 2463/1/1282
f 2472/26/1282 2475/29/1282 2476/28/1282 2473/27/1282
f 2473/27/1282 2476/28/1282 2477/31/1282 2474/30/1282
f 2475/29/1282 2478/33/1282 2479/32/1282 2476/28/1282
f 2476/28/1282 2479/32/1282 2480/34/1282 2477/31/1282
f 1683/15/1282 1809/16/1282 2472/26/1282 1815/35/1282
f 1815/35/1282 2472/26/1282 2473/27/1282 1816/36/1282
f 1816/36/1282 2473/27/1282 2474/30/1282 1817/37/1282
f 1817/37/1282 2474/30/1282 1818/39/1282 1684/38/1282
f 2474/30/1282 2477/31/1282 1819/40/1282 1818/39/1282
f 2477/31/1282 2480/34/1282 1820/41/1282 1819/40/1282
f 2480/34/1282 1821/43/1282 1695/42/1282 1820/41/1282
f 2479/32/1282 1822/44/1282 1821/43/1282 2480/34/1282
f 2478/33/1282 1823/45/1282 1822/44/1282 2479/32/1282
f 1811/18/1282 1694/19/1282 1823/45/1282 2478/33/1282
f 1810/17/1282 1811/18/1282 2478/33/1282 2475/29/1282
f 1809/16/1282 1810/17/1282 2475/29/1282 2472/26/1282
f 2481/46/1283 2484/49/1283 2485/48/1283 2482/47/1283
f 2482/47/1284 2485/48/1284 2486/51/1284 2483/50/1284
f 2484/49/1285 2487/53/1285 2488/52/1285 2485/48/1285
f 2485/48/1286 2488/52/1286 2489/54/1286 2486/51/1286
f 1684/38/1282 1818/39/1282 2481/46/1282 1824/55/1282
f 1824/55/1282 2481/46/1282 2482/47/1282 1825/56/1282
f 1825/56/1282 2482/47/1282 2483/50/1282 1826/57/1282
f 1826/57/1287 2483/50/1287 1827/59/1287 1685/58/1287
f 2483/50/1288 2486/51/1288 1828/60/1288 1827/59/1288
f 2486/51/1289 2489/54/1289 1829/61/1289 1828/60/1289
f 2489/54/1290 1830/63/1290 1696/62/1290 1829/61/1290
f 2488/52/1291 1831/64/1291 1830/63/1291 2489/54/1291
f 2487/53/1292 1832/65/1292 1831/64/1292 2488/52/1292
f 1820/41/1293 1695/42/1293 1832/65/1293 2487/53/1293
f 1819/40/1282 1820/41/1282 2487/53/1282 2484/49/1282
f 1818/39/1282 1819/40/1282 2484/49/1282 2481/46/1282
f 2490/66/1294 2493/69/1294 2494/68/1294 2491/67/1294
f 2491/67/1295 2494/68/1295 2495/71/1295 2492/70/1295
f 2493/69/1296 2496/73/1296 2497/72/1296 2494/68/1296
f 2494/68/1297 2497/72/1297 2498/74/1297 2495/71/1297
f 1685/58/1298 1827/59/1298 2490/66/1298 1833/75/1298
f 1833/75/1299 2490/66/1299 2491/67/1299 1834/76/1299
f 1834/76/1300 2491/67/1300 2492/70/1300 1835/77/1300
f 1835/77/1301 2492/70/1301 1836/79/1301 1686/78/1301
f 2492/70/1302 2495/71/1302 1837/80/1302 1836/79/1302
f 2495/71/1303 2498/74/1303 1838/81/1303 1837/80/1303
f 2498/74/1304 1839/83/1304 1697/82/1304 1838/81/1304
f 2497/72/1305 1840/84/1305 1839/83/1305 2498/74/1305
f 2496/73/1306 1841/85/1306 1840/84/1306 2497/72/1306
f 1829/61/1307 1696/62/1307 1841/85/1307 2496/73/1307
f 1828/60/1308 1829/61/1308 2496/73/1308 2493/69/1308
f 1827/59/1309 1828/60/1309 2493/69/1309 2490/66/1309
f 2499/86/1310 2502/89/1310 2503/88/1310 2500/87/1310
f 2500/87/1311 2503/88/1311 2504/91/1311 2501/90/1311
f 2502/89/1312 2505/93/1312 2506/92/1312 2503/88/1312
f 2503/88/1313 2506/92/1313 2507/94/1313 2504/91/1313
f 1686/78/1314 1836/79/1314 2499/86/1314 1842/95/1314
f 1842/95/1315 2499/86/1315 2500/87/1315 1843/96/1315
f 1843/96/1316 2500/87/1316 2501/90/1316 1844/97/1316
f 1844/97/1317 2501/90/1317 1845/99/1317 1687/98/1317
f 2501/90/1318 2504/91/1318 1846/100/1318 1845/99/1318
f 2504/91/1319 2507/94/1319 1847/101/1319 1846/100/1319
f 2507/94/1320 1848/103/1320 1698/102/1320 1847/101/1320
f 2506/92/1321 1849/104/1321 1848/103/1321 2507/94/1321
f 2505/93/1322 1850/105/1322 1849/104/1322 2506/92/1322
f 1838/81/1323 1697/82/1323 1850/105/1323 2505/93/1323
f 1837/80/1324 1838/81/1324 2505/93/1324 2502/89/1324
f 1836/79/1325 1837/80/1325 2502/89/1325 2499/86/1325
f 2508/106/1326 2511/109/1326 2512/108/1326 2509/107/1326
f 2509/107/1327 2512/108/1327 2513/111/1327 2510/110/1327
f 2511/109/1328 2514/113/1328 2515/112/1328 2512/108/1328
f 2512/108/1329 2515/112/1329 2516/114/1329 2513/111/1329
f 1687/98/1317 1845/99/1317 2508/106/1317 1851/115/1317
f 1851/115/1316 2508/106/1316 2509/107/1316 1852/116/1316
f 1852/116/1330 2509/107/1330 2510/110/1330 1853/117/1330
f 1853/117/1331 2510/110/1331 1854/119/1331 1688/118/1331
f 2510/110/1332 2513/111/1332 1855/120/1332 1854/119/1332
f 2513/111/1333 2516/114/1333 1856/121/1333 1855/120/1333
f 2516/114/1334 1857/123/1334 1699/122/1334 1856/121/1334
f 2515/112/1335 1858/124/1335 1857/123/1335 2516/114/1335
f 2514/113/1336 1859/125/1336 1858/124/1336 2515/112/1336
f 1847/101/1337 1698/102/1337 1859/125/1337 2514/113/1337
f 1846/100/1338 1847/101/1338 2514/113/1338 2511/109/1338
f 1845/99/1339 1846/100/1339 2511/109/1339 2508/106/1339
f 2517/126/1340 2520/129/1340 2521/128/1340 2518/127/1340
f 2518/127/1341 2521/128/1341 2522/131/1341 2519/130/1341
f 2520/129/1342 2523/133/1342 2524/132/1342 2521/128/1342
f 2521/128/1343 2524/132/1343 2525/134/1343 2522/131/1343
f 1688/118/1344 1854/119/1344 2517/126/1344 1860/135/1344
f 1860/135/1345 2517/126/1345 2518/127/1345 1861/136/1345
f 1861/136/1346 2518/127/1346 2519/130/1346 1862/137/1346
f 1862/137/1347 2519/130/1347 1863/139/1347 1689/138/1347
f 2519/130/1348 2522/131/1348 1864/140/1348 1863/139/1348
f 2522/131/1349 2525/134/1349 1865/141/1349 1864/140/1349
f 2525/134/1350 1866/143/1350 1700/142/1350 1865/141/1350
f 2524/132/1351 1867/144/1351 1866/143/1351 2525/134/1351
f 2523/133/1352 1868/145/1352 1867/144/1352 2524/132/1352
f 1856/121/1353 1699/122/1353 1868/145/1353 2523/133/1353
f 1855/120/1354 1856/121/1354 2523/133/1354 2520/129/1354
f 1854/119/1355 1855/120/1355 2520/129/1355 2517/126/1355
f 2526/146/1356 2529/149/1356 2530/148/1356 2527/147/1356
f 2527/147/1357 2530/148/1357 2531/151/1357 2528/150/1357
f 2529/149/1358 2532/153/1358 2533/152/1358 2530/148/1358
f 2530/148/1359 2533/152/1359 2534/154/1359 2531/151/1359
f 1689/138/1287 1863/139/1287 2526/146/1287 1869/155/1287
f 1869/155/1282 2526/146/1282 2527/147/1282 1870/156/1282
f 1870/156/1282 2527/147/1282 2528/150/1282 1871/157/1282
f 1871/157/1282 2528/150/1282 1872/159/1282 1690/158/1282
f 2528/150/1282 2531/151/1282 1873/160/1282 1872/159/1282
f 2531/151/1282 2534/154/1282 1874/161/1282 1873/160/1282
f 2534/154/1360 1875/163/1360 1701/162/1360 1874/161/1360
f 2533/152/1361 1876/164/1361 1875/163/1361 2534/154/1361
f 2532/153/1362 1877/165/1362 1876/164/1362 2533/152/1362
f 1865/141/1363 1700/142/1363 1877/165/1363 2532/153/1363
f 1864/140/1364 1865/141/1364 2532/153/1364 2529/149/1364
f 1863/139/1365 1864/140/1365 2529/149/1365 2526/146/1365
f 2535/166/1282 2538/169/1282 2539/168/1282 2536/167/1282
f 2536/167/1282 2539/168/1282 2540/171/1282 2537/170/1282
f 2538/169/1282 2541/173/1282 2542/172/1282 2539/168/1282
f 2539/168/1282 2542/172/1282 2543/174/1282 2540/171/1282
f 1690/158/1282 1872/159/1282 2535/166/1282 1878/175/1282
f 1878/175/1282 2535/166/1282 2536/167/1282 1879/176/1282
f 1879/176/1282 2536/167/1282 2537/170/1282 1880/177/1282
f 1880/177/1282 2537/170/1282 1881/179/1282 1691/178/1282
f 2537/170/1282 2540/171/1282 1882/180/1282 1881/179/1282
f 2540/171/1282 2543/174/1282 1883/181/1282 1882/180/1282
f 2543/174/1282 1884/183/1282 1702/182/1282 1883/181/1282
f 2542/172/1282 1885/184/1282 1884/183/1282 2543/174/1282
f 2541/173/1282 1886/185/1282 1885/184/1282 2542/172/1282
f 1874/161/1282 1701/162/1282 1886/185/1282 2541/173/1282
f 1873/160/1282 1874/161/1282 2541/173/1282 2538/169/1282
f 1872/159/1282 1873/160/1282 2538/169/1282 2535/166/1282
f 2544/186/1282 2547/189/1282 2548/188/1282 2545/187/1282
f 2545/187/1282 2548/188/1282 2549/191/1282 2546/190/1282
f 2547/189/1282 2550/193/1282 2551/192/1282 2548/188/1282
f 2548/188/1282 2551/192/1282 2552/194/1282 2549/191/1282
f 1691/178/1282 1881/179/1282 2544/186/1282 1887/195/1282
f 1887/195/1282 2544/186/1282 2545/187/1282 1888/196/1282
f 1888/196/1282 2545/187/1282 2546/190/1282 1889/197/1282
f 1889/197/1282 2546/190/1282 1890/199/1282 1692/198/1282
f 2546/190/1282 2549/191/1282 1891/200/1282 1890/199/1282
f 2549/191/1282 2552/194/1282 1892/201/1282 1891/200/1282
f 2552/194/1282 1893/203/1282 1703/202/1282 1892/201/1282
f 2551/192/1282 1894/204/1282 1893/203/1282 2552/194/1282
f 2550/193/1282 1895/205/1282 1894/204/1282 2551/192/1282
f 1883/181/1282 1702/182/1282 1895/205/1282 2550/193/1282
f 1882/180/1282 1883/181/1282 2550/193/1282 2547/189/1282
f 1881/179/1282 1882/180/1282 2547/189/1282 2544/186/1282
f 2553/206/1282 2556/209/1282 2557/208/1282 2554/207/1282
f 2554/207/1282 2557/208/1282 2558/211/1282 2555/210/1282
f 2556/209/1282 2559/213/1282 2560/212/1282 2557/208/1282
f 2557/208/1282 2560/212/1282 2561/214/1282 2558/211/1282
f 1693/24/1282 1898/215/1282 2553/206/1282 1814/22/1282
f 1814/22/1282 2553/206/1282 2554/207/1282 1813/21/1282
f 1813/21/1282 2554/207/1282 2555/210/1282 1812/20/1282
f 1812/20/1282 2555/210/1282 1899/216/1282 1694/19/1282
f 2555/210/1282 2558/211/1282 1900/217/1282 1899/216/1282
f 2558/211/1282 2561/214/1282 1901/218/1282 1900/217/1282
f 2561/214/1282 1902/220/1282 1705/219/1282 1901/218/1282
f 2560/212/1282 1903/221/1282 1902/220/1282 2561/214/1282
f 2559/213/1282 1904/222/1282 1903/221/1282 2560/212/1282
f 1896/223/1282 1704/224/1282 1904/222/1282 2559/213/1282
f 1897/225/1282 1896/223/1282 2559/213/1282 2556/209/1282
f 1898/215/1282 1897/225/1282 2556/209/1282 2553/206/1282
f 2562/226/1366 2565/229/1366 2566/228/1366 2563/227/1366
f 2563/227/1367 2566/228/1367 2567/231/1367 2564/230/1367
f 2565/229/1368 2568/233/1368 2569/232/1368 2566/228/1368
f 2566/228/1369 2569/232/1369 2570/234/1369 2567/231/1369
f 1694/235/1282 1899/237/1282 2562/226/1282 1823/236/1282
f 1823/236/1282 2562/226/1282 2563/227/1282 1822/238/1282
f 1822/238/1283 2563/227/1283 2564/230/1283 1821/239/1283
f 1821/239/1370 2564/230/1370 1905/241/1370 1695/240/1370
f 2564/230/1371 2567/231/1371 1906/242/1371 1905/241/1371
f 2567/231/1372 2570/234/1372 1907/243/1372 1906/242/1372
f 2570/234/1373 1908/245/1373 1706/244/1373 1907/243/1373
f 2569/232/1374 1909/246/1374 1908/245/1374 2570/234/1374
f 2568/233/1375 1910/247/1375 1909/246/1375 2569/232/1375
f 1901/248/1376 1705/249/1376 1910/247/1376 2568/233/1376
f 1900/250/1283 1901/248/1283 2568/233/1283 2565/229/1283
f 1899/237/1282 1900/250/1282 2565/229/1282 2562/226/1282
f 2571/251/1377 2574/254/1377 2575/253/1377 2572/252/1377
f 2572/252/1378 2575/253/1378 2576/256/1378 2573/255/1378
f 2574/254/1379 2577/258/1379 2578/257/1379 2575/253/1379
f 2575/253/1380 2578/257/1380 2579/259/1380 2576/256/1380
f 1695/240/1381 1905/241/1381 2571/251/1381 1832/260/1381
f 1832/260/1382 2571/251/1382 2572/252/1382 1831/261/1382
f 1831/261/1383 2572/252/1383 2573/255/1383 1830/63/1383
f 1830/63/1384 2573/255/1384 1911/263/1384 1696/262/1384
f 2573/255/1385 2576/256/1385 1912/264/1385 1911/263/1385
f 2576/256/1386 2579/259/1386 1913/265/1386 1912/264/1386
f 2579/259/1387 1914/267/1387 1707/266/1387 1913/265/1387
f 2578/257/1388 1915/268/1388 1914/267/1388 2579/259/1388
f 2577/258/1389 1916/269/1389 1915/268/1389 2578/257/1389
f 1907/243/1390 1706/244/1390 1916/269/1390 2577/258/1390
f 1906/242/1391 1907/243/1391 2577/258/1391 2574/254/1391
f 1905/241/1392 1906/242/1392 2574/254/1392 2571/251/1392
f 2580/270/1393 2583/273/1393 2584/272/1393 2581/271/1393
f 2581/271/1394 2584/272/1394 2585/275/1394 2582/274/1394
f 2583/273/1395 2586/277/1395 2587/276/1395 2584/272/1395
f 2584/272/1396 2587/276/1396 2588/278/1396 2585/275/1396
f 1696/262/1397 1911/263/1397 2580/270/1397 1841/279/1397
f 1841/279/1398 2580/270/1398 2581/271/1398 1840/280/1398
f 1840/280/1399 2581/271/1399 2582/274/1399 1839/281/1399
f 1839/281/1400 2582/274/1400 1917/283/1400 1697/282/1400
f 2582/274/1401 2585/275/1401 1918/284/1401 1917/283/1401
f 2585/275/1402 2588/278/1402 1919/285/1402 1918/284/1402
f 2588/278/1403 1920/287/1403 1708/286/1403 1919/285/1403
f 2587/276/1404 1921/288/1404 1920/287/1404 2588/278/1404
f 2586/277/1405 1922/289/1405 1921/288/1405 2587/276/1405
f 1913/265/1406 1707/266/1406 1922/289/1406 2586/277/1406
f 1912/264/1407 1913/265/1407 2586/277/1407 2583/273/1407
f 1911/263/1408 1912/264/1408 2583/273/1408 2580/270/1408
f 2589/290/1409 2592/293/1409 2593/292/1409 2590/291/1409
f 2590/291/1410 2593/292/1410 2594/295/1410 2591/294/1410
f 2592/293/1411 2595/297/1411 2596/296/1411 2593/292/1411
f 2593/292/1412 2596/296/1412 2597/298/1412 2594/295/1412
f 1697/282/1413 1917/283/1413 2589/290/1413 1850/299/1413
f 1850/299/1414 2589/290/1414 2590/291/1414 1849/300/1414
f 1849/300/1415 2590/291/1415 2591/294/1415 1848/301/1415
f 1848/301/1416 2591/294/1416 1923/303/1416 1698/302/1416
f 2591/294/1417 2594/295/1417 1924/304/1417 1923/303/1417
f 2594/295/1418 2597/298/1418 1925/305/1418 1924/304/1418
f 2597/298/1419 1926/307/1419 1709/306/1419 1925/305/1419
f 2596/296/1420 1927/308/1420 1926/307/1420 2597/298/1420
f 2595/297/1421 1928/309/1421 1927/308/1421 2596/296/1421
f 1919/285/1422 1708/286/1422 1928/309/1422 2595/297/1422
f 1918/284/1423 1919/285/1423 2595/297/1423 2592/293/1423
f 1917/283/1424 1918/284/1424 2592/293/1424 2589/290/1424
f 2598/310/1425 2601/313/1425 2602/312/1425 2599/311/1425
f 2599/311/1426 2602/312/1426 2603/315/1426 2600/314/1426
f 2601/313/1427 2604/317/1427 2605/316/1427 2602/312/1427
f 2602/312/1428 2605/316/1428 2606/318/1428 2603/315/1428
f 1698/302/1429 1923/303/1429 2598/310/1429 1859/319/1429
f 1859/319/1430 2598/310/1430 2599/311/1430 1858/320/1430
f 1858/320/1431 2599/311/1431 2600/314/1431 1857/321/1431
f 1857/321/1432 2600/314/1432 1929/323/1432 1699/322/1432
f 2600/314/1433 2603/315/1433 1930/324/1433 1929/323/1433
f 2603/315/1434 2606/318/1434 1931/325/1434 1930/324/1434
f 2606/318/1435 1932/327/1435 1710/326/1435 1931/325/1435
f 2605/316/1436 1933/328/1436 1932/327/1436 2606/318/1436
f 2604/317/1437 1934/329/1437 1933/328/1437 2605/316/1437
f 1925/305/1438 1709/306/1438 1934/329/1438 2604/317/1438
f 1924/304/1439 1925/305/1439 2604/317/1439 2601/313/1439
f 1923/303/1440 1924/304/1440 2601/313/1440 2598/310/1440
f 2607/330/1441 2610/333/1441 2611/332/1441 2608/331/1441
f 2608/331/1442 2611/332/1442 2612/335/1442 2609/334/1442
f 2610/333/1443 2613/337/1443 2614/336/1443 2611/332/1443
f 2611/332/1444 2614/336/1444 2615/338/1444 2612/335/1444
f 1699/322/1445 1929/323/1445 2607/330/1445 1868/339/1445
f 1868/339/1446 2607/330/1446 2608/331/1446 1867/340/1446
f 1867/340/1447 2608/331/1447 2609/334/1447 1866/143/1447
f 1866/143/1448 2609/334/1448 1935/342/1448 1700/341/1448
f 2609/334/1449 2612/335/1449 1936/343/1449 1935/342/1449
f 2612/335/1450 2615/338/1450 1937/344/1450 1936/343/1450
f 2615/338/1451 1938/346/1451 1711/345/1451 1937/344/1451
f 2614/336/1452 1939/347/1452 1938/346/1452 2615/338/1452
f 2613/337/1453 1940/348/1453 1939/347/1453 2614/336/1453
f 1931/325/1454 1710/326/1454 1940/348/1454 2613/337/1454
f 1930/324/1455 1931/325/1455 2613/337/1455 2610/333/1455
f 1929/323/1456 1930/324/1456 2610/333/1456 2607/330/1456
f 2616/349/1457 2619/352/1457 2620/351/1457 2617/350/1457
f 2617/350/1458 2620/351/1458 2621/354/1458 2618/353/1458
f 2619/352/1459 2622/356/1459 2623/355/1459 2620/351/1459
f 2620/351/1460 2623/355/1460 2624/357/1460 2621/354/1460
f 1700/341/1461 1935/342/1461 2616/349/1461 1877/358/1461
f 1877/358/1462 2616/349/1462 2617/350/1462 1876/359/1462
f 1876/359/1463 2617/350/1463 2618/353/1463 1875/163/1463
f 1875/163/1464 2618/353/1464 1941/361/1464 1701/360/1464
f 2618/353/1465 2621/354/1465 1942/362/1465 1941/361/1465
f 2621/354/1466 2624/357/1466 1943/363/1466 1942/362/1466
f 2624/357/1467 1944/365/1467 1712/364/1467 1943/363/1467
f 2623/355/1468 1945/366/1468 1944/365/1468 2624/357/1468
f 2622/356/1469 1946/367/1469 1945/366/1469 2623/355/1469
f 1937/344/1470 1711/345/1470 1946/367/1470 2622/356/1470
f 1936/343/1471 1937/344/1471 2622/356/1471 2619/352/1471
f 1935/342/1472 1936/343/1472 2619/352/1472 2616/349/1472
f 2625/368/1473 2628/371/1473 2629/370/1473 2626/369/1473
f 2626/369/1474 2629/370/1474 2630/373/1474 2627/372/1474
f 2628/371/1475 2631/375/1475 2632/374/1475 2629/370/1475
f 2629/370/1476 2632/374/1476 2633/376/1476 2630/373/1476
f 1701/360/1477 1941/361/1477 2625/368/1477 1886/377/1477
f 1886/377/1357 2625/368/1357 2626/369/1357 1885/378/1357
f 1885/378/1282 2626/369/1282 2627/372/1282 1884/379/1282
f 1884/379/1282 2627/372/1282 1947/381/1282 1702/380/1282
f 2627/372/1282 2630/373/1282 1948/382/1282 1947/381/1282
f 2630/373/1357 2633/376/1357 1949/383/1357 1948/382/1357
f 2633/376/1478 1950/385/1478 1713/384/1478 1949/383/1478
f 2632/374/1479 1951/386/1479 1950/385/1479 2633/376/1479
f 2631/375/1480 1952/387/1480 1951/386/1480 2632/374/1480
f 1943/363/1481 1712/364/1481 1952/387/1481 2631/375/1481
f 1942/362/1482 1943/363/1482 2631/375/1482 2628/371/1482
f 1941/361/1483 1942/362/1483 2628/371/1483 2625/368/1483
f 2634/388/1282 2637/391/1282 2638/390/1282 2635/389/1282
f 2635/389/1282 2638/390/1282 2639/393/1282 2636/392/1282
f 2637/391/1282 2640/395/1282 2641/394/1282 2638/390/1282
f 2638/390/1282 2641/394/1282 2642/396/1282 2639/393/1282
f 1702/182/1282 1947/397/1282 2634/388/1282 1895/205/1282
f 1895/205/1282 2634/388/1282 2635/389/1282 1894/204/1282
f 1894/204/1282 2635/389/1282 2636/392/1282 1893/203/1282
f 1893/203/1282 2636/392/1282 1953/398/1282 1703/202/1282
f 2636/392/1282 2639/393/1282 1954/399/1282 1953/398/1282
f 2639/393/1282 2642/396/1282 1955/400/1282 1954/399/1282
f 2642/396/1282 1956/402/1282 1714/401/1282 1955/400/1282
f 2641/394/1282 1957/403/1282 1956/402/1282 2642/396/1282
f 2640/395/1282 1958/404/1282 1957/403/1282 2641/394/1282
f 1949/405/1282 1713/384/1282 1958/404/1282 2640/395/1282
f 1948/406/1282 1949/405/1282 2640/395/1282 2637/391/1282
f 1947/397/1282 1948/406/1282 2637/391/1282 2634/388/1282
f 2643/407/1283 2646/410/1283 2647/409/1283 2644/408/1283
f 2644/408/1284 2647/409/1284 2648/412/1284 2645/411/1284
f 2646/410/1285 2649/414/1285 2650/413/1285 2647/409/1285
f 2647/409/1286 2650/413/1286 2651/415/1286 2648/412/1286
f 1704/224/1282 1961/416/1282 2643/407/1282 1904/222/1282
f 1904/222/1282 2643/407/1282 2644/408/1282 1903/221/1282
f 1903/221/1282 2644/408/1282 2645/411/1282 1902/220/1282
f 1902/220/1287 2645/411/1287 1962/417/1287 1705/219/1287
f 2645/411/1288 2648/412/1288 1963/418/1288 1962/417/1288
f 2648/412/1289 2651/415/1289 1964/419/1289 1963/418/1289
f 2651/415/1290 1965/421/1290 1716/420/1290 1964/419/1290
f 2650/413/1291 1966/422/1291 1965/421/1291 2651/415/1291
f 2649/414/1292 1967/423/1292 1966/422/1292 2650/413/1292
f 1959/424/1293 1715/425/1293 1967/423/1293 2649/414/1293
f 1960/426/1282 1959/424/1282 2649/414/1282 2646/410/1282
f 1961/416/1282 1960/426/1282 2646/410/1282 2643/407/1282
f 2652/427/1484 2655/430/1484 2656/429/1484 2653/428/1484
f 2653/428/1485 2656/429/1485 2657/432/1485 2654/431/1485
f 2655/430/1486 2658/434/1486 2659/433/1486 2656/429/1486
f 2656/429/1487 2659/433/1487 2660/435/1487 2657/432/1487
f 1705/249/1488 1962/436/1488 2652/427/1488 1910/247/1488
f 1910/247/1489 2652/427/1489 2653/428/1489 1909/246/1489
f 1909/246/1490 2653/428/1490 2654/431/1490 1908/245/1490
f 1908/245/1491 2654/431/1491 1968/437/1491 1706/244/1491
f 2654/431/1492 2657/432/1492 1969/438/1492 1968/437/1492
f 2657/432/1493 2660/435/1493 1970/439/1493 1969/438/1493
f 2660/435/1494 1971/441/1494 1717/440/1494 1970/439/1494
f 2659/433/1495 1972/442/1495 1971/441/1495 2660/435/1495
f 2658/434/1496 1973/443/1496 1972/442/1496 2659/433/1496
f 1964/444/1497 1716/445/1497 1973/443/1497 2658/434/1497
f 1963/446/1498 1964/444/1498 2658/434/1498 2655/430/1498
f 1962/436/1499 1963/446/1499 2655/430/1499 2652/427/1499
f 2661/447/1500 2664/450/1500 2665/449/1500 2662/448/1500
f 2662/448/1501 2665/449/1501 2666/452/1501 2663/451/1501
f 2664/450/1502 2667/454/1502 2668/453/1502 2665/449/1502
f 2665/449/1503 2668/453/1503 2669/455/1503 2666/452/1503
f 1706/244/1504 1968/437/1504 2661/447/1504 1916/269/1504
f 1916/269/1505 2661/447/1505 2662/448/1505 1915/268/1505
f 1915/268/1506 2662/448/1506 2663/451/1506 1914/267/1506
f 1914/267/1507 2663/451/1507 1974/456/1507 1707/266/1507
f 2663/451/1508 2666/452/1508 1975/457/1508 1974/456/1508
f 2666/452/1509 2669/455/1509 1976/458/1509 1975/457/1509
f 2669/455/1510 1977/460/1510 1718/459/1510 1976/458/1510
f 2668/453/1511 1978/461/1511 1977/460/1511 2669/455/1511
f 2667/454/1512 1979/462/1512 1978/461/1512 2668/453/1512
f 1970/439/1513 1717/440/1513 1979/462/1513 2667/454/1513
f 1969/438/1514 1970/439/1514 2667/454/1514 2664/450/1514
f 1968/437/1515 1969/438/1515 2664/450/1515 2661/447/1515
f 2670/463/1516 2673/466/1516 2674/465/1516 2671/464/1516
f 2671/464/1517 2674/465/1517 2675/468/1517 2672/467/1517
f 2673/466/1518 2676/470/1518 2677/469/1518 2674/465/1518
f 2674/465/1519 2677/469/1519 2678/471/1519 2675/468/1519
f 1707/266/1520 1974/456/1520 2670/463/1520 1922/289/1520
f 1922/289/1521 2670/463/1521 2671/464/1521 1921/288/1521
f 1921/288/1522 2671/464/1522 2672/467/1522 1920/287/1522
f 1920/287/1523 2672/467/1523 1980/472/1523 1708/286/1523
f 2672/467/1524 2675/468/1524 1981/473/1524 1980/472/1524
f 2675/468/1525 2678/471/1525 1982/474/1525 1981/473/1525
f 2678/471/1526 1983/476/1526 1719/475/1526 1982/474/1526
f 2677/469/1527 1984/477/1527 1983/476/1527 2678/471/1527
f 2676/470/1528 1985/478/1528 1984/477/1528 2677/469/1528
f 1976/458/1529 1718/459/1529 1985/478/1529 2676/470/1529
f 1975/457/1530 1976/458/1530 2676/470/1530 2673/466/1530
f 1974/456/1531 1975/457/1531 2673/466/1531 2670/463/1531
f 2679/479/1532 2682/482/1532 2683/481/1532 2680/480/1532
f 2680/480/1533 2683/481/1533 2684/484/1533 2681/483/1533
f 2682/482/1534 2685/486/1534 2686/485/1534 2683/481/1534
f 2683/481/1535 2686/485/1535 2687/487/1535 2684/484/1535
f 1708/286/1536 1980/472/1536 2679/479/1536 1928/309/1536
f 1928/309/1537 2679/479/1537 2680/480/1537 1927/308/1537
f 1927/308/1538 2680/480/1538 2681/483/1538 1926/307/1538
f 1926/307/1539 2681/483/1539 1986/488/1539 1709/306/1539
f 2681/483/1540 2684/484/1540 1987/489/1540 1986/488/1540
f 2684/484/1541 2687/487/1541 1988/490/1541 1987/489/1541
f 2687/487/1542 1989/492/1542 1720/491/1542 1988/490/1542
f 2686/485/1543 1990/493/1543 1989/492/1543 2687/487/1543
f 2685/486/1544 1991/494/1544 1990/493/1544 2686/485/1544
f 1982/474/1545 1719/475/1545 1991/494/1545 2685/486/1545
f 1981/473/1546 1982/474/1546 2685/486/1546 2682/482/1546
f 1980/472/1547 1981/473/1547 2682/482/1547 2679/479/1547
f 2688/495/1548 2691/498/1548 2692/497/1548 2689/496/1548
f 2689/496/1549 2692/497/1549 2693/500/1549 2690/499/1549
f 2691/498/1550 2694/502/1550 2695/501/1550 2692/497/1550
f 2692/497/1551 2695/501/1551 2696/503/1551 2693/500/1551
f 1709/306/1552 1986/488/1552 2688/495/1552 1934/329/1552
f 1934/329/1553 2688/495/1553 2689/496/1553 1933/328/1553
f 1933/328/1554 2689/496/1554 2690/499/1554 1932/327/1554
f 1932/327/1555 2690/499/1555 1992/504/1555 1710/326/1555
f 2690/499/1556 2693/500/1556 1993/505/1556 1992/504/1556
f 2693/500/1557 2696/503/1557 1994/506/1557 1993/505/1557
f 2696/503/1558 1995/508/1558 1721/507/1558 1994/506/1558
f 2695/501/1559 1996/509/1559 1995/508/1559 2696/503/1559
f 2694/502/1560 1997/510/1560 1996/509/1560 2695/501/1560
f 1988/490/1561 1720/491/1561 1997/510/1561 2694/502/1561
f 1987/489/1562 1988/490/1562 2694/502/1562 2691/498/1562
f 1986/488/1563 1987/489/1563 2691/498/1563 2688/495/1563
f 2697/511/1564 2700/514/1564 2701/513/1564 2698/512/1564
f 2698/512/1565 2701/513/1565 2702/516/1565 2699/515/1565
f 2700/514/1566 2703/518/1566 2704/517/1566 2701/513/1566
f 2701/513/1567 2704/517/1567 2705/519/1567 2702/516/1567
f 1710/326/1568 1992/504/1568 2697/511/1568 1940/348/1568
f 1940/348/1569 2697/511/1569 2698/512/1569 1939/347/1569
f 1939/347/1570 2698/512/1570 2699/515/1570 1938/346/1570
f 1938/346/1571 2699/515/1571 1998/520/1571 1711/345/1571
f 2699/515/1572 2702/516/1572 1999/521/1572 1998/520/1572
f 2702/516/1573 2705/519/1573 2000/522/1573 1999/521/1573
f 2705/519/1574 2001/524/1574 1722/523/1574 2000/522/1574
f 2704/517/1575 2002/525/1575 2001/524/1575 2705/519/1575
f 2703/518/1576 2003/526/1576 2002/525/1576 2704/517/1576
f 1994/506/1577 1721/507/1577 2003/526/1577 2703/518/1577
f 1993/505/1578 1994/506/1578 2703/518/1578 2700/514/1578
f 1992/504/1579 1993/505/1579 2700/514/1579 2697/511/1579
f 2706/527/1580 2709/530/1580 2710/529/1580 2707/528/1580
f 2707/528/1581 2710/529/1581 2711/532/1581 2708/531/1581
f 2709/530/1582 2712/534/1582 2713/533/1582 2710/529/1582
f 2710/529/1583 2713/533/1583 2714/535/1583 2711/532/1583
f 1711/345/1584 1998/520/1584 2706/527/1584 1946/367/1584
f 1946/367/1585 2706/527/1585 2707/528/1585 1945/366/1585
f 1945/366/1586 2707/528/1586 2708/531/1586 1944/365/1586
f 1944/365/1587 2708/531/1587 2004/536/1587 1712/364/1587
f 2708/531/1588 2711/532/1588 2005/537/1588 2004/536/1588
f 2711/532/1589 2714/535/1589 2006/538/1589 2005/537/1589
f 2714/535/1590 2007/540/1590 1723/539/1590 2006/538/1590
f 2713/533/1591 2008/541/1591 2007/540/1591 2714/535/1591
f 2712/534/1592 2009/542/1592 2008/541/1592 2713/533/1592
f 2000/522/1593 1722/523/1593 2009/542/1593 2712/534/1593
f 1999/521/1594 2000/522/1594 2712/534/1594 2709/530/1594
f 1998/520/1595 1999/521/1595 2709/530/1595 2706/527/1595
f 2715/543/1596 2718/546/1596 2719/545/1596 2716/544/1596
f 2716/544/1597 2719/545/1597 2720/548/1597 2717/547/1597
f 2718/546/1598 2721/550/1598 2722/549/1598 2719/545/1598
f 2719/545/1599 2722/549/1599 2723/551/1599 2720/548/1599
f 1712/364/1600 2004/536/1600 2715/543/1600 1952/387/1600
f 1952/387/1601 2715/543/1601 2716/544/1601 1951/386/1601
f 1951/386/1602 2716/544/1602 2717/547/1602 1950/385/1602
f 1950/385/1603 2717/547/1603 2010/552/1603 1713/384/1603
f 2717/547/1604 2720/548/1604 2011/553/1604 2010/552/1604
f 2720/548/1605 2723/551/1605 2012/554/1605 2011/553/1605
f 2723/551/1606 2013/556/1606 1724/555/1606 2012/554/1606
f 2722/549/1607 2014/557/1607 2013/556/1607 2723/551/1607
f 2721/550/1608 2015/558/1608 2014/557/1608 2722/549/1608
f 2006/538/1609 1723/539/1609 2015/558/1609 2721/550/1609
f 2005/537/1610 2006/538/1610 2721/550/1610 2718/546/1610
f 2004/536/1611 2005/537/1611 2718/546/1611 2715/543/1611
f 2724/559/1356 2727/562/1356 2728/561/1356 2725/560/1356
f 2725/560/1357 2728/561/1357 2729/564/1357 2726/563/1357
f 2727/562/1358 2730/566/1358 2731/565/1358 2728/561/1358
f 2728/561/1359 2731/565/1359 2732/567/1359 2729/564/1359
f 1713/384/1287 2010/568/1287 2724/559/1287 1958/404/1287
f 1958/404/1282 2724/559/1282 2725/560/1282 1957/403/1282
f 1957/403/1282 2725/560/1282 2726/563/1282 1956/402/1282
f 1956/402/1282 2726/563/1282 2016/569/1282 1714/401/1282
f 2726/563/1282 2729/564/1282 2017/570/1282 2016/569/1282
f 2729/564/1282 2732/567/1282 2018/571/1282 2017/570/1282
f 2732/567/1360 2019/573/1360 1725/572/1360 2018/571/1360
f 2731/565/1361 2020/574/1361 2019/573/1361 2732/567/1361
f 2730/566/1362 2021/575/1362 2020/574/1362 2731/565/1362
f 2012/576/1363 1724/555/1363 2021/575/1363 2730/566/1363
f 2011/577/1364 2012/576/1364 2730/566/1364 2727/562/1364
f 2010/568/1365 2011/577/1365 2727/562/1365 2724/559/1365
f 2733/578/1612 2736/581/1612 2737/580/1612 2734/579/1612
f 2734/579/1613 2737/580/1613 2738/583/1613 2735/582/1613
f 2736/581/1614 2739/585/1614 2740/584/1614 2737/580/1614
f 2737/580/1615 2740/584/1615 2741/586/1615 2738/583/1615
f 1715/425/1616 2024/587/1616 2733/578/1616 1967/423/1616
f 1967/423/1617 2733/578/1617 2734/579/1617 1966/422/1617
f 1966/422/1618 2734/579/1618 2735/582/1618 1965/421/1618
f 1965/421/1619 2735/582/1619 2025/588/1619 1716/420/1619
f 2735/582/1620 2738/583/1620 2026/589/1620 2025/588/1620
f 2738/583/1621 2741/586/1621 2027/590/1621 2026/589/1621
f 2741/586/1622 2028/592/1622 1727/591/1622 2027/590/1622
f 2740/584/1623 2029/593/1623 2028/592/1623 2741/586/1623
f 2739/585/1624 2030/594/1624 2029/593/1624 2740/584/1624
f 2022/595/1625 1726/596/1625 2030/594/1625 2739/585/1625
f 2023/597/1626 2022/595/1626 2739/585/1626 2736/581/1626
f 2024/587/1627 2023/597/1627 2736/581/1627 2733/578/1627
f 2742/598/1628 2745/601/1628 2746/600/1628 2743/599/1628
f 2743/599/1629 2746/600/1629 2747/603/1629 2744/602/1629
f 2745/601/1630 2748/605/1630 2749/604/1630 2746/600/1630
f 2746/600/1631 2749/604/1631 2750/606/1631 2747/603/1631
f 1716/445/1632 2025/607/1632 2742/598/1632 1973/443/1632
f 1973/443/1633 2742/598/1633 2743/599/1633 1972/442/1633
f 1972/442/1634 2743/599/1634 2744/602/1634 1971/441/1634
f 1971/441/1635 2744/602/1635 2031/608/1635 1717/440/1635
f 2744/602/1636 2747/603/1636 2032/609/1636 2031/608/1636
f 2747/603/1637 2750/606/1637 2033/610/1637 2032/609/1637
f 2750/606/1638 2034/612/1638 1728/611/1638 2033/610/1638
f 2749/604/1639 2035/613/1639 2034/612/1639 2750/606/1639
f 2748/605/1640 2036/614/1640 2035/613/1640 2749/604/1640
f 2027/615/1641 1727/616/1641 2036/614/1641 2748/605/1641
f 2026/617/1642 2027/615/1642 2748/605/1642 2745/601/1642
f 2025/607/1643 2026/617/1643 2745/601/1643 2742/598/1643
f 2751/618/1644 2754/621/1644 2755/620/1644 2752/619/1644
f 2752/619/1645 2755/620/1645 2756/623/1645 2753/622/1645
f 2754/621/1646 2757/625/1646 2758/624/1646 2755/620/1646
f 2755/620/1647 2758/624/1647 2759/626/1647 2756/623/1647
f 1717/440/1648 2031/608/1648 2751/618/1648 1979/462/1648
f 1979/462/1649 2751/618/1649 2752/619/1649 1978/461/1649
f 1978/461/1650 2752/619/1650 2753/622/1650 1977/460/1650
f 1977/460/1651 2753/622/1651 2037/627/1651 1718/459/1651
f 2753/622/1652 2756/623/1652 2038/628/1652 2037/627/1652
f 2756/623/1653 2759/626/1653 2039/629/1653 2038/628/1653
f 2759/626/1654 2040/631/1654 1729/630/1654 2039/629/1654
f 2758/624/1655 2041/632/1655 2040/631/1655 2759/626/1655
f 2757/625/1656 2042/633/1656 2041/632/1656 2758/624/1656
f 2033/610/1657 1728/611/1657 2042/633/1657 2757/625/1657
f 2032/609/1658 2033/610/1658 2757/625/1658 2754/621/1658
f 2031/608/1659 2032/609/1659 2754/621/1659 2751/618/1659
f 2760/634/1660 2763/637/1660 2764/636/1660 2761/635/1660
f 2761/635/1661 2764/636/1661 2765/639/1661 2762/638/1661
f 2763/637/1662 2766/641/1662 2767/640/1662 2764/636/1662
f 2764/636/1663 2767/640/1663 2768/642/1663 2765/639/1663
f 1718/459/1664 2037/627/1664 2760/634/1664 1985/478/1664
f 1985/478/1665 2760/634/1665 2761/635/1665 1984/477/1665
f 1984/477/1666 2761/635/1666 2762/638/1666 1983/476/1666
f 1983/476/1667 2762/638/1667 2043/643/1667 1719/475/1667
f 2762/638/1668 2765/639/1668 2044/644/1668 2043/643/1668
f 2765/639/1669 2768/642/1669 2045/645/1669 2044/644/1669
f 2768/642/1670 2046/647/1670 1730/646/1670 2045/645/1670
f 2767/640/1671 2047/648/1671 2046/647/1671 2768/642/1671
f 2766/641/1672 2048/649/1672 2047/648/1672 2767/640/1672
f 2039/629/1673 1729/630/1673 2048/649/1673 2766/641/1673
f 2038/628/1674 2039/629/1674 2766/641/1674 2763/637/1674
f 2037/627/1675 2038/628/1675 2763/637/1675 2760/634/1675
f 2769/650/1676 2772/653/1676 2773/652/1676 2770/651/1676
f 2770/651/1677 2773/652/1677 2774/655/1677 2771/654/1677
f 2772/653/1678 2775/657/1678 2776/656/1678 2773/652/1678
f 2773/652/1679 2776/656/1679 2777/658/1679 2774/655/1679
f 1719/475/1680 2043/643/1680 2769/650/1680 1991/494/1680
f 1991/494/1681 2769/650/1681 2770/651/1681 1990/493/1681
f 1990/493/1682 2770/651/1682 2771/654/1682 1989/492/1682
f 1989/492/1683 2771/654/1683 2049/659/1683 1720/491/1683
f 2771/654/1684 2774/655/1684 2050/660/1684 2049/659/1684
f 2774/655/1685 2777/658/1685 2051/661/1685 2050/660/1685
f 2777/658/1686 2052/663/1686 1731/662/1686 2051/661/1686
f 2776/656/1687 2053/664/1687 2052/663/1687 2777/658/1687
f 2775/657/1688 2054/665/1688 2053/664/1688 2776/656/1688
f 2045/645/1689 1730/646/1689 2054/665/1689 2775/657/1689
f 2044/644/1690 2045/645/1690 2775/657/1690 2772/653/1690
f 2043/643/1691 2044/644/1691 2772/653/1691 2769/650/1691
f 2778/666/1692 2781/669/1692 2782/668/1692 2779/667/1692
f 2779/667/1693 2782/668/1693 2783/671/1693 2780/670/1693
f 2781/669/1694 2784/673/1694 2785/672/1694 2782/668/1694
f 2782/668/1695 2785/672/1695 2786/674/1695 2783/671/1695
f 1720/491/1696 2049/659/1696 2778/666/1696 1997/510/1696
f 1997/510/1697 2778/666/1697 2779/667/1697 1996/509/1697
f 1996/509/1698 2779/667/1698 2780/670/1698 1995/508/1698
f 1995/508/1699 2780/670/1699 2055/675/1699 1721/507/1699
f 2780/670/1700 2783/671/1700 2056/676/1700 2055/675/1700
f 2783/671/1701 2786/674/1701 2057/677/1701 2056/676/1701
f 2786/674/1702 2058/679/1702 1732/678/1702 2057/677/1702
f 2785/672/1703 2059/680/1703 2058/679/1703 2786/674/1703
f 2784/673/1704 2060/681/1704 2059/680/1704 2785/672/1704
f 2051/661/1705 1731/662/1705 2060/681/1705 2784/673/1705
f 2050/660/1706 2051/661/1706 2784/673/1706 2781/669/1706
f 2049/659/1707 2050/660/1707 2781/669/1707 2778/666/1707
f 2787/682/1708 2790/685/1708 2791/684/1708 2788/683/1708
f 2788/683/1709 2791/684/1709 2792/687/1709 2789/686/1709
f 2790/685/1710 2793/689/1710 2794/688/1710 2791/684/1710
f 2791/684/1711 2794/688/1711 2795/690/1711 2792/687/1711
f 1721/507/1712 2055/675/1712 2787/682/1712 2003/526/1712
f 2003/526/1713 2787/682/1713 2788/683/1713 2002/525/1713
f 2002/525/1714 2788/683/1714 2789/686/1714 2001/524/1714
f 2001/524/1715 2789/686/1715 2061/691/1715 1722/523/1715
f 2789/686/1716 2792/687/1716 2062/692/1716 2061/691/1716
f 2792/687/1717 2795/690/1717 2063/693/1717 2062/692/1717
f 2795/690/1718 2064/695/1718 1733/694/1718 2063/693/1718
f 2794/688/1719 2065/696/1719 2064/695/1719 2795/690/1719
f 2793/689/1720 2066/697/1720 2065/696/1720 2794/688/1720
f 2057/677/1721 1732/678/1721 2066/697/1721 2793/689/1721
f 2056/676/1722 2057/677/1722 2793/689/1722 2790/685/1722
f 2055/675/1723 2056/676/1723 2790/685/1723 2787/682/1723
f 2796/698/1724 2799/701/1724 2800/700/1724 2797/699/1724
f 2797/699/1725 2800/700/1725 2801/703/1725 2798/702/1725
f 2799/701/1726 2802/705/1726 2803/704/1726 2800/700/1726
f 2800/700/1727 2803/704/1727 2804/706/1727 2801/703/1727
f 1722/523/1728 2061/691/1728 2796/698/1728 2009/542/1728
f 2009/542/1729 2796/698/1729 2797/699/1729 2008/541/1729
f 2008/541/1730 2797/699/1730 2798/702/1730 2007/540/1730
f 2007/540/1731 2798/702/1731 2067/707/1731 1723/539/1731
f 2798/702/1732 2801/703/1732 2068/708/1732 2067/707/1732
f 2801/703/1733 2804/706/1733 2069/709/1733 2068/708/1733
f 2804/706/1734 2070/711/1734 1734/710/1734 2069/709/1734
f 2803/704/1735 2071/712/1735 2070/711/1735 2804/706/1735
f 2802/705/1736 2072/713/1736 2071/712/1736 2803/704/1736
f 2063/693/1737 1733/694/1737 2072/713/1737 2802/705/1737
f 2062/692/1738 2063/693/1738 2802/705/1738 2799/701/1738
f 2061/691/1739 2062/692/1739 2799/701/1739 2796/698/1739
f 2805/714/1740 2808/717/1740 2809/716/1740 2806/715/1740
f 2806/715/1741 2809/716/1741 2810/719/1741 2807/718/1741
f 2808/717/1742 2811/721/1742 2812/720/1742 2809/716/1742
f 2809/716/1743 2812/720/1743 2813/722/1743 2810/719/1743
f 1723/539/1744 2067/707/1744 2805/714/1744 2015/558/1744
f 2015/558/1745 2805/714/1745 2806/715/1745 2014/557/1745
f 2014/557/1746 2806/715/1746 2807/718/1746 2013/556/1746
f 2013/556/1747 2807/718/1747 2073/723/1747 1724/555/1747
f 2807/718/1748 2810/719/1748 2074/724/1748 2073/723/1748
f 2810/719/1749 2813/722/1749 2075/725/1749 2074/724/1749
f 2813/722/1750 2076/727/1750 1735/726/1750 2075/725/1750
f 2812/720/1751 2077/728/1751 2076/727/1751 2813/722/1751
f 2811/721/1752 2078/729/1752 2077/728/1752 2812/720/1752
f 2069/709/1753 1734/710/1753 2078/729/1753 2811/721/1753
f 2068/708/1754 2069/709/1754 2811/721/1754 2808/717/1754
f 2067/707/1755 2068/708/1755 2808/717/1755 2805/714/1755
f 2814/730/1756 2817/733/1756 2818/732/1756 2815/731/1756
f 2815/731/1757 2818/732/1757 2819/735/1757 2816/734/1757
f 2817/733/1758 2820/737/1758 2821/736/1758 2818/732/1758
f 2818/732/1759 2821/736/1759 2822/738/1759 2819/735/1759
f 1724/555/1760 2073/739/1760 2814/730/1760 2021/575/1760
f 2021/575/1761 2814/730/1761 2815/731/1761 2020/574/1761
f 2020/574/1762 2815/731/1762 2816/734/1762 2019/573/1762
f 2019/573/1763 2816/734/1763 2079/740/1763 1725/572/1763
f 2816/734/1764 2819/735/1764 2080/741/1764 2079/740/1764
f 2819/735/1765 2822/738/1765 2081/742/1765 2080/741/1765
f 2822/738/1766 2082/744/1766 1736/743/1766 2081/742/1766
f 2821/736/1767 2083/745/1767 2082/744/1767 2822/738/1767
f 2820/737/1768 2084/746/1768 2083/745/1768 2821/736/1768
f 2075/747/1769 1735/748/1769 2084/746/1769 2820/737/1769
f 2074/749/1770 2075/747/1770 2820/737/1770 2817/733/1770
f 2073/739/1771 2074/749/1771 2817/733/1771 2814/730/1771
f 2823/750/1772 2826/753/1772 2827/752/1772 2824/751/1772
f 2824/751/1773 2827/752/1773 2828/755/1773 2825/754/1773
f 2826/753/1774 2829/757/1774 2830/756/1774 2827/752/1774
f 2827/752/1775 2830/756/1775 2831/758/1775 2828/755/1775
f 1726/596/1776 2087/759/1776 2823/750/1776 2030/594/1776
f 2030/594/1777 2823/750/1777 2824/751/1777 2029/593/1777
f 2029/593/1778 2824/751/1778 2825/754/1778 2028/592/1778
f 2028/592/1779 2825/754/1779 2088/760/1779 1727/591/1779
f 2825/754/1780 2828/755/1780 2089/761/1780 2088/760/1780
f 2828/755/1781 2831/758/1781 2090/762/1781 2089/761/1781
f 2831/758/1782 2091/764/1782 1738/763/1782 2090/762/1782
f 2830/756/1783 2092/765/1783 2091/764/1783 2831/758/1783
f 2829/757/1784 2093/766/1784 2092/765/1784 2830/756/1784
f 2085/767/1785 1737/768/1785 2093/766/1785 2829/757/1785
f 2086/769/1786 2085/767/1786 2829/757/1786 2826/753/1786
f 2087/759/1787 2086/769/1787 2826/753/1787 2823/750/1787
f 2832/770/1788 2835/773/1788 2836/772/1788 2833/771/1788
f 2833/771/1789 2836/772/1789 2837/775/1789 2834/774/1789
f 2835/773/1790 2838/777/1790 2839/776/1790 2836/772/1790
f 2836/772/1791 2839/776/1791 2840/778/1791 2837/775/1791
f 1727/616/1792 2088/779/1792 2832/770/1792 2036/614/1792
f 2036/614/1793 2832/770/1793 2833/771/1793 2035/613/1793
f 2035/613/1794 2833/771/1794 2834/774/1794 2034/612/1794
f 2034/612/1795 2834/774/1795 2094/780/1795 1728/611/1795
f 2834/774/1796 2837/775/1796 2095/781/1796 2094/780/1796
f 2837/775/1797 2840/778/1797 2096/782/1797 2095/781/1797
f 2840/778/1798 2097/784/1798 1739/783/1798 2096/782/1798
f 2839/776/1799 2098/785/1799 2097/784/1799 2840/778/1799
f 2838/777/1800 2099/786/1800 2098/785/1800 2839/776/1800
f 2090/787/1801 1738/788/1801 2099/786/1801 2838/777/1801
f 2089/789/1802 2090/787/1802 2838/777/1802 2835/773/1802
f 2088/779/1803 2089/789/1803 2835/773/1803 2832/770/1803
f 2841/790/1804 2844/793/1804 2845/792/1804 2842/791/1804
f 2842/791/1805 2845/792/1805 2846/795/1805 2843/794/1805
f 2844/793/1806 2847/797/1806 2848/796/1806 2845/792/1806
f 2845/792/1807 2848/796/1807 2849/798/1807 2846/795/1807
f 1728/611/1808 2094/780/1808 2841/790/1808 2042/633/1808
f 2042/633/1809 2841/790/1809 2842/791/1809 2041/632/1809
f 2041/632/1810 2842/791/1810 2843/794/1810 2040/631/1810
f 2040/631/1811 2843/794/1811 2100/799/1811 1729/630/1811
f 2843/794/1812 2846/795/1812 2101/800/1812 2100/799/1812
f 2846/795/1813 2849/798/1813 2102/801/1813 2101/800/1813
f 2849/798/1814 2103/803/1814 1740/802/1814 2102/801/1814
f 2848/796/1815 2104/804/1815 2103/803/1815 2849/798/1815
f 2847/797/1816 2105/805/1816 2104/804/1816 2848/796/1816
f 2096/782/1817 1739/783/1817 2105/805/1817 2847/797/1817
f 2095/781/1818 2096/782/1818 2847/797/1818 2844/793/1818
f 2094/780/1819 2095/781/1819 2844/793/1819 2841/790/1819
f 2850/806/1820 2853/809/1820 2854/808/1820 2851/807/1820
f 2851/807/1821 2854/808/1821 2855/811/1821 2852/810/1821
f 2853/809/1822 2856/813/1822 2857/812/1822 2854/808/1822
f 2854/808/1823 2857/812/1823 2858/814/1823 2855/811/1823
f 1729/630/1824 2100/799/1824 2850/806/1824 2048/649/1824
f 2048/649/1825 2850/806/1825 2851/807/1825 2047/648/1825
f 2047/648/1826 2851/807/1826 2852/810/1826 2046/647/1826
f 2046/647/1827 2852/810/1827 2106/815/1827 1730/646/1827
f 2852/810/1828 2855/811/1828 2107/816/1828 2106/815/1828
f 2855/811/1829 2858/814/1829 2108/817/1829 2107/816/1829
f 2858/814/1830 2109/819/1830 1741/818/1830 2108/817/1830
f 2857/812/1831 2110/820/1831 2109/819/1831 2858/814/1831
f 2856/813/1832 2111/821/1832 2110/820/1832 2857/812/1832
f 2102/801/1833 1740/802/1833 2111/821/1833 2856/813/1833
f 2101/800/1834 2102/801/1834 2856/813/1834 2853/809/1834
f 2100/799/1835 2101/800/1835 2853/809/1835 2850/806/1835
f 2859/822/1836 2862/825/1836 2863/824/1836 2860/823/1836
f 2860/823/1837 2863/824/1837 2864/827/1837 2861/826/1837
f 2862/825/1838 2865/829/1838 2866/828/1838 2863/824/1838
f 2863/824/1839 2866/828/1839 2867/830/1839 2864/827/1839
f 1730/646/1840 2106/815/1840 2859/822/1840 2054/665/1840
f 2054/665/1841 2859/822/1841 2860/823/1841 2053/664/1841
f 2053/664/1842 2860/823/1842 2861/826/1842 2052/663/1842
f 2052/663/1843 2861/826/1843 2112/831/1843 1731/662/1843
f 2861/826/1844 2864/827/1844 2113/832/1844 2112/831/1844
f 2864/827/1845 2867/830/1845 2114/833/1845 2113/832/1845
f 2867/830/1846 2115/835/1846 1742/834/1846 2114/833/1846
f 2866/828/1847 2116/836/1847 2115/835/1847 2867/830/1847
f 2865/829/1848 2117/837/1848 2116/836/1848 2866/828/1848
f 2108/817/1849 1741/818/1849 2117/837/1849 2865/829/1849
f 2107/816/1850 2108/817/1850 2865/829/1850 2862/825/1850
f 2106/815/1851 2107/816/1851 2862/825/1851 2859/822/1851
f 2868/838/1852 2871/841/1852 2872/840/1852 2869/839/1852
f 2869/839/1853 2872/840/1853 2873/843/1853 2870/842/1853
f 2871/841/1854 2874/845/1854 2875/844/1854 2872/840/1854
f 2872/840/1855 2875/844/1855 2876/846/1855 2873/843/1855
f 1731/662/1856 2112/831/1856 2868/838/1856 2060/681/1856
f 2060/681/1857 2868/838/1857 2869/839/1857 2059/680/1857
f 2059/680/1858 2869/839/1858 2870/842/1858 2058/679/1858
f 2058/679/1859 2870/842/1859 2118/847/1859 1732/678/1859
f 2870/842/1860 2873/843/1860 2119/848/1860 2118/847/1860
f 2873/843/1861 2876/846/1861 2120/849/1861 2119/848/1861
f 2876/846/1862 2121/851/1862 1743/850/1862 2120/849/1862
f 2875/844/1863 2122/852/1863 2121/851/1863 2876/846/1863
f 2874/845/1864 2123/853/1864 2122/852/1864 2875/844/1864
f 2114/833/1865 1742/834/1865 2123/853/1865 2874/845/1865
f 2113/832/1866 2114/833/1866 2874/845/1866 2871/841/1866
f 2112/831/1867 2113/832/1867 2871/841/1867 2868/838/1867
f 2877/854/1868 2880/857/1868 2881/856/1868 2878/855/1868
f 2878/855/1869 2881/856/1869 2882/859/1869 2879/858/1869
f 2880/857/1870 2883/861/1870 2884/860/1870 2881/856/1870
f 2881/856/1871 2884/860/1871 2885/862/1871 2882/859/1871
f 1732/678/1872 2118/847/1872 2877/854/1872 2066/697/1872
f 2066/697/1873 2877/854/1873 2878/855/1873 2065/696/1873
f 2065/696/1874 2878/855/1874 2879/858/1874 2064/695/1874
f 2064/695/1875 2879/858/1875 2124/863/1875 1733/694/1875
f 2879/858/1876 2882/859/1876 2125/864/1876 2124/863/1876
f 2882/859/1877 2885/862/1877 2126/865/1877 2125/864/1877
f 2885/862/1878 2127/867/1878 1744/866/1878 2126/865/1878
f 2884/860/1879 2128/868/1879 2127/867/1879 2885/862/1879
f 2883/861/1880 2129/869/1880 2128/868/1880 2884/860/1880
f 2120/849/1881 1743/850/1881 2129/869/1881 2883/861/1881
f 2119/848/1882 2120/849/1882 2883/861/1882 2880/857/1882
f 2118/847/1883 2119/848/1883 2880/857/1883 2877/854/1883
f 2886/870/1884 2889/873/1884 2890/872/1884 2887/871/1884
f 2887/871/1885 2890/872/1885 2891/875/1885 2888/874/1885
f 2889/873/1886 2892/877/1886 2893/876/1886 2890/872/1886
f 2890/872/1887 2893/876/1887 2894/878/1887 2891/875/1887
f 1733/694/1888 2124/863/1888 2886/870/1888 2072/713/1888
f 2072/713/1889 2886/870/1889 2887/871/1889 2071/712/1889
f 2071/712/1890 2887/871/1890 2888/874/1890 2070/711/1890
f 2070/711/1891 2888/874/1891 2130/879/1891 1734/710/1891
f 2888/874/1892 2891/875/1892 2131/880/1892 2130/879/1892
f 2891/875/1893 2894/878/1893 2132/881/1893 2131/880/1893
f 2894/878/1894 2133/883/1894 1745/882/1894 2132/881/1894
f 2893/876/1895 2134/884/1895 2133/883/1895 2894/878/1895
f 2892/877/1896 2135/885/1896 2134/884/1896 2893/876/1896
f 2126/865/1897 1744/866/1897 2135/885/1897 2892/877/1897
f 2125/864/1898 2126/865/1898 2892/877/1898 2889/873/1898
f 2124/863/1899 2125/864/1899 2889/873/1899 2886/870/1899
f 2895/886/1900 2898/889/1900 2899/888/1900 2896/887/1900
f 2896/887/1901 2899/888/1901 2900/891/1901 2897/890/1901
f 2898/889/1902 2901/893/1902 2902/892/1902 2899/888/1902
f 2899/888/1903 2902/892/1903 2903/894/1903 2900/891/1903
f 1734/710/1904 2130/879/1904 2895/886/1904 2078/729/1904
f 2078/729/1905 2895/886/1905 2896/887/1905 2077/728/1905
f 2077/728/1906 2896/887/1906 2897/890/1906 2076/727/1906
f 2076/727/1907 2897/890/1907 2136/895/1907 1735/726/1907
f 2897/890/1908 2900/891/1908 2137/896/1908 2136/895/1908
f 2900/891/1909 2903/894/1909 2138/897/1909 2137/896/1909
f 2903/894/1910 2139/899/1910 1746/898/1910 2138/897/1910
f 2902/892/1911 2140/900/1911 2139/899/1911 2903/894/1911
f 2901/893/1912 2141/901/1912 2140/900/1912 2902/892/1912
f 2132/881/1913 1745/882/1913 2141/901/1913 2901/893/1913
f 2131/880/1914 2132/881/1914 2901/893/1914 2898/889/1914
f 2130/879/1915 2131/880/1915 2898/889/1915 2895/886/1915
f 2904/902/1916 2907/905/1916 2908/904/1916 2905/903/1916
f 2905/903/1917 2908/904/1917 2909/907/1917 2906/906/1917
f 2907/905/1918 2910/909/1918 2911/908/1918 2908/904/1918
f 2908/904/1919 2911/908/1919 2912/910/1919 2909/907/1919
f 1735/748/1920 2136/911/1920 2904/902/1920 2084/746/1920
f 2084/746/1921 2904/902/1921 2905/903/1921 2083/745/1921
f 2083/745/1922 2905/903/1922 2906/906/1922 2082/744/1922
f 2082/744/1923 2906/906/1923 2142/912/1923 1736/743/1923
f 2906/906/1924 2909/907/1924 2143/913/1924 2142/912/1924
f 2909/907/1925 2912/910/1925 2144/914/1925 2143/913/1925
f 2912/910/1926 2145/916/1926 1747/915/1926 2144/914/1926
f 2911/908/1927 2146/917/1927 2145/916/1927 2912/910/1927
f 2910/909/1928 2147/918/1928 2146/917/1928 2911/908/1928
f 2138/919/1929 1746/920/1929 2147/918/1929 2910/909/1929
f 2137/921/1930 2138/919/1930 2910/909/1930 2907/905/1930
f 2136/911/1931 2137/921/1931 2907/905/1931 2904/902/1931
f 2913/922/1932 2916/925/1932 2917/924/1932 2914/923/1932
f 2914/923/1933 2917/924/1933 2918/927/1933 2915/926/1933
f 2916/925/1934 2919/929/1934 2920/928/1934 2917/924/1934
f 2917/924/1935 2920/928/1935 2921/930/1935 2918/927/1935
f 1737/768/1785 2150/931/1785 2913/922/1785 2093/766/1785
f 2093/766/1936 2913/922/1936 2914/923/1936 2092/765/1936
f 2092/765/1937 2914/923/1937 2915/926/1937 2091/764/1937
f 2091/764/1938 2915/926/1938 2151/932/1938 1738/763/1938
f 2915/926/1939 2918/927/1939 2152/933/1939 2151/932/1939
f 2918/927/1940 2921/930/1940 2153/934/1940 2152/933/1940
f 2921/930/1941 2154/936/1941 1749/935/1941 2153/934/1941
f 2920/928/1942 2155/937/1942 2154/936/1942 2921/930/1942
f 2919/929/1943 2156/938/1943 2155/937/1943 2920/928/1943
f 2148/939/1944 1748/940/1944 2156/938/1944 2919/929/1944
f 2149/941/1945 2148/939/1945 2919/929/1945 2916/925/1945
f 2150/931/1786 2149/941/1786 2916/925/1786 2913/922/1786
f 2922/942/1946 2925/945/1946 2926/944/1946 2923/943/1946
f 2923/943/1947 2926/944/1947 2927/947/1947 2924/946/1947
f 2925/945/1948 2928/949/1948 2929/948/1948 2926/944/1948
f 2926/944/1949 2929/948/1949 2930/950/1949 2927/947/1949
f 1738/788/1950 2151/951/1950 2922/942/1950 2099/786/1950
f 2099/786/1951 2922/942/1951 2923/943/1951 2098/785/1951
f 2098/785/1952 2923/943/1952 2924/946/1952 2097/784/1952
f 2097/784/1953 2924/946/1953 2157/952/1953 1739/783/1953
f 2924/946/1954 2927/947/1954 2158/953/1954 2157/952/1954
f 2927/947/1955 2930/950/1955 2159/954/1955 2158/953/1955
f 2930/950/1956 2160/956/1956 1750/955/1956 2159/954/1956
f 2929/948/1957 2161/957/1957 2160/956/1957 2930/950/1957
f 2928/949/1958 2162/958/1958 2161/957/1958 2929/948/1958
f 2153/959/1959 1749/960/1959 2162/958/1959 2928/949/1959
f 2152/961/1960 2153/959/1960 2928/949/1960 2925/945/1960
f 2151/951/1961 2152/961/1961 2925/945/1961 2922/942/1961
f 2931/962/1962 2934/965/1962 2935/964/1962 2932/963/1962
f 2932/963/1963 2935/964/1963 2936/967/1963 2933/966/1963
f 2934/965/1964 2937/969/1964 2938/968/1964 2935/964/1964
f 2935/964/1965 2938/968/1965 2939/970/1965 2936/967/1965
f 1739/783/1966 2157/952/1966 2931/962/1966 2105/805/1966
f 2105/805/1967 2931/962/1967 2932/963/1967 2104/804/1967
f 2104/804/1968 2932/963/1968 2933/966/1968 2103/803/1968
f 2103/803/1969 2933/966/1969 2163/971/1969 1740/802/1969
f 2933/966/1970 2936/967/1970 2164/972/1970 2163/971/1970
f 2936/967/1971 2939/970/1971 2165/973/1971 2164/972/1971
f 2939/970/1972 2166/975/1972 1751/974/1972 2165/973/1972
f 2938/968/1973 2167/976/1973 2166/975/1973 2939/970/1973
f 2937/969/1974 2168/977/1974 2167/976/1974 2938/968/1974
f 2159/954/1975 1750/955/1975 2168/977/1975 2937/969/1975
f 2158/953/1976 2159/954/1976 2937/969/1976 2934/965/1976
f 2157/952/1977 2158/953/1977 2934/965/1977 2931/962/1977
f 2940/978/1978 2943/981/1978 2944/980/1978 2941/979/1978
f 2941/979/1979 2944/980/1979 2945/983/1979 2942/982/1979
f 2943/981/1980 2946/985/1980 2947/984/1980 2944/980/1980
f 2944/980/1981 2947/984/1981 2948/986/1981 2945/983/1981
f 1740/802/1982 2163/971/1982 2940/978/1982 2111/821/1982
f 2111/821/1983 2940/978/1983 2941/979/1983 2110/820/1983
f 2110/820/1984 2941/979/1984 2942/982/1984 2109/819/1984
f 2109/819/1985 2942/982/1985 2169/987/1985 1741/818/1985
f 2942/982/1986 2945/983/1986 2170/988/1986 2169/987/1986
f 2945/983/1987 2948/986/1987 2171/989/1987 2170/988/1987
f 2948/986/1988 2172/991/1988 1752/990/1988 2171/989/1988
f 2947/984/1989 2173/992/1989 2172/991/1989 2948/986/1989
f 2946/985/1990 2174/993/1990 2173/992/1990 2947/984/1990
f 2165/973/1991 1751/974/1991 2174/993/1991 2946/985/1991
f 2164/972/1992 2165/973/1992 2946/985/1992 2943/981/1992
f 2163/971/1993 2164/972/1993 2943/981/1993 2940/978/1993
f 2949/994/1994 2952/997/1994 2953/996/1994 2950/995/1994
f 2950/995/1995 2953/996/1995 2954/999/1995 2951/998/1995
f 2952/997/1996 2955/1001/1996 2956/1000/1996 2953/996/1996
f 2953/996/1997 2956/1000/1997 2957/1002/1997 2954/999/1997
f 1741/818/1998 2169/987/1998 2949/994/1998 2117/837/1998
f 2117/837/1999 2949/994/1999 2950/995/1999 2116/836/1999
f 2116/836/2000 2950/995/2000 2951/998/2000 2115/835/2000
f 2115/835/2001 2951/998/2001 2175/1003/2001 1742/834/2001
f 2951/998/2002 2954/999/2002 2176/1004/2002 2175/1003/2002
f 2954/999/2003 2957/1002/2003 2177/1005/2003 2176/1004/2003
f 2957/1002/2004 2178/1007/2004 1753/1006/2004 2177/1005/2004
f 2956/1000/2005 2179/1008/2005 2178/1007/2005 2957/1002/2005
f 2955/1001/2006 2180/1009/2006 2179/1008/2006 2956/1000/2006
f 2171/989/2007 1752/990/2007 2180/1009/2007 2955/1001/2007
f 2170/988/2008 2171/989/2008 2955/1001/2008 2952/997/2008
f 2169/987/2009 2170/988/2009 2952/997/2009 2949/994/2009
f 2958/1010/2010 2961/1013/2010 2962/1012/2010 2959/1011/2010
f 2959/1011/2011 2962/1012/2011 2963/1015/2011 2960/1014/2011
f 2961/1013/2012 2964/1017/2012 2965/1016/2012 2962/1012/2012
f 2962/1012/2013 2965/1016/2013 2966/1018/2013 2963/1015/2013
f 1742/834/2014 2175/1003/2014 2958/1010/2014 2123/853/2014
f 2123/853/2015 2958/1010/2015 2959/1011/2015 2122/852/2015
f 2122/852/2016 2959/1011/2016 2960/1014/2016 2121/851/2016
f 2121/851/2017 2960/1014/2017 2181/1019/2017 1743/850/2017
f 2960/1014/2018 2963/1015/2018 2182/1020/2018 2181/1019/2018
f 2963/1015/2019 2966/1018/2019 2183/1021/2019 2182/1020/2019
f 2966/1018/2020 2184/1023/2020 1754/1022/2020 2183/1021/2020
f 2965/1016/2021 2185/1024/2021 2184/1023/2021 2966/1018/2021
f 2964/1017/2022 2186/1025/2022 2185/1024/2022 2965/1016/2022
f 2177/1005/2023 1753/1006/2023 2186/1025/2023 2964/1017/2023
f 2176/1004/2024 2177/1005/2024 2964/1017/2024 2961/1013/2024
f 2175/1003/2025 2176/1004/2025 2961/1013/2025 2958/1010/2025
f 2967/1026/2026 2970/1029/2026 2971/1028/2026 2968/1027/2026
f 2968/1027/2027 2971/1028/2027 2972/1031/2027 2969/1030/2027
f 2970/1029/2028 2973/1033/2028 2974/1032/2028 2971/1028/2028
f 2971/1028/2029 2974/1032/2029 2975/1034/2029 2972/1031/2029
f 1743/850/2030 2181/1019/2030 2967/1026/2030 2129/869/2030
f 2129/869/2031 2967/1026/2031 2968/1027/2031 2128/868/2031
f 2128/868/2032 2968/1027/2032 2969/1030/2032 2127/867/2032
f 2127/867/2033 2969/1030/2033 2187/1035/2033 1744/866/2033
f 2969/1030/2034 2972/1031/2034 2188/1036/2034 2187/1035/2034
f 2972/1031/2035 2975/1034/2035 2189/1037/2035 2188/1036/2035
f 2975/1034/2036 2190/1039/2036 1755/1038/2036 2189/1037/2036
f 2974/1032/2037 2191/1040/2037 2190/1039/2037 2975/1034/2037
f 2973/1033/2038 2192/1041/2038 2191/1040/2038 2974/1032/2038
f 2183/1021/2039 1754/1022/2039 2192/1041/2039 2973/1033/2039
f 2182/1020/2040 2183/1021/2040 2973/1033/2040 2970/1029/2040
f 2181/1019/2041 2182/1020/2041 2970/1029/2041 2967/1026/2041
f 2976/1042/2042 2979/1045/2042 2980/1044/2042 2977/1043/2042
f 2977/1043/2043 2980/1044/2043 2981/1047/2043 2978/1046/2043
f 2979/1045/2044 2982/1049/2044 2983/1048/2044 2980/1044/2044
f 2980/1044/2045 2983/1048/2045 2984/1050/2045 2981/1047/2045
f 1744/866/2046 2187/1035/2046 2976/1042/2046 2135/885/2046
f 2135/885/2047 2976/1042/2047 2977/1043/2047 2134/884/2047
f 2134/884/2048 2977/1043/2048 2978/1046/2048 2133/883/2048
f 2133/883/2049 2978/1046/2049 2193/1051/2049 1745/882/2049
f 2978/1046/2050 2981/1047/2050 2194/1052/2050 2193/1051/2050
f 2981/1047/2051 2984/1050/2051 2195/1053/2051 2194/1052/2051
f 2984/1050/2052 2196/1055/2052 1756/1054/2052 2195/1053/2052
f 2983/1048/2053 2197/1056/2053 2196/1055/2053 2984/1050/2053
f 2982/1049/2054 2198/1057/2054 2197/1056/2054 2983/1048/2054
f 2189/1037/2055 1755/1038/2055 2198/1057/2055 2982/1049/2055
f 2188/1036/2056 2189/1037/2056 2982/1049/2056 2979/1045/2056
f 2187/1035/2057 2188/1036/2057 2979/1045/2057 2976/1042/2057
f 2985/1058/2058 2988/1061/2058 2989/1060/2058 2986/1059/2058
f 2986/1059/2059 2989/1060/2059 2990/1063/2059 2987/1062/2059
f 2988/1061/2060 2991/1065/2060 2992/1064/2060 2989/1060/2060
f 2989/1060/2061 2992/1064/2061 2993/1066/2061 2990/1063/2061
f 1745/882/2062 2193/1051/2062 2985/1058/2062 2141/901/2062
f 2141/901/2063 2985/1058/2063 2986/1059/2063 2140/900/2063
f 2140/900/2064 2986/1059/2064 2987/1062/2064 2139/899/2064
f 2139/899/2065 2987/1062/2065 2199/1067/2065 1746/898/2065
f 2987/1062/2066 2990/1063/2066 2200/1068/2066 2199/1067/2066
f 2990/1063/2067 2993/1066/2067 2201/1069/2067 2200/1068/2067
f 2993/1066/2068 2202/1071/2068 1757/1070/2068 2201/1069/2068
f 2992/1064/2069 2203/1072/2069 2202/1071/2069 2993/1066/2069
f 2991/1065/2070 2204/1073/2070 2203/1072/2070 2992/1064/2070
f 2195/1053/2071 1756/1054/2071 2204/1073/2071 2991/1065/2071
f 2194/1052/2072 2195/1053/2072 2991/1065/2072 2988/1061/2072
f 2193/1051/2073 2194/1052/2073 2988/1061/2073 2985/1058/2073
f 2994/1074/2074 2997/1077/2074 2998/1076/2074 2995/1075/2074
f 2995/1075/2075 2998/1076/2075 2999/1079/2075 2996/1078/2075
f 2997/1077/2076 3000/1081/2076 3001/1080/2076 2998/1076/2076
f 2998/1076/2077 3001/1080/2077 3002/1082/2077 2999/1079/2077
f 1746/920/2078 2199/1083/2078 2994/1074/2078 2147/918/2078
f 2147/918/2079 2994/1074/2079 2995/1075/2079 2146/917/2079
f 2146/917/2080 2995/1075/2080 2996/1078/2080 2145/916/2080
f 2145/916/1926 2996/1078/1926 2205/1084/1926 1747/915/1926
f 2996/1078/1925 2999/1079/1925 2206/1085/1925 2205/1084/1925
f 2999/1079/2081 3002/1082/2081 2207/1086/2081 2206/1085/2081
f 3002/1082/2082 2208/1088/2082 1758/1087/2082 2207/1086/2082
f 3001/1080/2083 2209/1089/2083 2208/1088/2083 3002/1082/2083
f 3000/1081/2084 2210/1090/2084 2209/1089/2084 3001/1080/2084
f 2201/1091/2085 1757/1092/2085 2210/1090/2085 3000/1081/2085
f 2200/1093/2086 2201/1091/2086 3000/1081/2086 2997/1077/2086
f 2199/1083/2087 2200/1093/2087 2997/1077/2087 2994/1074/2087
f 3003/1094/2088 3006/1097/2088 3007/1096/2088 3004/1095/2088
f 3004/1095/2089 3007/1096/2089 3008/1099/2089 3005/1098/2089
f 3006/1097/2090 3009/1101/2090 3010/1100/2090 3007/1096/2090
f 3007/1096/2091 3010/1100/2091 3011/1102/2091 3008/1099/2091
f 1748/940/2092 2213/1103/2092 3003/1094/2092 2156/938/2092
f 2156/938/2093 3003/1094/2093 3004/1095/2093 2155/937/2093
f 2155/937/2094 3004/1095/2094 3005/1098/2094 2154/936/2094
f 2154/936/2095 3005/1098/2095 2214/1104/2095 1749/935/2095
f 3005/1098/2096 3008/1099/2096 2215/1105/2096 2214/1104/2096
f 3008/1099/2097 3011/1102/2097 2216/1106/2097 2215/1105/2097
f 3011/1102/2098 2217/1108/2098 1760/1107/2098 2216/1106/2098
f 3010/1100/2099 2218/1109/2099 2217/1108/2099 3011/1102/2099
f 3009/1101/2100 2219/1110/2100 2218/1109/2100 3010/1100/2100
f 2211/1111/2101 1759/1112/2101 2219/1110/2101 3009/1101/2101
f 2212/1113/2102 2211/1111/2102 3009/1101/2102 3006/1097/2102
f 2213/1103/2103 2212/1113/2103 3006/1097/2103 3003/1094/2103
f 3012/1114/2104 3015/1117/2104 3016/1116/2104 3013/1115/2104
f 3013/1115/2105 3016/1116/2105 3017/1119/2105 3014/1118/2105
f 3015/1117/2106 3018/1121/2106 3019/1120/2106 3016/1116/2106
f 3016/1116/2107 3019/1120/2107 3020/1122/2107 3017/1119/2107
f 1749/960/2108 2214/1123/2108 3012/1114/2108 2162/958/2108
f 2162/958/2109 3012/1114/2109 3013/1115/2109 2161/957/2109
f 2161/957/2110 3013/1115/2110 3014/1118/2110 2160/956/2110
f 2160/956/2111 3014/1118/2111 2220/1124/2111 1750/955/2111
f 3014/1118/2112 3017/1119/2112 2221/1125/2112 2220/1124/2112
f 3017/1119/2113 3020/1122/2113 2222/1126/2113 2221/1125/2113
f 3020/1122/2114 2223/1128/2114 1761/1127/2114 2222/1126/2114
f 3019/1120/2115 2224/1129/2115 2223/1128/2115 3020/1122/2115
f 3018/1121/2116 2225/1130/2116 2224/1129/2116 3019/1120/2116
f 2216/1131/2117 1760/1132/2117 2225/1130/2117 3018/1121/2117
f 2215/1133/2118 2216/1131/2118 3018/1121/2118 3015/1117/2118
f 2214/1123/2119 2215/1133/2119 3015/1117/2119 3012/1114/2119
f 3021/1134/2120 3024/1137/2120 3025/1136/2120 3022/1135/2120
f 3022/1135/2121 3025/1136/2121 3026/1139/2121 3023/1138/2121
f 3024/1137/2122 3027/1141/2122 3028/1140/2122 3025/1136/2122
f 3025/1136/2123 3028/1140/2123 3029/1142/2123 3026/1139/2123
f 1750/955/2124 2220/1124/2124 3021/1134/2124 2168/977/2124
f 2168/977/2125 3021/1134/2125 3022/1135/2125 2167/976/2125
f 2167/976/2126 3022/1135/2126 3023/1138/2126 2166/975/2126
f 2166/975/2127 3023/1138/2127 2226/1143/2127 1751/974/2127
f 3023/1138/2128 3026/1139/2128 2227/1144/2128 2226/1143/2128
f 3026/1139/2129 3029/1142/2129 2228/1145/2129 2227/1144/2129
f 3029/1142/2130 2229/1147/2130 1762/1146/2130 2228/1145/2130
f 3028/1140/2131 2230/1148/2131 2229/1147/2131 3029/1142/2131
f 3027/1141/2132 2231/1149/2132 2230/1148/2132 3028/1140/2132
f 2222/1126/2133 1761/1127/2133 2231/1149/2133 3027/1141/2133
f 2221/1125/2134 2222/1126/2134 3027/1141/2134 3024/1137/2134
f 2220/1124/2135 2221/1125/2135 3024/1137/2135 3021/1134/2135
f 3030/1150/2136 3033/1153/2136 3034/1152/2136 3031/1151/2136
f 3031/1151/2137 3034/1152/2137 3035/1155/2137 3032/1154/2137
f 3033/1153/2138 3036/1157/2138 3037/1156/2138 3034/1152/2138
f 3034/1152/2139 3037/1156/2139 3038/1158/2139 3035/1155/2139
f 1751/974/2140 2226/1143/2140 3030/1150/2140 2174/993/2140
f 2174/993/2141 3030/1150/2141 3031/1151/2141 2173/992/2141
f 2173/992/2142 3031/1151/2142 3032/1154/2142 2172/991/2142
f 2172/991/2143 3032/1154/2143 2232/1159/2143 1752/990/2143
f 3032/1154/2144 3035/1155/2144 2233/1160/2144 2232/1159/2144
f 3035/1155/2145 3038/1158/2145 2234/1161/2145 2233/1160/2145
f 3038/1158/2146 2235/1163/2146 1763/1162/2146 2234/1161/2146
f 3037/1156/2147 2236/1164/2147 2235/1163/2147 3038/1158/2147
f 3036/1157/2148 2237/1165/2148 2236/1164/2148 3037/1156/2148
f 2228/1145/2149 1762/1146/2149 2237/1165/2149 3036/1157/2149
f 2227/1144/2150 2228/1145/2150 3036/1157/2150 3033/1153/2150
f 2226/1143/2151 2227/1144/2151 3033/1153/2151 3030/1150/2151
f 3039/1166/2152 3042/1169/2152 3043/1168/2152 3040/1167/2152
f 3040/1167/2153 3043/1168/2153 3044/1171/2153 3041/1170/2153
f 3042/1169/2154 3045/1173/2154 3046/1172/2154 3043/1168/2154
f 3043/1168/2155 3046/1172/2155 3047/1174/2155 3044/1171/2155
f 1752/990/2156 2232/1159/2156 3039/1166/2156 2180/1009/2156
f 2180/1009/2157 3039/1166/2157 3040/1167/2157 2179/1008/2157
f 2179/1008/2158 3040/1167/2158 3041/1170/2158 2178/1007/2158
f 2178/1007/2159 3041/1170/2159 2238/1175/2159 1753/1006/2159
f 3041/1170/2160 3044/1171/2160 2239/1176/2160 2238/1175/2160
f 3044/1171/2161 3047/1174/2161 2240/1177/2161 2239/1176/2161
f 3047/1174/2162 2241/1179/2162 1764/1178/2162 2240/1177/2162
f 3046/1172/2163 2242/1180/2163 2241/1179/2163 3047/1174/2163
f 3045/1173/2164 2243/1181/2164 2242/1180/2164 3046/1172/2164
f 2234/1161/2165 1763/1162/2165 2243/1181/2165 3045/1173/2165
f 2233/1160/2166 2234/1161/2166 3045/1173/2166 3042/1169/2166
f 2232/1159/2167 2233/1160/2167 3042/1169/2167 3039/1166/2167
f 3048/1182/2168 3051/1185/2168 3052/1184/2168 3049/1183/2168
f 3049/1183/2169 3052/1184/2169 3053/1187/2169 3050/1186/2169
f 3051/1185/2170 3054/1189/2170 3055/1188/2170 3052/1184/2170
f 3052/1184/2171 3055/1188/2171 3056/1190/2171 3053/1187/2171
f 1753/1006/2172 2238/1175/2172 3048/1182/2172 2186/1025/2172
f 2186/1025/2173 3048/1182/2173 3049/1183/2173 2185/1024/2173
f 2185/1024/2174 3049/1183/2174 3050/1186/2174 2184/1023/2174
f 2184/1023/2175 3050/1186/2175 2244/1191/2175 1754/1022/2175
f 3050/1186/2176 3053/1187/2176 2245/1192/2176 2244/1191/2176
f 3053/1187/2177 3056/1190/2177 2246/1193/2177 2245/1192/2177
f 3056/1190/2178 2247/1195/2178 1765/1194/2178 2246/1193/2178
f 3055/1188/2179 2248/1196/2179 2247/1195/2179 3056/1190/2179
f 3054/1189/2180 2249/1197/2180 2248/1196/2180 3055/1188/2180
f 2240/1177/2181 1764/1178/2181 2249/1197/2181 3054/1189/2181
f 2239/1176/2182 2240/1177/2182 3054/1189/2182 3051/1185/2182
f 2238/1175/2183 2239/1176/2183 3051/1185/2183 3048/1182/2183
f 3057/1198/2184 3060/1201/2184 3061/1200/2184 3058/1199/2184
f 3058/1199/2185 3061/1200/2185 3062/1203/2185 3059/1202/2185
f 3060/1201/2186 3063/1205/2186 3064/1204/2186 3061/1200/2186
f 3061/1200/2187 3064/1204/2187 3065/1206/2187 3062/1203/2187
f 1754/1022/2188 2244/1191/2188 3057/1198/2188 2192/1041/2188
f 2192/1041/2189 3057/1198/2189 3058/1199/2189 2191/1040/2189
f 2191/1040/2190 3058/1199/2190 3059/1202/2190 2190/1039/2190
f 2190/1039/2191 3059/1202/2191 2250/1207/2191 1755/1038/2191
f 3059/1202/2192 3062/1203/2192 2251/1208/2192 2250/1207/2192
f 3062/1203/2193 3065/1206/2193 2252/1209/2193 2251/1208/2193
f 3065/1206/2194 2253/1211/2194 1766/1210/2194 2252/1209/2194
f 3064/1204/2195 2254/1212/2195 2253/1211/2195 3065/1206/2195
f 3063/1205/2196 2255/1213/2196 2254/1212/2196 3064/1204/2196
f 2246/1193/2197 1765/1194/2197 2255/1213/2197 3063/1205/2197
f 2245/1192/2198 2246/1193/2198 3063/1205/2198 3060/1201/2198
f 2244/1191/2199 2245/1192/2199 3060/1201/2199 3057/1198/2199
f 3066/1214/2200 3069/1217/2200 3070/1216/2200 3067/1215/2200
f 3067/1215/2201 3070/1216/2201 3071/1219/2201 3068/1218/2201
f 3069/1217/2202 3072/1221/2202 3073/1220/2202 3070/1216/2202
f 3070/1216/2203 3073/1220/2203 3074/1222/2203 3071/1219/2203
f 1755/1038/2204 2250/1207/2204 3066/1214/2204 2198/1057/2204
f 2198/1057/2205 3066/1214/2205 3067/1215/2205 2197/1056/2205
f 2197/1056/2206 3067/1215/2206 3068/1218/2206 2196/1055/2206
f 2196/1055/2207 3068/1218/2207 2256/1223/2207 1756/1054/2207
f 3068/1218/2208 3071/1219/2208 2257/1224/2208 2256/1223/2208
f 3071/1219/2209 3074/1222/2209 2258/1225/2209 2257/1224/2209
f 3074/1222/2210 2259/1227/2210 1767/1226/2210 2258/1225/2210
f 3073/1220/2211 2260/1228/2211 2259/1227/2211 3074/1222/2211
f 3072/1221/2212 2261/1229/2212 2260/1228/2212 3073/1220/2212
f 2252/1209/2213 1766/1210/2213 2261/1229/2213 3072/1221/2213
f 2251/1208/2214 2252/1209/2214 3072/1221/2214 3069/1217/2214
f 2250/1207/2215 2251/1208/2215 3069/1217/2215 3066/1214/2215
f 3075/1230/2216 3078/1233/2216 3079/1232/2216 3076/1231/2216
f 3076/1231/2217 3079/1232/2217 3080/1235/2217 3077/1234/2217
f 3078/1233/2218 3081/1237/2218 3082/1236/2218 3079/1232/2218
f 3079/1232/2219 3082/1236/2219 3083/1238/2219 3080/1235/2219
f 1756/1054/2220 2256/1223/2220 3075/1230/2220 2204/1073/2220
f 2204/1073/2221 3075/1230/2221 3076/1231/2221 2203/1072/2221
f 2203/1072/2222 3076/1231/2222 3077/1234/2222 2202/1071/2222
f 2202/1071/2223 3077/1234/2223 2262/1239/2223 1757/1070/2223
f 3077/1234/2224 3080/1235/2224 2263/1240/2224 2262/1239/2224
f 3080/1235/2225 3083/1238/2225 2264/1241/2225 2263/1240/2225
f 3083/1238/2226 2265/1243/2226 1768/1242/2226 2264/1241/2226
f 3082/1236/2227 2266/1244/2227 2265/1243/2227 3083/1238/2227
f 3081/1237/2228 2267/1245/2228 2266/1244/2228 3082/1236/2228
f 2258/1225/2229 1767/1226/2229 2267/1245/2229 3081/1237/2229
f 2257/1224/2230 2258/1225/2230 3081/1237/2230 3078/1233/2230
f 2256/1223/2231 2257/1224/2231 3078/1233/2231 3075/1230/2231
f 3084/1246/2232 3087/1249/2232 3088/1248/2232 3085/1247/2232
f 3085/1247/2233 3088/1248/2233 3089/1251/2233 3086/1250/2233
f 3087/1249/2234 3090/1253/2234 3091/1252/2234 3088/1248/2234
f 3088/1248/2235 3091/1252/2235 3092/1254/2235 3089/1251/2235
f 1757/1092/2236 2262/1255/2236 3084/1246/2236 2210/1090/2236
f 2210/1090/2237 3084/1246/2237 3085/1247/2237 2209/1089/2237
f 2209/1089/2238 3085/1247/2238 3086/1250/2238 2208/1088/2238
f 2208/1088/2239 3086/1250/2239 2268/1256/2239 1758/1087/2239
f 3086/1250/2240 3089/1251/2240 2269/1257/2240 2268/1256/2240
f 3089/1251/2241 3092/1254/2241 2270/1258/2241 2269/1257/2241
f 3092/1254/2242 2271/1260/2242 1769/1259/2242 2270/1258/2242
f 3091/1252/2243 2272/1261/2243 2271/1260/2243 3092/1254/2243
f 3090/1253/2244 2273/1262/2244 2272/1261/2244 3091/1252/2244
f 2264/1263/2245 1768/1264/2245 2273/1262/2245 3090/1253/2245
f 2263/1265/2246 2264/1263/2246 3090/1253/2246 3087/1249/2246
f 2262/1255/2247 2263/1265/2247 3087/1249/2247 3084/1246/2247
f 3093/1266/2248 3096/1269/2248 3097/1268/2248 3094/1267/2248
f 3094/1267/2249 3097/1268/2249 3098/1271/2249 3095/1270/2249
f 3096/1269/2250 3099/1273/2250 3100/1272/2250 3097/1268/2250
f 3097/1268/2251 3100/1272/2251 3101/1274/2251 3098/1271/2251
f 1759/1112/1293 2276/1275/1293 3093/1266/1293 2219/1110/1293
f 2219/1110/2252 3093/1266/2252 3094/1267/2252 2218/1109/2252
f 2218/1109/2253 3094/1267/2253 3095/1270/2253 2217/1108/2253
f 2217/1108/2254 3095/1270/2254 2277/1276/2254 1760/1107/2254
f 3095/1270/2255 3098/1271/2255 2278/1277/2255 2277/1276/2255
f 3098/1271/2256 3101/1274/2256 2279/1278/2256 2278/1277/2256
f 3101/1274/2257 2280/1280/2257 1771/1279/2257 2279/1278/2257
f 3100/1272/1282 2281/1281/1282 2280/1280/1282 3101/1274/1282
f 3099/1273/1282 2282/1282/1282 2281/1281/1282 3100/1272/1282
f 2274/1283/1282 1770/1284/1282 2282/1282/1282 3099/1273/1282
f 2275/1285/1282 2274/1283/1282 3099/1273/1282 3096/1269/1282
f 2276/1275/1282 2275/1285/1282 3096/1269/1282 3093/1266/1282
f 3102/1286/2258 3105/1289/2258 3106/1288/2258 3103/1287/2258
f 3103/1287/2259 3106/1288/2259 3107/1291/2259 3104/1290/2259
f 3105/1289/2260 3108/1293/2260 3109/1292/2260 3106/1288/2260
f 3106/1288/2261 3109/1292/2261 3110/1294/2261 3107/1291/2261
f 1760/1132/2262 2277/1295/2262 3102/1286/2262 2225/1130/2262
f 2225/1130/2263 3102/1286/2263 3103/1287/2263 2224/1129/2263
f 2224/1129/2264 3103/1287/2264 3104/1290/2264 2223/1128/2264
f 2223/1128/2265 3104/1290/2265 2283/1296/2265 1761/1127/2265
f 3104/1290/2266 3107/1291/2266 2284/1297/2266 2283/1296/2266
f 3107/1291/2267 3110/1294/2267 2285/1298/2267 2284/1297/2267
f 3110/1294/2268 2286/1300/2268 1772/1299/2268 2285/1298/2268
f 3109/1292/2269 2287/1301/2269 2286/1300/2269 3110/1294/2269
f 3108/1293/2270 2288/1302/2270 2287/1301/2270 3109/1292/2270
f 2279/1303/2271 1771/1304/2271 2288/1302/2271 3108/1293/2271
f 2278/1305/2272 2279/1303/2272 3108/1293/2272 3105/1289/2272
f 2277/1295/2273 2278/1305/2273 3105/1289/2273 3102/1286/2273
f 3111/1306/2274 3114/1309/2274 3115/1308/2274 3112/1307/2274
f 3112/1307/2275 3115/1308/2275 3116/1311/2275 3113/1310/2275
f 3114/1309/2276 3117/1313/2276 3118/1312/2276 3115/1308/2276
f 3115/1308/2277 3118/1312/2277 3119/1314/2277 3116/1311/2277
f 1761/1127/2278 2283/1296/2278 3111/1306/2278 2231/1149/2278
f 2231/1149/2279 3111/1306/2279 3112/1307/2279 2230/1148/2279
f 2230/1148/2280 3112/1307/2280 3113/1310/2280 2229/1147/2280
f 2229/1147/2281 3113/1310/2281 2289/1315/2281 1762/1146/2281
f 3113/1310/2282 3116/1311/2282 2290/1316/2282 2289/1315/2282
f 3116/1311/2283 3119/1314/2283 2291/1317/2283 2290/1316/2283
f 3119/1314/2284 2292/1319/2284 1773/1318/2284 2291/1317/2284
f 3118/1312/2285 2293/1320/2285 2292/1319/2285 3119/1314/2285
f 3117/1313/2286 2294/1321/2286 2293/1320/2286 3118/1312/2286
f 2285/1298/2287 1772/1299/2287 2294/1321/2287 3117/1313/2287
f 2284/1297/2288 2285/1298/2288 3117/1313/2288 3114/1309/2288
f 2283/1296/2289 2284/1297/2289 3114/1309/2289 3111/1306/2289
f 3120/1322/2290 3123/1325/2290 3124/1324/2290 3121/1323/2290
f 3121/1323/2291 3124/1324/2291 3125/1327/2291 3122/1326/2291
f 3123/1325/2292 3126/1329/2292 3127/1328/2292 3124/1324/2292
f 3124/1324/2293 3127/1328/2293 3128/1330/2293 3125/1327/2293
f 1762/1146/2294 2289/1315/2294 3120/1322/2294 2237/1165/2294
f 2237/1165/2295 3120/1322/2295 3121/1323/2295 2236/1164/2295
f 2236/1164/2296 3121/1323/2296 3122/1326/2296 2235/1163/2296
f 2235/1163/2297 3122/1326/2297 2295/1331/2297 1763/1162/2297
f 3122/1326/2298 3125/1327/2298 2296/1332/2298 2295/1331/2298
f 3125/1327/2299 3128/1330/2299 2297/1333/2299 2296/1332/2299
f 3128/1330/2300 2298/1335/2300 1774/1334/2300 2297/1333/2300
f 3127/1328/2301 2299/1336/2301 2298/1335/2301 3128/1330/2301
f 3126/1329/2302 2300/1337/2302 2299/1336/2302 3127/1328/2302
f 2291/1317/2303 1773/1318/2303 2300/1337/2303 3126/1329/2303
f 2290/1316/2304 2291/1317/2304 3126/1329/2304 3123/1325/2304
f 2289/1315/2305 2290/1316/2305 3123/1325/2305 3120/1322/2305
f 3129/1338/2306 3132/1341/2306 3133/1340/2306 3130/1339/2306
f 3130/1339/2307 3133/1340/2307 3134/1343/2307 3131/1342/2307
f 3132/1341/2308 3135/1345/2308 3136/1344/2308 3133/1340/2308
f 3133/1340/2309 3136/1344/2309 3137/1346/2309 3134/1343/2309
f 1763/1162/2310 2295/1331/2310 3129/1338/2310 2243/1181/2310
f 2243/1181/2311 3129/1338/2311 3130/1339/2311 2242/1180/2311
f 2242/1180/2312 3130/1339/2312 3131/1342/2312 2241/1179/2312
f 2241/1179/2313 3131/1342/2313 2301/1347/2313 1764/1178/2313
f 3131/1342/2314 3134/1343/2314 2302/1348/2314 2301/1347/2314
f 3134/1343/2315 3137/1346/2315 2303/1349/2315 2302/1348/2315
f 3137/1346/2316 2304/1351/2316 1775/1350/2316 2303/1349/2316
f 3136/1344/2317 2305/1352/2317 2304/1351/2317 3137/1346/2317
f 3135/1345/2318 2306/1353/2318 2305/1352/2318 3136/1344/2318
f 2297/1333/2319 1774/1334/2319 2306/1353/2319 3135/1345/2319
f 2296/1332/2320 2297/1333/2320 3135/1345/2320 3132/1341/2320
f 2295/1331/2321 2296/1332/2321 3132/1341/2321 3129/1338/2321
f 3138/1354/2322 3141/1357/2322 3142/1356/2322 3139/1355/2322
f 3139/1355/2323 3142/1356/2323 3143/1359/2323 3140/1358/2323
f 3141/1357/2324 3144/1361/2324 3145/1360/2324 3142/1356/2324
f 3142/1356/2325 3145/1360/2325 3146/1362/2325 3143/1359/2325
f 1764/1178/2326 2301/1347/2326 3138/1354/2326 2249/1197/2326
f 2249/1197/2327 3138/1354/2327 3139/1355/2327 2248/1196/2327
f 2248/1196/2328 3139/1355/2328 3140/1358/2328 2247/1195/2328
f 2247/1195/2329 3140/1358/2329 2307/1363/2329 1765/1194/2329
f 3140/1358/2330 3143/1359/2330 2308/1364/2330 2307/1363/2330
f 3143/1359/2331 3146/1362/2331 2309/1365/2331 2308/1364/2331
f 3146/1362/2332 2310/1367/2332 1776/1366/2332 2309/1365/2332
f 3145/1360/2333 2311/1368/2333 2310/1367/2333 3146/1362/2333
f 3144/1361/2334 2312/1369/2334 2311/1368/2334 3145/1360/2334
f 2303/1349/2335 1775/1350/2335 2312/1369/2335 3144/1361/2335
f 2302/1348/2336 2303/1349/2336 3144/1361/2336 3141/1357/2336
f 2301/1347/2337 2302/1348/2337 3141/1357/2337 3138/1354/2337
f 3147/1370/2338 3150/1373/2338 3151/1372/2338 3148/1371/2338
f 3148/1371/2339 3151/1372/2339 3152/1375/2339 3149/1374/2339
f 3150/1373/2340 3153/1377/2340 3154/1376/2340 3151/1372/2340
f 3151/1372/2341 3154/1376/2341 3155/1378/2341 3152/1375/2341
f 1765/1194/2342 2307/1363/2342 3147/1370/2342 2255/1213/2342
f 2255/1213/2343 3147/1370/2343 3148/1371/2343 2254/1212/2343
f 2254/1212/2344 3148/1371/2344 3149/1374/2344 2253/1211/2344
f 2253/1211/2345 3149/1374/2345 2313/1379/2345 1766/1210/2345
f 3149/1374/2346 3152/1375/2346 2314/1380/2346 2313/1379/2346
f 3152/1375/2347 3155/1378/2347 2315/1381/2347 2314/1380/2347
f 3155/1378/2348 2316/1383/2348 1777/1382/2348 2315/1381/2348
f 3154/1376/2349 2317/1384/2349 2316/1383/2349 3155/1378/2349
f 3153/1377/2350 2318/1385/2350 2317/1384/2350 3154/1376/2350
f 2309/1365/2351 1776/1366/2351 2318/1385/2351 3153/1377/2351
f 2308/1364/2352 2309/1365/2352 3153/1377/2352 3150/1373/2352
f 2307/1363/2353 2308/1364/2353 3150/1373/2353 3147/1370/2353
f 3156/1386/2354 3159/1389/2354 3160/1388/2354 3157/1387/2354
f 3157/1387/2355 3160/1388/2355 3161/1391/2355 3158/1390/2355
f 3159/1389/2356 3162/1393/2356 3163/1392/2356 3160/1388/2356
f 3160/1388/2357 3163/1392/2357 3164/1394/2357 3161/1391/2357
f 1766/1210/2358 2313/1379/2358 3156/1386/2358 2261/1229/2358
f 2261/1229/2359 3156/1386/2359 3157/1387/2359 2260/1228/2359
f 2260/1228/2360 3157/1387/2360 3158/1390/2360 2259/1227/2360
f 2259/1227/2361 3158/1390/2361 2319/1395/2361 1767/1226/2361
f 3158/1390/2362 3161/1391/2362 2320/1396/2362 2319/1395/2362
f 3161/1391/2363 3164/1394/2363 2321/1397/2363 2320/1396/2363
f 3164/1394/2364 2322/1399/2364 1778/1398/2364 2321/1397/2364
f 3163/1392/2365 2323/1400/2365 2322/1399/2365 3164/1394/2365
f 3162/1393/2366 2324/1401/2366 2323/1400/2366 3163/1392/2366
f 2315/1381/2367 1777/1382/2367 2324/1401/2367 3162/1393/2367
f 2314/1380/2368 2315/1381/2368 3162/1393/2368 3159/1389/2368
f 2313/1379/2369 2314/1380/2369 3159/1389/2369 3156/1386/2369
f 3165/1402/2370 3168/1405/2370 3169/1404/2370 3166/1403/2370
f 3166/1403/2371 3169/1404/2371 3170/1407/2371 3167/1406/2371
f 3168/1405/2372 3171/1409/2372 3172/1408/2372 3169/1404/2372
f 3169/1404/2373 3172/1408/2373 3173/1410/2373 3170/1407/2373
f 1767/1226/2374 2319/1395/2374 3165/1402/2374 2267/1245/2374
f 2267/1245/2375 3165/1402/2375 3166/1403/2375 2266/1244/2375
f 2266/1244/2376 3166/1403/2376 3167/1406/2376 2265/1243/2376
f 2265/1243/2377 3167/1406/2377 2325/1411/2377 1768/1242/2377
f 3167/1406/2378 3170/1407/2378 2326/1412/2378 2325/1411/2378
f 3170/1407/2379 3173/1410/2379 2327/1413/2379 2326/1412/2379
f 3173/1410/2380 2328/1415/2380 1779/1414/2380 2327/1413/2380
f 3172/1408/2381 2329/1416/2381 2328/1415/2381 3173/1410/2381
f 3171/1409/2382 2330/1417/2382 2329/1416/2382 3172/1408/2382
f 2321/1397/2383 1778/1398/2383 2330/1417/2383 3171/1409/2383
f 2320/1396/2384 2321/1397/2384 3171/1409/2384 3168/1405/2384
f 2319/1395/2385 2320/1396/2385 3168/1405/2385 3165/1402/2385
f 3174/1418/2386 3177/1421/2386 3178/1420/2386 3175/1419/2386
f 3175/1419/2387 3178/1420/2387 3179/1423/2387 3176/1422/2387
f 3177/1421/2388 3180/1425/2388 3181/1424/2388 3178/1420/2388
f 3178/1420/2389 3181/1424/2389 3182/1426/2389 3179/1423/2389
f 1768/1264/2390 2325/1427/2390 3174/1418/2390 2273/1262/2390
f 2273/1262/2391 3174/1418/2391 3175/1419/2391 2272/1261/2391
f 2272/1261/2392 3175/1419/2392 3176/1422/2392 2271/1260/2392
f 2271/1260/1360 3176/1422/1360 2331/1428/1360 1769/1259/1360
f 3176/1422/1282 3179/1423/1282 2332/1429/1282 2331/1428/1282
f 3179/1423/1282 3182/1426/1282 2333/1430/1282 2332/1429/1282
f 3182/1426/1282 2334/1432/1282 1780/1431/1282 2333/1430/1282
f 3181/1424/1282 2335/1433/1282 2334/1432/1282 3182/1426/1282
f 3180/1425/1282 2336/1434/1282 2335/1433/1282 3181/1424/1282
f 2327/1435/2257 1779/1436/2257 2336/1434/2257 3180/1425/2257
f 2326/1437/2393 2327/1435/2393 3180/1425/2393 3177/1421/2393
f 2325/1427/2394 2326/1437/2394 3177/1421/2394 3174/1418/2394
f 3183/1438/1282 3186/1441/1282 3187/1440/1282 3184/1439/1282
f 3184/1439/1282 3187/1440/1282 3188/1443/1282 3185/1442/1282
f 3186/1441/1282 3189/1445/1282 3190/1444/1282 3187/1440/1282
f 3187/1440/1282 3190/1444/1282 3191/1446/1282 3188/1443/1282
f 1770/1284/1282 2339/1447/1282 3183/1438/1282 2282/1282/1282
f 2282/1282/1282 3183/1438/1282 3184/1439/1282 2281/1281/1282
f 2281/1281/1282 3184/1439/1282 3185/1442/1282 2280/1280/1282
f 2280/1280/1282 3185/1442/1282 2340/1448/1282 1771/1279/1282
f 3185/1442/1282 3188/1443/1282 2341/1449/1282 2340/1448/1282
f 3188/1443/1282 3191/1446/1282 2342/1450/1282 2341/1449/1282
f 3191/1446/1282 2343/1452/1282 1782/1451/1282 2342/1450/1282
f 3190/1444/1282 2344/1453/1282 2343/1452/1282 3191/1446/1282
f 3189/1445/1282 2345/1454/1282 2344/1453/1282 3190/1444/1282
f 2337/1455/1282 1781/1456/1282 2345/1454/1282 3189/1445/1282
f 2338/1457/1282 2337/1455/1282 3189/1445/1282 3186/1441/1282
f 2339/1447/1282 2338/1457/1282 3186/1441/1282 3183/1438/1282
f 3192/1458/2395 3195/1461/2395 3196/1460/2395 3193/1459/2395
f 3193/1459/2396 3196/1460/2396 3197/1463/2396 3194/1462/2396
f 3195/1461/2397 3198/1465/2397 3199/1464/2397 3196/1460/2397
f 3196/1460/2398 3199/1464/2398 3200/1466/2398 3197/1463/2398
f 1771/1304/2399 2340/1467/2399 3192/1458/2399 2288/1302/2399
f 2288/1302/2400 3192/1458/2400 3193/1459/2400 2287/1301/2400
f 2287/1301/2401 3193/1459/2401 3194/1462/2401 2286/1300/2401
f 2286/1300/2402 3194/1462/2402 2346/1468/2402 1772/1299/2402
f 3194/1462/2403 3197/1463/2403 2347/1469/2403 2346/1468/2403
f 3197/1463/2404 3200/1466/2404 2348/1470/2404 2347/1469/2404
f 3200/1466/2405 2349/1472/2405 1783/1471/2405 2348/1470/2405
f 3199/1464/2250 2350/1473/2250 2349/1472/2250 3200/1466/2250
f 3198/1465/1282 2351/1474/1282 2350/1473/1282 3199/1464/1282
f 2342/1475/1282 1782/1476/1282 2351/1474/1282 3198/1465/1282
f 2341/1477/1282 2342/1475/1282 3198/1465/1282 3195/1461/1282
f 2340/1467/2250 2341/1477/2250 3195/1461/2250 3192/1458/2250
f 3201/1478/2406 3204/1481/2406 3205/1480/2406 3202/1479/2406
f 3202/1479/2407 3205/1480/2407 3206/1483/2407 3203/1482/2407
f 3204/1481/2408 3207/1485/2408 3208/1484/2408 3205/1480/2408
f 3205/1480/2409 3208/1484/2409 3209/1486/2409 3206/1483/2409
f 1772/1299/2410 2346/1468/2410 3201/1478/2410 2294/1321/2410
f 2294/1321/2411 3201/1478/2411 3202/1479/2411 2293/1320/2411
f 2293/1320/2412 3202/1479/2412 3203/1482/2412 2292/1319/2412
f 2292/1319/2413 3203/1482/2413 2352/1487/2413 1773/1318/2413
f 3203/1482/2414 3206/1483/2414 2353/1488/2414 2352/1487/2414
f 3206/1483/2415 3209/1486/2415 2354/1489/2415 2353/1488/2415
f 3209/1486/2416 2355/1491/2416 1784/1490/2416 2354/1489/2416
f 3208/1484/2417 2356/1492/2417 2355/1491/2417 3209/1486/2417
f 3207/1485/2418 2357/1493/2418 2356/1492/2418 3208/1484/2418
f 2348/1470/2419 1783/1471/2419 2357/1493/2419 3207/1485/2419
f 2347/1469/2420 2348/1470/2420 3207/1485/2420 3204/1481/2420
f 2346/1468/2421 2347/1469/2421 3204/1481/2421 3201/1478/2421
f 3210/1494/2422 3213/1497/2422 3214/1496/2422 3211/1495/2422
f 3211/1495/2423 3214/1496/2423 3215/1499/2423 3212/1498/2423
f 3213/1497/2424 3216/1501/2424 3217/1500/2424 3214/1496/2424
f 3214/1496/2425 3217/1500/2425 3218/1502/2425 3215/1499/2425
f 1773/1318/2426 2352/1487/2426 3210/1494/2426 2300/1337/2426
f 2300/1337/2427 3210/1494/2427 3211/1495/2427 2299/1336/2427
f 2299/1336/2428 3211/1495/2428 3212/1498/2428 2298/1335/2428
f 2298/1335/2429 3212/1498/2429 2358/1503/2429 1774/1334/2429
f 3212/1498/2430 3215/1499/2430 2359/1504/2430 2358/1503/2430
f 3215/1499/2431 3218/1502/2431 2360/1505/2431 2359/1504/2431
f 3218/1502/2432 2361/1507/2432 1785/1506/2432 2360/1505/2432
f 3217/1500/2433 2362/1508/2433 2361/1507/2433 3218/1502/2433
f 3216/1501/2434 2363/1509/2434 2362/1508/2434 3217/1500/2434
f 2354/1489/2435 1784/1490/2435 2363/1509/2435 3216/1501/2435
f 2353/1488/2436 2354/1489/2436 3216/1501/2436 3213/1497/2436
f 2352/1487/2437 2353/1488/2437 3213/1497/2437 3210/1494/2437
f 3219/1510/2438 3222/1513/2438 3223/1512/2438 3220/1511/2438
f 3220/1511/2439 3223/1512/2439 3224/1515/2439 3221/1514/2439
f 3222/1513/2440 3225/1517/2440 3226/1516/2440 3223/1512/2440
f 3223/1512/2441 3226/1516/2441 3227/1518/2441 3224/1515/2441
f 1774/1334/2442 2358/1503/2442 3219/1510/2442 2306/1353/2442
f 2306/1353/2443 3219/1510/2443 3220/1511/2443 2305/1352/2443
f 2305/1352/2444 3220/1511/2444 3221/1514/2444 2304/1351/2444
f 2304/1351/2445 3221/1514/2445 2364/1519/2445 1775/1350/2445
f 3221/1514/2446 3224/1515/2446 2365/1520/2446 2364/1519/2446
f 3224/1515/2447 3227/1518/2447 2366/1521/2447 2365/1520/2447
f 3227/1518/2448 2367/1523/2448 1786/1522/2448 2366/1521/2448
f 3226/1516/2449 2368/1524/2449 2367/1523/2449 3227/1518/2449
f 3225/1517/2450 2369/1525/2450 2368/1524/2450 3226/1516/2450
f 2360/1505/2451 1785/1506/2451 2369/1525/2451 3225/1517/2451
f 2359/1504/2452 2360/1505/2452 3225/1517/2452 3222/1513/2452
f 2358/1503/2453 2359/1504/2453 3222/1513/2453 3219/1510/2453
f 3228/1526/2454 3231/1529/2454 3232/1528/2454 3229/1527/2454
f 3229/1527/2455 3232/1528/2455 3233/1531/2455 3230/1530/2455
f 3231/1529/2456 3234/1533/2456 3235/1532/2456 3232/1528/2456
f 3232/1528/2457 3235/1532/2457 3236/1534/2457 3233/1531/2457
f 1775/1350/2458 2364/1519/2458 3228/1526/2458 2312/1369/2458
f 2312/1369/2459 3228/1526/2459 3229/1527/2459 2311/1368/2459
f 2311/1368/2460 3229/1527/2460 3230/1530/2460 2310/1367/2460
f 2310/1367/2461 3230/1530/2461 2370/1535/2461 1776/1366/2461
f 3230/1530/2462 3233/1531/2462 2371/1536/2462 2370/1535/2462
f 3233/1531/2463 3236/1534/2463 2372/1537/2463 2371/1536/2463
f 3236/1534/2464 2373/1539/2464 1787/1538/2464 2372/1537/2464
f 3235/1532/2465 2374/1540/2465 2373/1539/2465 3236/1534/2465
f 3234/1533/2466 2375/1541/2466 2374/1540/2466 3235/1532/2466
f 2366/1521/2467 1786/1522/2467 2375/1541/2467 3234/1533/2467
f 2365/1520/2468 2366/1521/2468 3234/1533/2468 3231/1529/2468
f 2364/1519/2469 2365/1520/2469 3231/1529/2469 3228/1526/2469
f 3237/1542/2470 3240/1545/2470 3241/1544/2470 3238/1543/2470
f 3238/1543/2471 3241/1544/2471 3242/1547/2471 3239/1546/2471
f 3240/1545/2472 3243/1549/2472 3244/1548/2472 3241/1544/2472
f 3241/1544/2473 3244/1548/2473 3245/1550/2473 3242/1547/2473
f 1776/1366/2474 2370/1535/2474 3237/1542/2474 2318/1385/2474
f 2318/1385/2475 3237/1542/2475 3238/1543/2475 2317/1384/2475
f 2317/1384/2476 3238/1543/2476 3239/1546/2476 2316/1383/2476
f 2316/1383/2477 3239/1546/2477 2376/1551/2477 1777/1382/2477
f 3239/1546/2478 3242/1547/2478 2377/1552/2478 2376/1551/2478
f 3242/1547/2479 3245/1550/2479 2378/1553/2479 2377/1552/2479
f 3245/1550/2480 2379/1555/2480 1788/1554/2480 2378/1553/2480
f 3244/1548/2481 2380/1556/2481 2379/1555/2481 3245/1550/2481
f 3243/1549/2482 2381/1557/2482 2380/1556/2482 3244/1548/2482
f 2372/1537/2483 1787/1538/2483 2381/1557/2483 3243/1549/2483
f 2371/1536/2484 2372/1537/2484 3243/1549/2484 3240/1545/2484
f 2370/1535/2485 2371/1536/2485 3240/1545/2485 3237/1542/2485
f 3246/1558/2486 3249/1561/2486 3250/1560/2486 3247/1559/2486
f 3247/1559/2487 3250/1560/2487 3251/1563/2487 3248/1562/2487
f 3249/1561/2488 3252/1565/2488 3253/1564/2488 3250/1560/2488
f 3250/1560/2489 3253/1564/2489 3254/1566/2489 3251/1563/2489
f 1777/1382/2490 2376/1551/2490 3246/1558/2490 2324/1401/2490
f 2324/1401/2491 3246/1558/2491 3247/1559/2491 2323/1400/2491
f 2323/1400/2492 3247/1559/2492 3248/1562/2492 2322/1399/2492
f 2322/1399/2493 3248/1562/2493 2382/1567/2493 1778/1398/2493
f 3248/1562/2494 3251/1563/2494 2383/1568/2494 2382/1567/2494
f 3251/1563/2495 3254/1566/2495 2384/1569/2495 2383/1568/2495
f 3254/1566/2496 2385/1571/2496 1789/1570/2496 2384/1569/2496
f 3253/1564/2497 2386/1572/2497 2385/1571/2497 3254/1566/2497
f 3252/1565/2498 2387/1573/2498 2386/1572/2498 3253/1564/2498
f 2378/1553/2499 1788/1554/2499 2387/1573/2499 3252/1565/2499
f 2377/1552/2500 2378/1553/2500 3252/1565/2500 3249/1561/2500
f 2376/1551/2501 2377/1552/2501 3249/1561/2501 3246/1558/2501
f 3255/1574/2502 3258/1577/2502 3259/1576/2502 3256/1575/2502
f 3256/1575/2503 3259/1576/2503 3260/1579/2503 3257/1578/2503
f 3258/1577/2504 3261/1581/2504 3262/1580/2504 3259/1576/2504
f 3259/1576/2505 3262/1580/2505 3263/1582/2505 3260/1579/2505
f 1778/1398/2506 2382/1567/2506 3255/1574/2506 2330/1417/2506
f 2330/1417/2507 3255/1574/2507 3256/1575/2507 2329/1416/2507
f 2329/1416/2508 3256/1575/2508 3257/1578/2508 2328/1415/2508
f 2328/1415/2509 3257/1578/2509 2388/1583/2509 1779/1414/2509
f 3257/1578/2389 3260/1579/2389 2389/1584/2389 2388/1583/2389
f 3260/1579/1282 3263/1582/1282 2390/1585/1282 2389/1584/1282
f 3263/1582/1282 2391/1587/1282 1790/1586/1282 2390/1585/1282
f 3262/1580/1282 2392/1588/1282 2391/1587/1282 3263/1582/1282
f 3261/1581/2389 2393/1589/2389 2392/1588/2389 3262/1580/2389
f 2384/1569/2510 1789/1570/2510 2393/1589/2510 3261/1581/2510
f 2383/1568/2511 2384/1569/2511 3261/1581/2511 3258/1577/2511
f 2382/1567/2512 2383/1568/2512 3258/1577/2512 3255/1574/2512
f 3264/1590/1282 3267/1593/1282 3268/1592/1282 3265/1591/1282
f 3265/1591/1282 3268/1592/1282 3269/1595/1282 3266/1594/1282
f 3267/1593/1282 3270/1597/1282 3271/1596/1282 3268/1592/1282
f 3268/1592/1282 3271/1596/1282 3272/1598/1282 3269/1595/1282
f 1779/1436/1282 2388/1599/1282 3264/1590/1282 2336/1434/1282
f 2336/1434/1282 3264/1590/1282 3265/1591/1282 2335/1433/1282
f 2335/1433/1282 3265/1591/1282 3266/1594/1282 2334/1432/1282
f 2334/1432/1282 3266/1594/1282 2394/1600/1282 1780/1431/1282
f 3266/1594/1282 3269/1595/1282 2395/1601/1282 2394/1600/1282
f 3269/1595/1282 3272/1598/1282 2396/1602/1282 2395/1601/1282
f 3272/1598/1282 2397/1604/1282 1791/1603/1282 2396/1602/1282
f 3271/1596/1282 2398/1605/1282 2397/1604/1282 3272/1598/1282
f 3270/1597/1282 2399/1606/1282 2398/1605/1282 3271/1596/1282
f 2390/1607/1282 1790/1608/1282 2399/1606/1282 3270/1597/1282
f 2389/1609/1282 2390/1607/1282 3270/1597/1282 3267/1593/1282
f 2388/1599/1282 2389/1609/1282 3267/1593/1282 3264/1590/1282
f 3273/1610/1282 3276/1613/1282 3277/1612/1282 3274/1611/1282
f 3274/1611/1282 3277/1612/1282 3278/1615/1282 3275/1614/1282
f 3276/1613/1282 3279/1617/1282 3280/1616/1282 3277/1612/1282
f 3277/1612/1282 3280/1616/1282 3281/1618/1282 3278/1615/1282
f 1781/1456/1282 2402/1619/1282 3273/1610/1282 2345/1454/1282
f 2345/1454/1282 3273/1610/1282 3274/1611/1282 2344/1453/1282
f 2344/1453/1282 3274/1611/1282 3275/1614/1282 2343/1452/1282
f 2343/1452/1282 3275/1614/1282 2403/1620/1282 1782/1451/1282
f 3275/1614/1282 3278/1615/1282 2404/1621/1282 2403/1620/1282
f 3278/1615/1282 3281/1618/1282 2405/1622/1282 2404/1621/1282
f 3281/1618/1282 2406/1624/1282 1793/1623/1282 2405/1622/1282
f 3280/1616/1282 2407/1625/1282 2406/1624/1282 3281/1618/1282
f 3279/1617/1282 2408/1626/1282 2407/1625/1282 3280/1616/1282
f 2400/1627/1282 1792/1628/1282 2408/1626/1282 3279/1617/1282
f 2401/1629/1282 2400/1627/1282 3279/1617/1282 3276/1613/1282
f 2402/1619/1282 2401/1629/1282 3276/1613/1282 3273/1610/1282
f 3282/1630/1282 3285/1633/1282 3286/1632/1282 3283/1631/1282
f 3283/1631/1282 3286/1632/1282 3287/1635/1282 3284/1634/1282
f 3285/1633/1282 3288/1637/1282 3289/1636/1282 3286/1632/1282
f 3286/1632/1282 3289/1636/1282 3290/1638/1282 3287/1635/1282
f 1782/1451/1282 2403/1620/1282 3282/1630/1282 2351/1639/1282
f 2351/1639/1282 3282/1630/1282 3283/1631/1282 2350/1640/1282
f 2350/1640/1282 3283/1631/1282 3284/1634/1282 2349/1641/1282
f 2349/1641/1282 3284/1634/1282 2409/1643/1282 1783/1642/1282
f 3284/1634/1282 3287/1635/1282 2410/1644/1282 2409/1643/1282
f 3287/1635/1282 3290/1638/1282 2411/1645/1282 2410/1644/1282
f 3290/1638/1282 2412/1647/1282 1794/1646/1282 2411/1645/1282
f 3289/1636/1282 2413/1648/1282 2412/1647/1282 3290/1638/1282
f 3288/1637/1282 2414/1649/1282 2413/1648/1282 3289/1636/1282
f 2405/1622/1282 1793/1623/1282 2414/1649/1282 3288/1637/1282
f 2404/1621/1282 2405/1622/1282 3288/1637/1282 3285/1633/1282
f 2403/1620/1282 2404/1621/1282 3285/1633/1282 3282/1630/1282
f 3291/1650/2248 3294/1653/2248 3295/1652/2248 3292/1651/2248
f 3292/1651/2249 3295/1652/2249 3296/1655/2249 3293/1654/2249
f 3294/1653/2250 3297/1657/2250 3298/1656/2250 3295/1652/2250
f 3295/1652/2251 3298/1656/2251 3299/1658/2251 3296/1655/2251
f 1783/1642/1293 2409/1643/1293 3291/1650/1293 2357/1659/1293
f 2357/1659/2252 3291/1650/2252 3292/1651/2252 2356/1660/2252
f 2356/1660/2253 3292/1651/2253 3293/1654/2253 2355/1661/2253
f 2355/1661/2254 3293/1654/2254 2415/1663/2254 1784/1662/2254
f 3293/1654/2255 3296/1655/2255 2416/1664/2255 2415/1663/2255
f 3296/1655/2256 3299/1658/2256 2417/1665/2256 2416/1664/2256
f 3299/1658/2257 2418/1667/2257 1795/1666/2257 2417/1665/2257
f 3298/1656/1282 2419/1668/1282 2418/1667/1282 3299/1658/1282
f 3297/1657/1282 2420/1669/1282 2419/1668/1282 3298/1656/1282
f 2411/1645/1282 1794/1646/1282 2420/1669/1282 3297/1657/1282
f 2410/1644/1282 2411/1645/1282 3297/1657/1282 3294/1653/1282
f 2409/1643/1282 2410/1644/1282 3294/1653/1282 3291/1650/1282
f 3300/1670/2513 3303/1673/2513 3304/1672/2513 3301/1671/2513
f 3301/1671/2514 3304/1672/2514 3305/1675/2514 3302/1674/2514
f 3303/1673/2515 3306/1677/2515 3307/1676/2515 3304/1672/2515
f 3304/1672/2516 3307/1676/2516 3308/1678/2516 3305/1675/2516
f 1784/1662/2517 2415/1663/2517 3300/1670/2517 2363/1679/2517
f 2363/1679/2518 3300/1670/2518 3301/1671/2518 2362/1680/2518
f 2362/1680/2519 3301/1671/2519 3302/1674/2519 2361/1681/2519
f 2361/1681/2520 3302/1674/2520 2421/1683/2520 1785/1682/2520
f 3302/1674/2521 3305/1675/2521 2422/1684/2521 2421/1683/2521
f 3305/1675/2522 3308/1678/2522 2423/1685/2522 2422/1684/2522
f 3308/1678/2523 2424/1687/2523 1796/1686/2523 2423/1685/2523
f 3307/1676/2524 2425/1688/2524 2424/1687/2524 3308/1678/2524
f 3306/1677/2525 2426/1689/2525 2425/1688/2525 3307/1676/2525
f 2417/1665/2526 1795/1666/2526 2426/1689/2526 3306/1677/2526
f 2416/1664/2527 2417/1665/2527 3306/1677/2527 3303/1673/2527
f 2415/1663/2528 2416/1664/2528 3303/1673/2528 3300/1670/2528
f 3309/1690/2529 3312/1693/2529 3313/1692/2529 3310/1691/2529
f 3310/1691/2530 3313/1692/2530 3314/1695/2530 3311/1694/2530
f 3312/1693/2531 3315/1697/2531 3316/1696/2531 3313/1692/2531
f 3313/1692/2532 3316/1696/2532 3317/1698/2532 3314/1695/2532
f 1785/1682/2533 2421/1683/2533 3309/1690/2533 2369/1699/2533
f 2369/1699/2534 3309/1690/2534 3310/1691/2534 2368/1700/2534
f 2368/1700/2535 3310/1691/2535 3311/1694/2535 2367/1701/2535
f 2367/1701/2536 3311/1694/2536 2427/1703/2536 1786/1702/2536
f 3311/1694/2537 3314/1695/2537 2428/1704/2537 2427/1703/2537
f 3314/1695/2538 3317/1698/2538 2429/1705/2538 2428/1704/2538
f 3317/1698/2539 2430/1707/2539 1797/1706/2539 2429/1705/2539
f 3316/1696/2540 2431/1708/2540 2430/1707/2540 3317/1698/2540
f 3315/1697/2541 2432/1709/2541 2431/1708/2541 3316/1696/2541
f 2423/1685/2542 1796/1686/2542 2432/1709/2542 3315/1697/2542
f 2422/1684/2543 2423/1685/2543 3315/1697/2543 3312/1693/2543
f 2421/1683/2544 2422/1684/2544 3312/1693/2544 3309/1690/2544
f 3318/1710/2545 3321/1713/2545 3322/1712/2545 3319/1711/2545
f 3319/1711/2546 3322/1712/2546 3323/1715/2546 3320/1714/2546
f 3321/1713/2547 3324/1717/2547 3325/1716/2547 3322/1712/2547
f 3322/1712/2548 3325/1716/2548 3326/1718/2548 3323/1715/2548
f 1786/1702/2549 2427/1703/2549 3318/1710/2549 2375/1719/2549
f 2375/1719/2550 3318/1710/2550 3319/1711/2550 2374/1720/2550
f 2374/1720/2551 3319/1711/2551 3320/1714/2551 2373/1721/2551
f 2373/1721/2552 3320/1714/2552 2433/1723/2552 1787/1722/2552
f 3320/1714/2553 3323/1715/2553 2434/1724/2553 2433/1723/2553
f 3323/1715/2554 3326/1718/2554 2435/1725/2554 2434/1724/2554
f 3326/1718/2555 2436/1727/2555 1798/1726/2555 2435/1725/2555
f 3325/1716/2556 2437/1728/2556 2436/1727/2556 3326/1718/2556
f 3324/1717/2540 2438/1729/2540 2437/1728/2540 3325/1716/2540
f 2429/1705/2539 1797/1706/2539 2438/1729/2539 3324/1717/2539
f 2428/1704/2557 2429/1705/2557 3324/1717/2557 3321/1713/2557
f 2427/1703/2558 2428/1704/2558 3321/1713/2558 3318/1710/2558
f 3327/1730/2559 3330/1733/2559 3331/1732/2559 3328/1731/2559
f 3328/1731/2560 3331/1732/2560 3332/1735/2560 3329/1734/2560
f 3330/1733/2561 3333/1737/2561 3334/1736/2561 3331/1732/2561
f 3331/1732/2562 3334/1736/2562 3335/1738/2562 3332/1735/2562
f 1787/1722/2563 2433/1723/2563 3327/1730/2563 2381/1739/2563
f 2381/1739/2564 3327/1730/2564 3328/1731/2564 2380/1740/2564
f 2380/1740/2565 3328/1731/2565 3329/1734/2565 2379/1741/2565
f 2379/1741/2566 3329/1734/2566 2439/1743/2566 1788/1742/2566
f 3329/1734/2567 3332/1735/2567 2440/1744/2567 2439/1743/2567
f 3332/1735/2568 3335/1738/2568 2441/1745/2568 2440/1744/2568
f 3335/1738/2569 2442/1747/2569 1799/1746/2569 2441/1745/2569
f 3334/1736/2570 2443/1748/2570 2442/1747/2570 3335/1738/2570
f 3333/1737/2571 2444/1749/2571 2443/1748/2571 3334/1736/2571
f 2435/1725/2572 1798/1726/2572 2444/1749/2572 3333/1737/2572
f 2434/1724/2573 2435/1725/2573 3333/1737/2573 3330/1733/2573
f 2433/1723/2574 2434/1724/2574 3330/1733/2574 3327/1730/2574
f 3336/1750/2386 3339/1753/2386 3340/1752/2386 3337/1751/2386
f 3337/1751/2387 3340/1752/2387 3341/1755/2387 3338/1754/2387
f 3339/1753/2388 3342/1757/2388 3343/1756/2388 3340/1752/2388
f 3340/1752/2389 3343/1756/2389 3344/1758/2389 3341/1755/2389
f 1788/1742/2390 2439/1743/2390 3336/1750/2390 2387/1759/2390
f 2387/1759/2391 3336/1750/2391 3337/1751/2391 2386/1760/2391
f 2386/1760/2392 3337/1751/2392 3338/1754/2392 2385/1761/2392
f 2385/1761/1360 3338/1754/1360 2445/1763/1360 1789/1762/1360
f 3338/1754/1282 3341/1755/1282 2446/1764/1282 2445/1763/1282
f 3341/1755/1282 3344/1758/1282 2447/1765/1282 2446/1764/1282
f 3344/1758/1282 2448/1767/1282 1800/1766/1282 2447/1765/1282
f 3343/1756/1282 2449/1768/1282 2448/1767/1282 3344/1758/1282
f 3342/1757/1282 2450/1769/1282 2449/1768/1282 3343/1756/1282
f 2441/1745/2257 1799/1746/2257 2450/1769/2257 3342/1757/2257
f 2440/1744/2393 2441/1745/2393 3342/1757/2393 3339/1753/2393
f 2439/1743/2394 2440/1744/2394 3339/1753/2394 3336/1750/2394
f 3345/1770/1282 3348/1773/1282 3349/1772/1282 3346/1771/1282
f 3346/1771/1282 3349/1772/1282 3350/1775/1282 3347/1774/1282
f 3348/1773/1282 3351/1777/1282 3352/1776/1282 3349/1772/1282
f 3349/1772/1282 3352/1776/1282 3353/1778/1282 3350/1775/1282
f 1789/1762/1282 2445/1763/1282 3345/1770/1282 2393/1779/1282
f 2393/1779/1282 3345/1770/1282 3346/1771/1282 2392/1780/1282
f 2392/1780/1282 3346/1771/1282 3347/1774/1282 2391/1781/1282
f 2391/1781/1282 3347/1774/1282 2451/1782/1282 1790/1608/1282
f 3347/1774/1282 3350/1775/1282 2452/1783/1282 2451/1782/1282
f 3350/1775/1282 3353/1778/1282 2453/1784/1282 2452/1783/1282
f 3353/1778/1282 2454/1786/1282 1801/1785/1282 2453/1784/1282
f 3352/1776/1282 2455/1787/1282 2454/1786/1282 3353/1778/1282
f 3351/1777/1282 2456/1788/1282 2455/1787/1282 3352/1776/1282
f 2447/1765/1282 1800/1766/1282 2456/1788/1282 3351/1777/1282
f 2446/1764/1282 2447/1765/1282 3351/1777/1282 3348/1773/1282
f 2445/1763/1282 2446/1764/1282 3348/1773/1282 3345/1770/1282
f 3354/1789/1282 3357/1792/1282 3358/1791/1282 3355/1790/1282
f 3355/1790/1282 3358/1791/1282 3359/1794/1282 3356/1793/1282
f 3357/1792/1282 3360/1796/1282 3361/1795/1282 3358/1791/1282
f 3358/1791/1282 3361/1795/1282 3362/1797/1282 3359/1794/1282
f 1790/1608/1282 2451/1782/1282 3354/1789/1282 2399/1606/1282
f 2399/1606/1282 3354/1789/1282 3355/1790/1282 2398/1605/1282
f 2398/1605/1282 3355/1790/1282 3356/1793/1282 2397/1604/1282
f 2397/1604/1282 3356/1793/1282 2457/1798/1282 1791/1603/1282
f 3356/1793/1282 3359/1794/1282 2458/1799/1282 2457/1798/1282
f 3359/1794/1282 3362/1797/1282 2459/1800/1282 2458/1799/1282
f 3362/1797/1282 2460/1802/1282 1802/1801/1282 2459/1800/1282
f 3361/1795/1282 2461/1803/1282 2460/1802/1282 3362/1797/1282
f 3360/1796/1282 2462/1804/1282 2461/1803/1282 3361/1795/1282
f 2453/1784/1282 1801/1785/1282 2462/1804/1282 3360/1796/1282
f 2452/1783/1282 2453/1784/1282 3360/1796/1282 3357/1792/1282
f 2451/1782/1282 2452/1783/1282 3357/1792/1282 3354/1789/1282
f 122/23/2575 12/24/2575 1693/24/2575 1803/23/2575
f 123/25/2576 122/23/2576 1803/23/2576 1804/25/2576
f 124/12/2577 123/25/2577 1804/25/2577 1805/12/2577
f 1/10/2578 124/12/2578 1805/12/2578 1682/10/2578
f 125/11/2579 1/10/2579 1682/10/2579 1806/11/2579
f 126/13/2580 125/11/2580 1806/11/2580 1807/13/2580
f 127/14/2581 126/13/2581 1807/13/2581 1808/14/2581
f 2/15/2582 127/14/2582 1808/14/2582 1683/15/2582
f 134/35/2583 2/15/2583 1683/15/2583 1815/35/2583
f 135/36/2583 134/35/2583 1815/35/2583 1816/36/2583
f 136/37/2583 135/36/2583 1816/36/2583 1817/37/2583
f 3/38/2583 136/37/2583 1817/37/2583 1684/38/2583
f 143/55/2583 3/38/2583 1684/38/2583 1824/55/2583
f 144/56/2584 143/55/2584 1824/55/2584 1825/56/2584
f 145/57/2585 144/56/2585 1825/56/2585 1826/57/2585
f 4/58/2586 145/57/2586 1826/57/2586 1685/58/2586
f 152/75/2587 4/58/2587 1685/58/2587 1833/75/2587
f 153/76/2588 152/75/2588 1833/75/2588 1834/76/2588
f 154/77/2589 153/76/2589 1834/76/2589 1835/77/2589
f 5/78/2590 154/77/2590 1835/77/2590 1686/78/2590
f 161/95/2591 5/78/2591 1686/78/2591 1842/95/2591
f 162/96/2592 161/95/2592 1842/95/2592 1843/96/2592
f 163/97/2593 162/96/2593 1843/96/2593 1844/97/2593
f 6/98/2594 163/97/2594 1844/97/2594 1687/98/2594
f 170/115/2595 6/98/2595 1687/98/2595 1851/115/2595
f 171/116/2596 170/115/2596 1851/115/2596 1852/116/2596
f 172/117/2597 171/116/2597 1852/116/2597 1853/117/2597
f 7/118/2598 172/117/2598 1853/117/2598 1688/118/2598
f 179/135/2599 7/118/2599 1688/118/2599 1860/135/2599
f 180/136/2600 179/135/2600 1860/135/2600 1861/136/2600
f 181/137/2601 180/136/2601 1861/136/2601 1862/137/2601
f 8/138/2602 181/137/2602 1862/137/2602 1689/138/2602
f 188/155/2603 8/138/2603 1689/138/2603 1869/155/2603
f 189/156/2604 188/155/2604 1869/155/2604 1870/156/2604
f 190/157/2605 189/156/2605 1870/156/2605 1871/157/2605
f 9/158/2583 190/157/2583 1871/157/2583 1690/158/2583
f 197/175/2583 9/158/2583 1690/158/2583 1878/175/2583
f 198/176/2583 197/175/2583 1878/175/2583 1879/176/2583
f 199/177/2583 198/176/2583 1879/176/2583 1880/177/2583
f 10/178/2583 199/177/2583 1880/177/2583 1691/178/2583
f 206/195/2606 10/178/2606 1691/178/2606 1887/195/2606
f 207/196/2607 206/195/2607 1887/195/2607 1888/196/2607
f 208/197/2608 207/196/2608 1888/196/2608 1889/197/2608
f 11/198/2609 208/197/2609 1889/197/2609 1692/198/2609
f 209/199/2610 11/198/2610 1692/198/2610 1890/199/2610
f 210/200/2611 209/199/2611 1890/199/2611 1891/200/2611
f 211/201/2612 210/200/2612 1891/200/2612 1892/201/2612
f 22/202/2613 211/201/2613 1892/201/2613 1703/202/2613
f 215/223/2614 23/224/2614 1704/224/2614 1896/223/2614
f 216/225/2614 215/223/2614 1896/223/2614 1897/225/2614
f 217/215/2614 216/225/2614 1897/225/2614 1898/215/2614
f 12/24/2614 217/215/2614 1898/215/2614 1693/24/2614
f 272/398/2615 22/202/2615 1703/202/2615 1953/398/2615
f 273/399/2615 272/398/2615 1953/398/2615 1954/399/2615
f 274/400/2615 273/399/2615 1954/399/2615 1955/400/2615
f 33/401/2615 274/400/2615 1955/400/2615 1714/401/2615
f 278/424/2616 34/425/2616 1715/425/2616 1959/424/2616
f 279/426/2617 278/424/2617 1959/424/2617 1960/426/2617
f 280/416/2618 279/426/2618 1960/426/2618 1961/416/2618
f 23/224/2614 280/416/2614 1961/416/2614 1704/224/2614
f 335/569/2615 33/401/2615 1714/401/2615 2016/569/2615
f 336/570/2619 335/569/2619 2016/569/2619 2017/570/2619
f 337/571/2620 336/570/2620 2017/570/2620 2018/571/2620
f 44/572/2621 337/571/2621 2018/571/2621 1725/572/2621
f 341/595/2622 45/596/2622 1726/596/2622 2022/595/2622
f 342/597/2623 341/595/2623 2022/595/2623 2023/597/2623
f 343/587/2624 342/597/2624 2023/597/2624 2024/587/2624
f 34/425/2625 343/587/2625 2024/587/2625 1715/425/2625
f 398/740/2626 44/572/2626 1725/572/2626 2079/740/2626
f 399/741/2627 398/740/2627 2079/740/2627 2080/741/2627
f 400/742/2628 399/741/2628 2080/741/2628 2081/742/2628
f 55/743/2629 400/742/2629 2081/742/2629 1736/743/2629
f 404/767/2630 56/768/2630 1737/768/2630 2085/767/2630
f 405/769/2631 404/767/2631 2085/767/2631 2086/769/2631
f 406/759/2632 405/769/2632 2086/769/2632 2087/759/2632
f 45/596/2633 406/759/2633 2087/759/2633 1726/596/2633
f 461/912/2634 55/743/2634 1736/743/2634 2142/912/2634
f 462/913/2635 461/912/2635 2142/912/2635 2143/913/2635
f 463/914/2636 462/913/2636 2143/913/2636 2144/914/2636
f 66/915/2637 463/914/2637 2144/914/2637 1747/915/2637
f 467/939/2638 67/940/2638 1748/940/2638 2148/939/2638
f 468/941/2639 467/939/2639 2148/939/2639 2149/941/2639
f 469/931/2640 468/941/2640 2149/941/2640 2150/931/2640
f 56/768/2641 469/931/2641 2150/931/2641 1737/768/2641
f 524/1084/2642 66/915/2642 1747/915/2642 2205/1084/2642
f 525/1085/2643 524/1084/2643 2205/1084/2643 2206/1085/2643
f 526/1086/2644 525/1085/2644 2206/1085/2644 2207/1086/2644
f 77/1087/2645 526/1086/2645 2207/1086/2645 1758/1087/2645
f 530/1111/2646 78/1112/2646 1759/1112/2646 2211/1111/2646
f 531/1113/2647 530/1111/2647 2211/1111/2647 2212/1113/2647
f 532/1103/2648 531/1113/2648 2212/1113/2648 2213/1103/2648
f 67/940/2649 532/1103/2649 2213/1103/2649 1748/940/2649
f 587/1256/2650 77/1087/2650 1758/1087/2650 2268/1256/2650
f 588/1257/2651 587/1256/2651 2268/1256/2651 2269/1257/2651
f 589/1258/2652 588/1257/2652 2269/1257/2652 2270/1258/2652
f 88/1259/2653 589/1258/2653 2270/1258/2653 1769/1259/2653
f 593/1283/2614 89/1284/2614 1770/1284/2614 2274/1283/2614
f 594/1285/2654 593/1283/2654 2274/1283/2654 2275/1285/2654
f 595/1275/2655 594/1285/2655 2275/1285/2655 2276/1275/2655
f 78/1112/2656 595/1275/2656 2276/1275/2656 1759/1112/2656
f 650/1428/2657 88/1259/2657 1769/1259/2657 2331/1428/2657
f 651/1429/2658 650/1428/2658 2331/1428/2658 2332/1429/2658
f 652/1430/2659 651/1429/2659 2332/1429/2659 2333/1430/2659
f 99/1431/2615 652/1430/2615 2333/1430/2615 1780/1431/2615
f 656/1455/2614 100/1456/2614 1781/1456/2614 2337/1455/2614
f 657/1457/2614 656/1455/2614 2337/1455/2614 2338/1457/2614
f 658/1447/2614 657/1457/2614 2338/1457/2614 2339/1447/2614
f 89/1284/2614 658/1447/2614 2339/1447/2614 1770/1284/2614
f 713/1600/2615 99/1431/2615 1780/1431/2615 2394/1600/2615
f 714/1601/2615 713/1600/2615 2394/1600/2615 2395/1601/2615
f 715/1602/2615 714/1601/2615 2395/1601/2615 2396/1602/2615
f 110/1603/2615 715/1602/2615 2396/1602/2615 1791/1603/2615
f 719/1627/2660 111/1628/2660 1792/1628/2660 2400/1627/2660
f 720/1629/2661 719/1627/2661 2400/1627/2661 2401/1629/2661
f 721/1619/2662 720/1629/2662 2401/1629/2662 2402/1619/2662
f 100/1456/2663 721/1619/2663 2402/1619/2663 1781/1456/2663
f 725/1624/2664 112/1623/2664 1793/1623/2664 2406/1624/2664
f 726/1625/2665 725/1624/2665 2406/1624/2665 2407/1625/2665
f 727/1626/2666 726/1625/2666 2407/1625/2666 2408/1626/2666
f 111/1628/2667 727/1626/2667 2408/1626/2667 1792/1628/2667
f 731/1647/2668 113/1646/2668 1794/1646/2668 2412/1647/2668
f 732/1648/2668 731/1647/2668 2412/1647/2668 2413/1648/2668
f 733/1649/2668 732/1648/2668 2413/1648/2668 2414/1649/2668
f 112/1623/2668 733/1649/2668 2414/1649/2668 1793/1623/2668
f 737/1667/2669 114/1666/2669 1795/1666/2669 2418/1667/2669
f 738/1668/2670 737/1667/2670 2418/1667/2670 2419/1668/2670
f 739/1669/2671 738/1668/2671 2419/1668/2671 2420/1669/2671
f 113/1646/2668 739/1669/2668 2420/1669/2668 1794/1646/2668
f 743/1687/2672 115/1686/2672 1796/1686/2672 2424/1687/2672
f 744/1688/2673 743/1687/2673 2424/1687/2673 2425/1688/2673
f 745/1689/2674 744/1688/2674 2425/1688/2674 2426/1689/2674
f 114/1666/2675 745/1689/2675 2426/1689/2675 1795/1666/2675
f 749/1707/2676 116/1706/2676 1797/1706/2676 2430/1707/2676
f 750/1708/2677 749/1707/2677 2430/1707/2677 2431/1708/2677
f 751/1709/2678 750/1708/2678 2431/1708/2678 2432/1709/2678
f 115/1686/2679 751/1709/2679 2432/1709/2679 1796/1686/2679
f 755/1727/2680 117/1726/2680 1798/1726/2680 2436/1727/2680
f 756/1728/2681 755/1727/2681 2436/1727/2681 2437/1728/2681
f 757/1729/2682 756/1728/2682 2437/1728/2682 2438/1729/2682
f 116/1706/2683 757/1729/2683 2438/1729/2683 1797/1706/2683
f 761/1747/2684 118/1746/2684 1799/1746/2684 2442/1747/2684
f 762/1748/2685 761/1747/2685 2442/1747/2685 2443/1748/2685
f 763/1749/2686 762/1748/2686 2443/1748/2686 2444/1749/2686
f 117/1726/2687 763/1749/2687 2444/1749/2687 1798/1726/2687
f 767/1767/2668 119/1766/2668 1800/1766/2668 2448/1767/2668
f 768/1768/2688 767/1767/2688 2448/1767/2688 2449/1768/2688
f 769/1769/2689 768/1768/2689 2449/1768/2689 2450/1769/2689
f 118/1746/2690 769/1769/2690 2450/1769/2690 1799/1746/2690
f 773/1786/2668 120/1785/2668 1801/1785/2668 2454/1786/2668
f 774/1787/2668 773/1786/2668 2454/1786/2668 2455/1787/2668
f 775/1788/2668 774/1787/2668 2455/1787/2668 2456/1788/2668
f 119/1766/2668 775/1788/2668 2456/1788/2668 1800/1766/2668
f 776/1798/2691 110/1603/2691 1791/1603/2691 2457/1798/2691
f 777/1799/2692 776/1798/2692 2457/1798/2692 2458/1799/2692
f 778/1800/2693 777/1799/2693 2458/1799/2693 2459/1800/2693
f 121/1801/2694 778/1800/2694 2459/1800/2694 1802/1801/2694
f 779/1802/2695 121/1801/2695 1802/1801/2695 2460/1802/2695
f 780/1803/2696 779/1802/2696 2460/1802/2696 2461/1803/2696
f 781/1804/2697 780/1803/2697 2461/1803/2697 2462/1804/2697
f 120/1785/2698 781/1804/2698 2462/1804/2698 1801/1785/2698
